team,date,opponent,home_away,team_score,opp_score,result,predicted_team_score,predicted_opp_score,off_delta,def_delta,ovr_delta,forfeit,overtime
Affton,2026-08-28,Fox,,4,2,W,3.82,2.4,0.18,0.4,0.58,False,False
Affton,2026-09-01,St. Pius X (Festus),,2,3,L,2.88,2.61,-0.88,-0.39,-1.27,False,False
Affton,2026-09-08,Clayton,,1,5,L,0.5,5.66,0.5,0.66,1.16,False,False
Affton,2026-09-10,Ritenour,,3,1,W,4.26,1.62,-1.26,0.62,-0.64,False,False
Affton,2026-09-14,Bayless,,3,2,W,2.73,3.89,0.27,1.89,2.16,False,False
Affton,2026-09-16,Mehlville,,1,3,L,1.38,4.02,-0.38,1.02,0.64,False,False
Affton,2026-09-22,St. Mary's South Side,,2,7,L,3.2,4.54,-1.2,-2.46,-3.65,False,False
Affton,2026-09-24,Metro,,4,4,T,2.96,4.08,1.04,0.08,1.12,False,False
Affton,2026-09-25,Bishop DuBourg,,7,1,W,5.25,2.06,1.75,1.06,2.81,False,False
Affton,2026-09-26,Lutheran South,,4,5,L,2.85,4.08,1.15,-0.92,0.23,False,False
Affton,2026-09-28,Northwest (Cedar Hill),,0,7,L,1.36,5.76,-1.36,-1.24,-2.6,False,False
Affton,2026-10-06,Fox,,,,,3.82,2.4,,,,False,False
Affton,2026-10-08,Brentwood,,,,,4.05,2.44,,,,False,False
Affton,2026-10-13,John Burroughs,,,,,0.83,6.01,,,,False,False
Affton,2026-10-15,Parkway North,,,,,2.87,3.52,,,,False,False
Affton,2026-10-20,Gateway with Soldan International Studies,,,,,4.73,0.99,,,,False,False
Affton,2026-10-21,Pattonville,,,,,2.27,4.9,,,,False,False
Affton,2026-10-27,Collegiate School of Med-Bio Science with McKinley Classical Leadership,,,,,4.12,2.24,,,,False,False
Affton,2026-10-29,Seckman,,,,,1.72,4.42,,,,False,False
"Althoff Catholic(belleville, IL)",2026-09-04,Orchard Farm,,3,0,W,,,,,,False,False
Alton,2026-09-14,University City,,7,1,W,,,,,,False,False
"Alton Marquette(Alton, IL)",2026-08-29,Orchard Farm,,3,1,W,,,,,,False,False
"Alton(Alton, IL)",2026-09-09,Parkway North,,1,0,W,,,,,,False,False
"Anna Jonesboro(Anna Jonesboro, IL)",2026-10-01,Sikeston,,1,3,L,,,,,,False,False
"Anna-Jonesboro(Anna, IL)",2026-09-17,Saxony Lutheran with St. Vincent,,0,5,L,,,,,,False,False
"Atchison(Atchison, KS)",2026-09-14,Benton,,1,3,L,,,,,,False,False
"Atchison(Atchison, KS)",2026-10-01,Savannah,,1,5,L,,,,,,False,False
Aurora,2026-08-28,Fair Grove,,0,4,L,0.5,5.43,-0.5,1.43,0.93,False,False
Aurora,2026-08-29,Lebanon,,1,3,L,0.58,3.44,0.42,0.44,0.86,False,False
Aurora,2026-08-29,Marshfield,,0,1,L,0.9,2.02,-0.9,1.02,0.12,False,False
Aurora,2026-09-01,Lebanon,,0,3,L,0.58,3.44,-0.58,0.44,-0.14,False,False
Aurora,2026-09-03,Logan-Rogersville,,0,8,L,-2.03,6.16,2.03,-1.84,0.2,False,False
Aurora,2026-09-08,West Plains,,0,7,L,0.63,4.16,-0.63,-2.84,-3.48,False,False
Aurora,2026-09-11,Fair Grove,,1,4,L,0.5,5.43,0.5,1.43,1.93,False,False
Aurora,2026-09-12,Trinity Academy,,0,8,L,,,,,,False,False
Aurora,2026-09-12,Parkview,,0,5,L,0.17,4.01,-0.17,-0.99,-1.16,False,False
Aurora,2026-09-14,Thomas Jefferson Independent Day,,0,1,L,-0.12,2.91,0.12,1.91,2.03,False,False
Aurora,2026-09-15,Cassville,,0,1,L,-0.28,2.57,0.28,1.57,1.85,False,False
Aurora,2026-09-22,McDonald County,,,,,-0.46,4.48,,,,False,False
Aurora,2026-09-24,Parkview,,1,4,L,0.17,4.01,0.83,0.01,0.84,False,False
Aurora,2026-09-25,Greenwood,,0,3,L,-0.17,3.16,0.17,0.16,0.33,False,False
Aurora,2026-09-28,Laquey with Richland,,1,6,L,0.73,2.54,0.27,-3.46,-3.19,False,False
Aurora,2026-09-29,Monett,,0,3,L,-0.6,4.27,0.6,1.27,1.87,False,False
Aurora,2026-10-03,Thomas Jefferson Independent Day,,,,,-0.12,2.91,,,,False,False
Aurora,2026-10-06,Cassville,,,,,-0.28,2.57,,,,False,False
Aurora,2026-10-12,Fair Grove,,,,,0.5,5.43,,,,False,False
Aurora,2026-10-13,McDonald County,,,,,-0.46,4.48,,,,False,False
Aurora,2026-10-15,Marshfield,,,,,0.9,2.02,,,,False,False
Aurora,2026-10-20,Monett,,,,,-0.6,4.27,,,,False,False
Aurora,2026-10-26,Bolivar,,,,,-0.23,3.59,,,,False,False
Aurora,2026-10-27,New Heights Christian with McAuley Catholic,,,,,-0.3,2.37,,,,False,False
"BVSW(Overland Park, KS)",2026-09-01,Blue Springs,,0,1,L,,,,,,False,False
Barstow,2026-08-28,"Bishop Miege(Roeland Park, KS)",,0,3,L,,,,,,False,False
Barstow,2026-09-01,Lutheran (Kansas City),,8,0,W,3.37,-2.34,4.63,-2.34,2.29,False,False
Barstow,2026-09-03,Sacred Heart,,8,0,W,4.67,-1.75,3.33,-1.75,1.59,False,False
Barstow,2026-09-08,Kearney,,5,1,W,3.5,1.59,1.5,0.59,2.09,False,False
Barstow,2026-09-10,Belton,,1,2,L,2.01,1.78,-1.01,-0.22,-1.24,False,False
Barstow,2026-09-12,Smithville,,1,2,L,1.65,0.76,-0.65,-1.24,-1.89,False,False
Barstow,2026-09-16,St. Pius X (Kansas City),,3,1,W,2.56,2.53,0.44,1.53,1.97,False,False
Barstow,2026-09-18,New Covenant Academy,,3,0,W,2.82,0.07,0.18,0.07,0.25,False,False
Barstow,2026-09-22,"KC East(Overland Park, KS)",,2,6,L,,,,,,False,False
Barstow,2026-09-23,"Eudora(Eudora, KS)",,0,1,L,,,,,,False,False
Barstow,2026-09-25,Cristo Rey,,8,0,W,5.49,-1.09,2.51,-1.09,1.42,False,False
Barstow,2026-09-29,Center,,1,0,W,2.85,1.55,-1.85,1.55,-0.3,False,False
Barstow,2026-10-01,Van Horn,,0,8,L,-0.45,4.55,0.45,-3.45,-3.0,False,False
Barstow,2026-10-02,Lone Jack,,2,0,W,3.38,-0.04,-1.38,-0.04,-1.42,False,False
Barstow,2026-10-06,Summit Christian Academy,,,,,1.32,1.79,,,,False,False
Barstow,2026-10-13,"Turner(Kansas City, KS)",,,,,,,,,,False,False
Barstow,2026-10-16,Christian Fellowship Sr. with Hallsville,,,,,4.15,-0.52,,,,False,False
Barstow,2026-10-17,Father Tolton,,,,,0.66,3.12,,,,False,False
Barstow,2026-10-20,Pembroke Hill,,,,,-0.57,4.09,,,,False,False
Barstow,2026-10-22,St. Michael the Archangel,,,,,0.68,2.72,,,,False,False
Barstow,2026-10-24,Greenwood,,,,,2.17,0.66,,,,False,False
Barstow,2026-10-27,"Christ Prep(Olathe, KS)",,,,,,,,,,False,False
Battle with Columbia Independent,2026-08-27,Osage,,7,0,W,4.14,0.27,2.86,0.27,3.13,False,False
Battle with Columbia Independent,2026-08-31,Father Tolton,,2,1,W,1.03,2.96,0.97,1.96,2.93,False,False
Battle with Columbia Independent,2026-09-01,Christian Fellowship Sr. with Hallsville,,7,0,W,4.52,-0.68,2.48,-0.68,1.79,False,False
Battle with Columbia Independent,2026-09-03,Sunnydale Adventist Acad HS,,6,0,W,,,,,,False,False
Battle with Columbia Independent,2026-09-08,Rock Bridge,,1,4,L,0.3,3.72,0.7,-0.28,0.42,False,False
Battle with Columbia Independent,2026-09-14,Boonville,,2,0,W,3.19,0.67,-1.19,0.67,-0.52,False,False
Battle with Columbia Independent,2026-09-15,Helias Catholic,,0,5,L,-0.17,2.94,0.17,-2.06,-1.89,False,False
Battle with Columbia Independent,2026-09-18,Branson,,2,1,W,1.66,1.9,0.34,0.9,1.24,False,False
Battle with Columbia Independent,2026-09-19,Republic,,2,1,W,1.45,0.6,0.55,-0.4,0.15,False,False
Battle with Columbia Independent,2026-09-22,Capital City,,1,2,L,2.33,1.49,-1.33,-0.51,-1.84,False,False
Battle with Columbia Independent,2026-09-25,Lutheran St. Charles,,2,2,T,1.7,1.64,0.3,-0.36,-0.07,False,False
Battle with Columbia Independent,2026-09-26,"Quincy(Quincy, IL)",,1,2,L,,,,,,False,False
Battle with Columbia Independent,2026-09-29,Camdenton,,0,2,L,1.98,1.72,-1.98,-0.28,-2.27,False,False
Battle with Columbia Independent,2026-10-06,Hickman,,,,,1.07,3.24,,,,False,False
Battle with Columbia Independent,2026-10-10,Marshall,,,,,1.04,2.08,,,,False,False
Battle with Columbia Independent,2026-10-13,Jefferson City,,,,,3.23,0.85,,,,False,False
Battle with Columbia Independent,2026-10-20,Smith-Cotton,,,,,2.09,2.27,,,,False,False
Battle with Columbia Independent,2026-10-21,Southern Boone,,,,,2.46,1.46,,,,False,False
Battle with Columbia Independent,2026-10-22,Missouri Military Academy,,,,,3.47,0.4,,,,False,False
Battle with Columbia Independent,2026-10-29,Warrenton,,,,,2.66,1.79,,,,False,False
Bayless,2026-08-31,Gateway with Soldan International Studies,,7,0,W,4.14,-0.77,2.86,-0.77,2.09,False,False
Bayless,2026-09-01,Gateway Science Charter,,6,0,W,4.14,0.72,1.86,0.72,2.58,False,False
Bayless,2026-09-04,Collegiate School of Med-Bio Science with McKinley Classical Leadership,,7,0,W,3.53,0.49,3.47,0.49,3.96,False,False
Bayless,2026-09-08,Crossroads College Preparatory,,6,0,W,6.52,-0.64,-0.52,-0.64,-1.16,False,False
Bayless,2026-09-10,Brentwood,,4,3,W,3.46,0.68,0.54,-2.32,-1.78,False,False
Bayless,2026-09-11,Principia,,0,1,L,0.89,2.09,-0.89,1.09,0.2,False,False
Bayless,2026-09-14,Affton,,2,3,L,3.89,2.73,-1.89,-0.27,-2.16,False,False
Bayless,2026-09-17,Valley Park,,1,0,W,2.32,0.1,-1.32,0.1,-1.22,False,False
Bayless,2026-09-18,Maplewood-Richmond Hts.,,1,2,L,1.59,2.57,-0.59,0.57,-0.02,False,False
Bayless,2026-09-22,Hancock,,2,0,W,3.64,-0.42,-1.64,-0.42,-2.06,False,False
Bayless,2026-09-23,John Burroughs,,0,4,L,0.23,4.25,-0.23,0.25,0.02,False,False
Bayless,2026-09-29,Brentwood,,8,0,W,3.46,0.68,4.54,0.68,5.22,False,False
Bayless,2026-09-30,Bishop DuBourg,,,,,4.66,0.31,,,,False,False
Bayless,2026-10-02,Valley Park,,0,1,L,2.32,0.1,-2.32,-0.9,-3.22,False,False
Bayless,2026-10-06,Maplewood-Richmond Hts.,,,,,1.59,2.57,,,,False,False
Bayless,2026-10-07,Priory,,,,,0.35,3.19,,,,False,False
Bayless,2026-10-09,Hancock,,,,,3.64,-0.42,,,,False,False
Bayless,2026-10-13,Crossroads College Preparatory,,,,,6.52,-0.64,,,,False,False
Bayless,2026-10-19,MICDS,,,,,1.28,2.38,,,,False,False
Bayless,2026-10-20,St. Pius X (Festus),,,,,2.28,0.86,,,,False,False
Bayless,2026-10-22,Saxony Lutheran with St. Vincent,,,,,2.09,3.2,,,,False,False
Bayless,2026-10-26,Fox,,,,,3.23,0.64,,,,False,False
Bayless,2026-10-29,Whitfield,,,,,2.84,1.78,,,,False,False
"Beardstown(Beardstown, IL)",2026-08-29,Canton,,5,0,W,,,,,,False,False
"Belleville Althoff(Belleville, IL)",2026-09-21,De Smet Jesuit,,1,3,L,,,,,,False,False
"Belleville East(Belleville, IL)",2026-09-19,Fox,,3,0,W,,,,,,False,False
"Belleville West(Belleville, IL)",2026-08-27,Orchard Farm,,0,1,L,,,,,,False,False
"Belleville West(Belleville, IL)",2026-08-29,Parkway North,,3,1,W,,,,,,False,False
"Belleville West(Belleville, IL)",2026-10-15,Metro,,,,,,,,,,False,False
Belton,2026-09-03,Raymore-Peculiar,,0,3,L,0.28,2.78,-0.28,-0.22,-0.5,False,False
Belton,2026-09-08,Excelsior Springs,,5,4,W,2.38,2.58,2.62,-1.42,1.2,False,False
Belton,2026-09-10,Barstow,,2,1,W,1.78,2.01,0.22,1.01,1.24,False,False
Belton,2026-09-12,Maryville,,1,0,W,4.35,0.87,-3.35,0.87,-2.48,False,False
Belton,2026-09-21,Winnetonka,,2,1,W,3.85,0.71,-1.85,-0.29,-2.14,False,False
Belton,2026-09-23,Grandview,,1,0,W,2.88,1.55,-1.88,1.55,-0.33,False,False
Belton,2026-09-25,Central (Springfield),,4,2,W,2.13,1.92,1.87,-0.08,1.8,False,False
Belton,2026-09-28,Truman,,3,1,W,3.93,1.92,-0.93,0.92,-0.0,False,False
Belton,2026-09-30,Smithville,,2,3,L,2.01,1.36,-0.01,-1.64,-1.65,False,False
Belton,2026-10-01,Raytown,,,,,4.83,3.84,,,,False,False
Belton,2026-10-05,Grain Valley,,,,,1.88,2.89,,,,False,False
Belton,2026-10-08,Ruskin,,,,,5.21,-0.53,,,,False,False
Belton,2026-10-12,William Chrisman,,,,,2.89,0.57,,,,False,False
Belton,2026-10-14,Raytown South,,,,,5.88,-1.21,,,,False,False
Belton,2026-10-19,Fort Osage,,,,,1.14,2.85,,,,False,False
Belton,2026-10-21,Platte County,,,,,2.82,1.97,,,,False,False
Belton,2026-10-26,North Kansas City,,,,,1.87,2.43,,,,False,False
Benton,2026-09-02,Central (St. Joseph),,1,5,L,0.67,4.43,0.33,-0.57,-0.24,False,False
Benton,2026-09-03,Odessa,,5,1,W,4.3,1.87,0.7,0.87,1.57,False,False
Benton,2026-09-09,"Maur Hill - Mount(Atchison, KS)",,3,2,W,,,,,,False,False
Benton,2026-09-10,Northeast (Kansas City),,0,8,L,-0.35,7.39,0.35,-0.61,-0.25,False,False
Benton,2026-09-14,"Atchison(Atchison, KS)",,3,1,W,,,,,,False,False
Benton,2026-09-17,Bishop LeBlond,,10,0,W,7.41,1.78,2.59,1.78,4.37,False,False
Benton,2026-09-22,Chillicothe,,1,2,L,2.13,2.57,-1.13,0.57,-0.56,False,False
Benton,2026-09-23,Kearney,,4,6,L,3.18,4.44,0.82,-1.56,-0.74,False,False
Benton,2026-09-24,Platte County,,1,4,L,2.14,4.22,-1.14,0.22,-0.92,False,False
Benton,2026-09-28,"Maur Hill - Mount(Atchison, KS)",,1,6,L,,,,,,False,False
Benton,2026-10-06,Maryville,,,,,3.67,3.12,,,,False,False
Benton,2026-10-07,Savannah,,,,,2.29,4.18,,,,False,False
Benton,2026-10-14,Cameron,,,,,4.86,2.34,,,,False,False
Benton,2026-10-15,Chillicothe,,,,,2.13,2.57,,,,False,False
Benton,2026-10-19,Excelsior Springs,,,,,1.7,4.83,,,,False,False
Benton,2026-10-22,St. Pius X (Kansas City),,,,,2.24,5.37,,,,False,False
Benton,2026-10-28,Cameron,,,,,4.86,2.34,,,,False,False
Bishop DuBourg,2026-08-28,St. Pius X (Festus),,3,4,L,0.46,3.38,2.54,-0.62,1.93,False,False
Bishop DuBourg,2026-09-01,Fox,,0,2,L,1.4,3.17,-1.4,1.17,-0.23,False,False
Bishop DuBourg,2026-09-08,Metro,,1,7,L,0.54,4.85,0.46,-2.15,-1.69,False,False
Bishop DuBourg,2026-09-11,Sikeston,,2,6,L,-1.22,6.44,3.22,0.44,3.66,False,False
Bishop DuBourg,2026-09-14,Collegiate School of Med-Bio Science with McKinley Classical Leadership,,1,4,L,1.7,3.01,-0.7,-0.99,-1.68,False,False
Bishop DuBourg,2026-09-18,Springfield Catholic,,0,8,L,-0.69,5.75,0.69,-2.25,-1.56,False,False
Bishop DuBourg,2026-09-19,Helias Catholic,,1,9,L,-1.77,5.75,2.77,-3.25,-0.49,False,False
Bishop DuBourg,2026-09-22,Principia,,0,2,L,-0.94,4.61,0.94,2.61,3.55,False,False
Bishop DuBourg,2026-09-25,Affton,,1,7,L,2.06,5.25,-1.06,-1.75,-2.81,False,False
Bishop DuBourg,2026-09-28,Hillsboro,,2,1,W,2.55,2.93,-0.55,1.93,1.39,False,False
Bishop DuBourg,2026-09-30,Bayless,,,,,0.31,4.66,,,,False,False
Bishop DuBourg,2026-10-02,St. Mary's South Side,,1,5,L,0.78,5.32,0.22,0.32,0.54,False,False
Bishop DuBourg,2026-10-07,KIPP St. Louis Sr.,,,,,,,,,,False,False
Bishop DuBourg,2026-10-09,Lutheran St. Charles,,,,,0.11,4.44,,,,False,False
Bishop DuBourg,2026-10-12,Gateway with Soldan International Studies,,,,,2.31,1.76,,,,False,False
Bishop DuBourg,2026-10-13,Windsor (Imperial),,,,,1.46,2.43,,,,False,False
Bishop DuBourg,2026-10-16,Veritas Christian Academy,,,,,-0.32,4.41,,,,False,False
Bishop DuBourg,2026-10-19,Gateway Science Charter,,,,,2.31,3.24,,,,False,False
Bishop DuBourg,2026-10-20,Valley Park,,,,,0.5,2.62,,,,False,False
Bishop DuBourg,2026-10-22,Westminster Christian Academy,,,,,-0.22,5.36,,,,False,False
Bishop DuBourg,2026-10-26,St. Francis Borgia,,,,,1.6,3.41,,,,False,False
Bishop DuBourg,2026-10-29,St. Louis United,,,,,,,,,,False,False
Bishop LeBlond,2026-09-03,Northeast (Kansas City),,0,8,L,-2.51,10.86,2.51,2.86,5.38,False,False
Bishop LeBlond,2026-09-17,Benton,,0,10,L,1.78,7.41,-1.78,-2.59,-4.37,False,False
Bishop LeBlond,2026-09-21,Central (St. Joseph),,0,8,L,-1.49,7.9,1.49,-0.1,1.39,False,False
Bishop LeBlond,2026-09-22,Savannah,,0,8,L,0.13,7.65,-0.13,-0.35,-0.47,False,False
Bishop LeBlond,2026-09-24,St. Pius X (Kansas City),,0,3,L,0.08,8.84,-0.08,5.84,5.76,False,False
Bishop LeBlond,2026-09-28,Faith Christian Academy,,0,8,L,-0.82,6.83,0.82,-1.17,-0.35,False,False
Bishop LeBlond,2026-09-29,Excelsior Springs,,0,8,L,-0.46,8.3,0.46,0.3,0.76,False,False
Bishop LeBlond,2026-10-01,Maryville,,,,,1.51,6.59,,,,False,False
Bishop LeBlond,2026-10-06,"Maur Hill(Atchison, KS)",,,,,,,,,,False,False
Bishop LeBlond,2026-10-07,Maryville,,,,,1.51,6.59,,,,False,False
Bishop LeBlond,2026-10-13,Cameron,,,,,2.7,5.81,,,,False,False
Bishop LeBlond,2026-10-20,Savannah,,,,,0.13,7.65,,,,False,False
Bishop LeBlond,2026-10-26,Chillicothe,,,,,-0.03,6.04,,,,False,False
Bishop LeBlond,2026-10-27,Lutheran (Kansas City),,,,,0.89,3.98,,,,False,False
"Bishop Miege(Kansas City, KS)",2026-09-10,St. Pius X (Kansas City),,8,0,W,,,,,,False,False
"Bishop Miege(Roeland Park, KS)",2026-08-28,Barstow,,3,0,W,,,,,,False,False
"Bishop Seabury(Lawrence, KS)",2026-09-08,Faith Christian Academy,,0,4,L,,,,,,False,False
"Bishop Seabury(Lawrence, KS)",2026-09-18,Lutheran (Kansas City),,5,3,W,,,,,,False,False
"Bishop Seabury(Lawrence, KS)",2026-09-24,Northland Christian,,,,,,,,,,False,False
"Bishop Ward(Kansas City, KS)",2026-09-10,Lutheran (Kansas City),,7,0,W,,,,,,False,False
"Bishop Ward(Kansas City, KS)",2026-09-24,Faith Christian Academy,,0,1,L,,,,,,False,False
"Bishop Ward(Kansas City, KS)",2026-10-15,Cristo Rey,,,,,,,,,,False,False
"Bishop Ward(Kansas city, KS)",2026-09-22,Northland Christian,,6,1,W,,,,,,False,False
Blue Springs,2026-09-01,"BVSW(Overland Park, KS)",,1,0,W,,,,,,False,False
Blue Springs,2026-09-03,Summit Christian Academy,,4,0,W,3.79,0.04,0.21,0.04,0.24,False,False
Blue Springs,2026-09-08,Liberty,,2,3,L,1.96,2.41,0.04,-0.59,-0.55,False,False
Blue Springs,2026-09-10,Central (St. Joseph),,4,1,W,3.47,-0.17,0.53,-1.17,-0.64,False,False
Blue Springs,2026-09-15,Staley,,1,0,W,2.32,0.48,-1.32,0.48,-0.85,False,False
Blue Springs,2026-09-17,Truman,,8,0,W,6.05,-0.43,1.95,-0.43,1.53,False,False
Blue Springs,2026-09-22,North Kansas City,,6,0,W,3.99,0.08,2.01,0.08,2.09,False,False
Blue Springs,2026-09-24,Lee's Summit North,,3,2,W,2.78,1.78,0.22,-0.22,0.0,False,False
Blue Springs,2026-09-29,Pembroke Hill,,1,3,L,1.9,2.34,-0.9,-0.66,-1.56,False,False
Blue Springs,2026-10-01,Blue Springs South,,2,1,W,1.76,2.74,0.24,1.74,1.98,False,False
Blue Springs,2026-10-06,Raymore-Peculiar,,,,,2.4,0.43,,,,False,False
Blue Springs,2026-10-08,St. Michael the Archangel,,,,,3.16,0.97,,,,False,False
Blue Springs,2026-10-13,Liberty North,,,,,1.23,2.88,,,,False,False
Blue Springs,2026-10-15,Lee's Summit,,,,,0.81,2.86,,,,False,False
Blue Springs,2026-10-19,Grain Valley,,,,,4.0,0.54,,,,False,False
Blue Springs,2026-10-20,Park Hill,,,,,2.48,0.78,,,,False,False
Blue Springs,2026-10-22,Lee's Summit West,,,,,1.55,2.25,,,,False,False
Blue Springs South,2026-08-31,Platte County,,9,1,W,5.53,-0.77,3.47,-1.77,1.7,False,False
Blue Springs South,2026-09-02,Lincoln College Prep,,9,1,W,4.2,1.81,4.8,0.81,5.61,False,False
Blue Springs South,2026-09-03,Park Hill,,4,0,W,3.07,0.4,0.93,0.4,1.32,False,False
Blue Springs South,2026-09-08,Truman,,9,1,W,6.64,-0.81,2.36,-1.81,0.55,False,False
Blue Springs South,2026-09-10,Smith-Cotton,,7,0,W,4.79,0.29,2.21,0.29,2.5,False,False
Blue Springs South,2026-09-15,Lee's Summit North,,2,0,W,3.38,1.4,-1.38,1.4,0.02,False,False
Blue Springs South,2026-09-17,Central (St. Joseph),,2,0,W,4.07,-0.55,-2.07,-0.55,-2.62,False,False
Blue Springs South,2026-09-18,Park Hill South,,1,2,L,2.17,1.62,-1.17,-0.38,-1.54,False,False
Blue Springs South,2026-09-22,Platte County,,7,0,W,5.53,-0.77,1.47,-0.77,0.7,False,False
Blue Springs South,2026-09-23,Raymore-Peculiar,,2,0,W,3.0,0.04,-1.0,0.04,-0.96,False,False
Blue Springs South,2026-09-29,Park Hill,,2,1,W,3.07,0.4,-1.07,-0.6,-1.68,False,False
Blue Springs South,2026-10-01,Blue Springs,,1,2,L,2.74,1.76,-1.74,-0.24,-1.98,False,False
Blue Springs South,2026-10-06,Liberty,,,,,2.56,2.03,,,,False,False
Blue Springs South,2026-10-07,Grain Valley,,,,,4.6,0.15,,,,False,False
Blue Springs South,2026-10-13,Lee's Summit West,,,,,2.15,1.86,,,,False,False
Blue Springs South,2026-10-15,Staley,,,,,2.92,0.09,,,,False,False
Blue Springs South,2026-10-20,Lee's Summit,,,,,1.4,2.48,,,,False,False
Blue Springs South,2026-10-22,Liberty North,,,,,1.83,2.49,,,,False,False
Blue Springs South,2026-10-26,Rockhurst,,,,,1.0,3.59,,,,False,False
"Blue Valley HS(Overland Park, KS)",2026-09-01,Lee's Summit North,,2,1,W,,,,,,False,False
"Blue Valley North(KC, KS)",2026-10-17,Glendale,,,,,,,,,,False,False
"Blue Valley North(Lenexa , KS)",2026-10-16,Ozark,,,,,,,,,,False,False
"Blue Valley North(Overland Park, KS)",2026-09-12,Rockhurst,,1,3,L,,,,,,False,False
"Blue Valley Northwest(Overland Park, KS)",2026-09-10,Raymore-Peculiar,,2,0,W,,,,,,False,False
"Blue Valley Northwest(Overland Park, KS)",2026-10-09,Mehlville,,,,,,,,,,False,False
"Blue Valley Northwest(Overland Park, KS)",2026-10-10,Chaminade College Prep,,,,,,,,,,False,False
"Blue Valley SW(Overland Park, KS)",2026-09-07,Lee's Summit North,,7,1,W,,,,,,False,False
"Blue Valley Southwest(Overland Park, KS)",2026-09-10,Rockhurst,,1,4,L,,,,,,False,False
"Blue Valley Southwest(Overland Park, KS)",2026-09-26,Rock Bridge,,2,1,W,,,,,,False,False
"Blue Valley Southwest(Overland Park, KS)",2026-10-05,Park Hill South,,,,,,,,,,False,False
"Blue Valley West(Kansas City, MO)",2026-09-19,Marquette,,3,2,W,,,,,,False,False
Bolivar,2026-08-28,Smith-Cotton,,1,3,L,1.4,3.12,-0.4,0.12,-0.28,False,False
Bolivar,2026-08-29,Odessa,,10,2,W,4.3,-0.28,5.7,-2.28,3.41,False,False
Bolivar,2026-09-01,Monett,,4,3,W,1.43,2.47,2.57,-0.53,2.04,False,False
Bolivar,2026-09-03,Cassville,,1,2,L,1.74,0.77,-0.74,-1.23,-1.97,False,False
Bolivar,2026-09-08,Rolla,,0,2,L,1.4,1.28,-1.4,-0.72,-2.11,False,False
Bolivar,2026-09-10,Osage,,2,0,W,3.46,1.13,-1.46,1.13,-0.33,False,False
Bolivar,2026-09-15,Marshfield,,4,0,W,2.92,0.22,1.08,0.22,1.3,False,False
Bolivar,2026-09-18,Lebanon,,4,2,W,2.6,1.64,1.4,-0.36,1.03,False,False
Bolivar,2026-09-18,Willard,,0,1,L,1.98,1.42,-1.98,0.42,-1.56,False,False
Bolivar,2026-09-19,Logan-Rogersville,,3,2,W,-0.01,4.36,3.01,2.36,5.37,False,False
Bolivar,2026-09-22,Hillcrest,,2,1,W,3.29,0.89,-1.29,-0.11,-1.4,False,False
Bolivar,2026-09-24,Fair Grove,,2,1,W,2.52,3.63,-0.52,2.63,2.11,False,False
Bolivar,2026-09-28,New Heights Christian with McAuley Catholic,,2,1,W,1.72,0.57,0.28,-0.43,-0.15,False,False
Bolivar,2026-09-30,West Plains,,2,3,L,2.66,2.36,-0.66,-0.64,-1.3,False,False
Bolivar,2026-10-06,Carl Junction,,,,,2.16,1.46,,,,False,False
Bolivar,2026-10-08,Trinity Academy,,,,,,,,,,False,False
Bolivar,2026-10-13,New Covenant Academy,,,,,2.5,0.77,,,,False,False
Bolivar,2026-10-15,Branson,,,,,0.97,2.75,,,,False,False
Bolivar,2026-10-20,Logan-Rogersville,,,,,-0.01,4.36,,,,False,False
Bolivar,2026-10-26,Aurora,,,,,3.59,-0.23,,,,False,False
Bolivar,2026-10-27,Camdenton,,,,,1.29,2.57,,,,False,False
Boonville,2026-08-27,Jefferson City,,2,1,W,2.28,2.42,-0.28,1.42,1.15,False,False
Boonville,2026-09-01,Clinton,,1,7,L,1.63,2.35,-0.63,-4.65,-5.28,False,False
Boonville,2026-09-03,Smithton,,6,0,W,4.13,-0.03,1.87,-0.03,1.84,False,False
Boonville,2026-09-08,Fulton,,7,0,W,3.5,0.34,3.5,0.34,3.84,False,False
Boonville,2026-09-10,Mexico,,8,0,W,5.04,-0.07,2.96,-0.07,2.9,False,False
Boonville,2026-09-14,Battle with Columbia Independent,,0,2,L,0.67,3.19,-0.67,1.19,0.52,False,False
Boonville,2026-09-21,Southern Boone,,1,2,L,1.51,3.03,-0.51,1.03,0.52,False,False
Boonville,2026-09-24,Fatima,,8,0,W,5.46,-1.2,2.54,-1.2,1.34,False,False
Boonville,2026-09-29,Osage,,1,0,W,3.19,1.84,-2.19,1.84,-0.35,False,False
Boonville,2026-10-01,Knob Noster,,,,,6.68,-1.6,,,,False,False
Boonville,2026-10-05,Oak Grove,,,,,1.89,2.18,,,,False,False
Boonville,2026-10-13,St. Paul Lutheran (Concordia),,,,,1.91,2.74,,,,False,False
Boonville,2026-10-15,Green Ridge with Cole Camp,,,,,4.93,-0.72,,,,False,False
Boonville,2026-10-22,Christian Fellowship Sr. with Hallsville,,,,,3.57,0.88,,,,False,False
Boonville,2026-10-27,Eugene,,,,,5.47,-0.86,,,,False,False
Boonville,2026-10-29,Moberly,,,,,2.08,2.19,,,,False,False
Branson,2026-08-28,Republic,,1,2,L,1.72,0.63,-0.72,-1.37,-2.09,False,False
Branson,2026-08-28,Monett,,2,1,W,2.39,1.65,-0.39,0.65,0.27,False,False
Branson,2026-08-29,Webb City,,1,0,W,3.13,-0.15,-2.13,-0.15,-2.27,False,False
Branson,2026-09-01,Nixa,,0,3,L,0.07,3.91,-0.07,0.91,0.84,False,False
Branson,2026-09-03,Joplin,,1,0,W,1.81,1.28,-0.81,1.28,0.47,False,False
Branson,2026-09-05,Farmington,,1,2,L,0.76,2.75,0.24,0.75,0.99,False,False
Branson,2026-09-08,Ozark,,5,4,W,1.68,3.16,3.32,-0.84,2.47,False,False
Branson,2026-09-10,Glendale,,0,2,L,0.06,3.78,-0.06,1.78,1.71,False,False
Branson,2026-09-11,Carthage,,2,1,W,0.77,2.19,1.23,1.19,2.42,False,False
Branson,2026-09-15,Carl Junction,,3,2,W,3.12,0.65,-0.12,-1.35,-1.47,False,False
Branson,2026-09-17,Capital City,,2,3,L,2.6,1.53,-0.6,-1.47,-2.08,False,False
Branson,2026-09-18,Battle with Columbia Independent,,1,2,L,1.9,1.66,-0.9,-0.34,-1.24,False,False
Branson,2026-09-22,Marshfield,,3,0,W,3.88,-0.59,-0.88,-0.59,-1.48,False,False
Branson,2026-09-24,Trinity Academy,,5,2,W,,,,,,False,False
Branson,2026-09-26,Kickapoo,,4,2,W,2.99,1.54,1.01,-0.46,0.55,False,False
Branson,2026-09-29,Logan-Rogersville,,0,3,L,0.95,3.54,-0.95,0.54,-0.41,False,False
Branson,2026-10-01,Neosho,,2,1,W,2.23,1.26,-0.23,0.26,0.04,False,False
Branson,2026-10-02,Francis Howell North,,2,3,L,1.04,3.01,0.96,0.01,0.97,False,False
Branson,2026-10-06,West Plains,,,,,3.62,1.54,,,,False,False
Branson,2026-10-08,Monett,,,,,2.39,1.65,,,,False,False
Branson,2026-10-10,Parkview,,,,,3.15,1.39,,,,False,False
Branson,2026-10-13,Springfield Catholic,,,,,1.18,2.98,,,,False,False
Branson,2026-10-15,Bolivar,,,,,2.75,0.97,,,,False,False
Branson,2026-10-26,Central (Springfield),,,,,2.41,1.2,,,,False,False
Branson,2026-10-27,Hillcrest,,,,,4.25,0.07,,,,False,False
Brentwood,2026-09-01,DeSoto,,1,5,L,3.03,2.83,-2.03,-2.17,-4.2,False,False
Brentwood,2026-09-03,Gateway Science Charter,,2,1,W,2.69,2.04,-0.69,1.04,0.36,False,False
Brentwood,2026-09-08,Valley Park,,0,1,L,0.87,1.43,-0.87,0.43,-0.45,False,False
Brentwood,2026-09-10,Bayless,,3,4,L,0.68,3.46,2.32,-0.54,1.78,False,False
Brentwood,2026-09-11,Gateway with Soldan International Studies,,2,0,W,2.69,0.56,-0.69,0.56,-0.13,False,False
Brentwood,2026-09-14,St. Pius X (Festus),,2,1,W,0.83,2.18,1.17,1.18,2.35,False,False
Brentwood,2026-09-21,Maplewood-Richmond Hts.,,0,4,L,0.14,3.9,-0.14,-0.1,-0.24,False,False
Brentwood,2026-09-24,Valley Park,,2,1,W,0.87,1.43,1.13,0.43,1.55,False,False
Brentwood,2026-09-29,Bayless,,0,8,L,0.68,3.46,-0.68,-4.54,-5.22,False,False
Brentwood,2026-10-01,Hancock,,2,0,W,2.19,0.91,-0.19,0.91,0.72,False,False
Brentwood,2026-10-02,Gateway Science Charter,,4,1,W,2.69,2.04,1.31,1.04,2.36,False,False
Brentwood,2026-10-06,Crossroads College Preparatory,,,,,5.07,0.68,,,,False,False
Brentwood,2026-10-08,Affton,,,,,2.44,4.05,,,,False,False
Brentwood,2026-10-09,Maplewood-Richmond Hts.,,,,,0.14,3.9,,,,False,False
Brentwood,2026-10-12,Whitfield,,,,,1.39,3.11,,,,False,False
Brentwood,2026-10-15,Hancock,,,,,2.19,0.91,,,,False,False
Brentwood,2026-10-19,Collegiate School of Med-Bio Science with McKinley Classical Leadership,,,,,2.07,1.82,,,,False,False
Brentwood,2026-10-20,Sullivan,,,,,1.97,2.18,,,,False,False
Brentwood,2026-10-23,Metro,,,,,0.92,3.65,,,,False,False
Brentwood,2026-10-26,Crossroads College Preparatory,,,,,5.07,0.68,,,,False,False
Brentwood,2026-10-27,St. Louis United,,,,,,,,,,False,False
Brentwood,2026-10-29,Roosevelt,,,,,3.08,0.17,,,,False,False
Calvary Lutheran,2026-09-01,Green Ridge with Cole Camp,,0,8,L,2.36,6.59,-2.36,-1.41,-3.77,False,False
Calvary Lutheran,2026-09-08,Christian Fellowship Sr. with Hallsville,,1,9,L,1.0,8.19,0.0,-0.81,-0.81,False,False
Calvary Lutheran,2026-09-11,Paseo Academy,,5,6,L,1.8,7.45,3.2,1.45,4.65,False,False
Calvary Lutheran,2026-09-15,Fulton,,0,8,L,0.93,7.65,-0.93,-0.35,-1.28,False,False
Calvary Lutheran,2026-09-17,Dixon,,3,6,L,1.99,7.4,1.01,1.4,2.41,False,False
Calvary Lutheran,2026-09-29,Rolla Sr. High Home Sch,,2,4,L,,,,,,False,False
Calvary Lutheran,2026-10-03,Eugene,,,,,2.91,6.45,,,,False,False
Calvary Lutheran,2026-10-03,Iberia,,,,,6.33,5.82,,,,False,False
Calvary Lutheran,2026-10-05,Capital City,,,,,-1.19,10.36,,,,False,False
Calvary Lutheran,2026-10-08,Iberia,,,,,6.33,5.82,,,,False,False
Calvary Lutheran,2026-10-12,Crocker,,,,,1.24,9.26,,,,False,False
Calvary Lutheran,2026-10-20,Fatima,,,,,2.89,6.11,,,,False,False
Calvary Lutheran,2026-10-22,Eugene,,,,,2.91,6.45,,,,False,False
Calvary Lutheran,2026-10-26,Iberia,,,,,6.33,5.82,,,,False,False
Calvary Lutheran,2026-10-30,Rolla Sr. High Home Sch,,,,,,,,,,False,False
Camdenton,2026-08-28,Waynesville,,3,0,W,2.58,0.84,0.42,0.84,1.26,False,False
Camdenton,2026-09-01,Rolla,,3,2,W,2.18,0.79,0.82,-1.21,-0.39,False,False
Camdenton,2026-09-03,West Plains,,6,1,W,3.44,1.86,2.56,0.86,3.43,False,False
Camdenton,2026-09-08,Capital City,,4,3,W,2.42,1.85,1.58,-1.15,0.43,False,False
Camdenton,2026-09-11,Parkview,,1,2,L,2.97,1.71,-1.97,-0.29,-2.26,False,False
Camdenton,2026-09-12,Kickapoo,,0,1,L,2.81,1.86,-2.81,0.86,-1.94,False,False
Camdenton,2026-09-15,Hickman,,1,4,L,1.16,3.6,-0.16,-0.4,-0.56,False,False
Camdenton,2026-09-17,Osage,,7,0,W,4.24,0.63,2.76,0.63,3.39,False,False
Camdenton,2026-09-18,Joplin,,1,2,L,1.63,1.6,-0.63,-0.4,-1.03,False,False
Camdenton,2026-09-19,Carthage,,0,5,L,0.59,2.52,-0.59,-2.48,-3.08,False,False
Camdenton,2026-09-22,Smith-Cotton,,1,2,L,2.18,2.63,-1.18,0.63,-0.55,False,False
Camdenton,2026-09-25,Southern Boone,,3,2,W,2.55,1.82,0.45,-0.18,0.26,False,False
Camdenton,2026-09-26,Republic,,2,1,W,1.54,0.95,0.46,-0.05,0.42,False,False
Camdenton,2026-09-29,Battle with Columbia Independent,,2,0,W,1.72,1.98,0.28,1.98,2.27,False,False
Camdenton,2026-10-01,Northwest (Cedar Hill),,0,4,L,0.63,4.08,-0.63,0.08,-0.54,False,False
Camdenton,2026-10-03,Hannibal,,,,,3.58,1.29,,,,False,False
Camdenton,2026-10-06,Rock Bridge,,,,,0.4,4.08,,,,False,False
Camdenton,2026-10-09,Springfield Catholic,,,,,1.0,3.3,,,,False,False
Camdenton,2026-10-13,Helias Catholic,,,,,-0.08,3.3,,,,False,False
Camdenton,2026-10-16,Central (Springfield),,,,,2.23,1.52,,,,False,False
Camdenton,2026-10-19,Father Tolton,,,,,1.12,3.32,,,,False,False
Camdenton,2026-10-20,Jefferson City,,,,,3.32,1.21,,,,False,False
Camdenton,2026-10-22,Hillcrest,,,,,4.07,0.4,,,,False,False
Camdenton,2026-10-27,Bolivar,,,,,2.57,1.29,,,,False,False
Cameron,2026-09-01,Chillicothe,,1,4,L,0.53,3.49,0.47,-0.51,-0.04,False,False
Cameron,2026-09-07,Pleasant Hill,,1,6,L,-0.05,5.0,1.05,-1.0,0.05,False,False
Cameron,2026-09-08,Lone Jack,,3,1,W,1.46,3.72,1.54,2.72,4.26,False,False
Cameron,2026-09-10,Oak Grove,,0,3,L,0.55,4.54,-0.55,1.54,0.98,False,False
Cameron,2026-09-16,Savannah,,1,6,L,0.69,5.1,0.31,-0.9,-0.59,False,False
Cameron,2026-09-24,Maryville,,3,4,L,2.07,4.03,0.93,0.03,0.96,False,False
Cameron,2026-09-28,Odessa,,1,3,L,2.7,2.78,-1.7,-0.22,-1.92,False,False
Cameron,2026-09-29,Savannah,,0,8,L,0.69,5.1,-0.69,-2.9,-3.59,False,False
Cameron,2026-09-30,St. Pius X (Kansas City),,0,8,L,0.64,6.29,-0.64,-1.71,-2.35,False,False
Cameron,2026-10-08,Chillicothe,,,,,0.53,3.49,,,,False,False
Cameron,2026-10-13,Bishop LeBlond,,,,,5.81,2.7,,,,False,False
Cameron,2026-10-14,Benton,,,,,2.34,4.86,,,,False,False
Cameron,2026-10-20,Warrensburg,,,,,3.59,3.15,,,,False,False
Cameron,2026-10-21,Excelsior Springs,,,,,0.1,5.75,,,,False,False
Cameron,2026-10-26,Faith Christian Academy,,,,,-0.26,4.28,,,,False,False
Cameron,2026-10-28,Benton,,,,,2.34,4.86,,,,False,False
Canton,2026-08-28,"Macomb(Macomb , IL)",,0,2,L,,,,,,False,False
Canton,2026-08-29,"Beardstown(Beardstown, IL)",,0,5,L,,,,,,False,False
Canton,2026-09-03,Moberly,,0,8,L,-0.01,6.8,0.01,-1.2,-1.19,False,False
Canton,2026-09-10,Winfield,,0,5,L,0.87,6.31,-0.87,1.31,0.43,False,False
Canton,2026-09-15,Missouri Military Academy,,1,9,L,0.43,6.57,0.57,-2.43,-1.86,False,False
Canton,2026-09-16,"QND(Quincy, IL)",,0,3,L,,,,,,False,False
Canton,2026-09-21,"QHS(Quincy, IL)",,1,2,L,,,,,,False,False
Canton,2026-09-28,Hannibal,,1,5,L,0.45,7.1,0.55,2.1,2.65,False,False
Canton,2026-09-30,"QND(Quincy, IL)",,3,1,W,,,,,,False,False
Canton,2026-10-05,Southern Boone,,,,,-0.58,7.63,,,,False,False
Canton,2026-10-07,Elsberry,,,,,1.83,4.07,,,,False,False
Canton,2026-10-08,Missouri Military Academy,,,,,0.43,6.57,,,,False,False
Canton,2026-10-14,"QHS(Quincy, IL)",,,,,,,,,,False,False
Canton,2026-10-15,Kirksville,,,,,-1.13,7.16,,,,False,False
Canton,2026-10-26,Mexico,,,,,2.95,4.54,,,,False,False
Capital City,2026-08-27,Ozark,,2,5,L,1.28,3.83,0.72,-1.17,-0.45,False,False
Capital City,2026-08-29,Springfield Catholic,,1,3,L,0.77,3.65,0.23,0.65,0.88,False,False
Capital City,2026-09-03,Paseo Academy,,8,0,W,5.19,-0.72,2.81,-0.72,2.09,False,False
Capital City,2026-09-08,Camdenton,,3,4,L,1.85,2.42,1.15,-1.58,-0.43,False,False
Capital City,2026-09-10,Ft. Zumwalt North,,1,0,W,1.52,1.38,-0.52,1.38,0.86,False,False
Capital City,2026-09-15,Smith-Cotton,,3,4,L,1.96,2.98,1.04,-1.02,0.02,False,False
Capital City,2026-09-17,Branson,,3,2,W,1.53,2.6,1.47,0.6,2.08,False,False
Capital City,2026-09-18,Republic,,0,1,L,1.31,1.3,-1.31,0.3,-1.01,False,False
Capital City,2026-09-19,Rolla,,1,0,W,1.95,1.14,-0.95,1.14,0.19,False,False
Capital City,2026-09-21,Fatima,,1,2,L,6.28,-2.06,-5.28,-4.06,-9.34,False,False
Capital City,2026-09-22,Battle with Columbia Independent,,2,1,W,1.49,2.33,0.51,1.33,1.84,False,False
Capital City,2026-09-24,Marshall,,0,1,L,0.9,2.79,-0.9,1.79,0.88,False,False
Capital City,2026-09-26,West Plains,,3,2,W,3.21,2.21,-0.21,0.21,-0.0,False,False
Capital City,2026-09-29,Helias Catholic,,0,3,L,-0.3,3.65,0.3,0.65,0.95,False,False
Capital City,2026-10-01,Troy Buchanan,,0,1,L,-0.02,2.74,0.02,1.74,1.76,False,False
Capital City,2026-10-02,Parkway North,,1,6,L,1.91,2.19,-0.91,-3.81,-4.71,False,False
Capital City,2026-10-05,Calvary Lutheran,,,,,10.36,-1.19,,,,False,False
Capital City,2026-10-05,Osage,,,,,4.01,0.98,,,,False,False
Capital City,2026-10-06,Jefferson City,,,,,3.1,1.56,,,,False,False
Capital City,2026-10-08,Hannibal,,,,,3.36,1.64,,,,False,False
Capital City,2026-10-10,Father Tolton,,,,,0.9,3.67,,,,False,False
Capital City,2026-10-13,Rock Bridge,,,,,0.17,4.43,,,,False,False
Capital City,2026-10-15,Rockwood Summit,,,,,0.43,4.32,,,,False,False
Capital City,2026-10-20,Hickman,,,,,0.93,3.95,,,,False,False
Capital City,2026-10-22,Warrensburg,,,,,5.75,-0.07,,,,False,False
Capital City,2026-10-27,Francis Howell Central,,,,,-0.7,5.02,,,,False,False
"Carbondale(Carbondale , IL)",2026-09-10,Sikeston,,2,4,L,,,,,,False,False
"Carbondale(Carbondale, IL)",2026-08-28,Sikeston,,2,3,L,,,,,,False,False
"Carbondale(Carbondale, IL)",2026-08-29,Central (Cape Girardeau),,4,1,W,,,,,,False,False
"Carbondale(Carbondale, IL)",2026-09-04,Central (Cape Girardeau),,4,0,W,,,,,,False,False
"Carbondale(Carbondale, IL)",2026-09-17,Central (Cape Girardeau),,5,1,W,,,,,,False,False
"Carbondale(Carbondale, IL)",2026-09-30,Notre Dame (Cape Girardeau),,0,6,L,,,,,,False,False
Cardinal Ritter,2026-09-10,Gateway Science Charter,,1,7,L,0.49,7.36,0.51,0.36,0.87,False,False
Cardinal Ritter,2026-09-15,Jennings,,9,1,W,7.01,0.7,1.99,-0.3,1.69,False,False
Cardinal Ritter,2026-09-17,KIPP St. Louis Sr.,,,,,,,,,,False,False
Cardinal Ritter,2026-09-28,Crossroads College Preparatory,,2,5,L,2.87,6.0,-0.87,1.0,0.13,False,False
Cardinal Ritter,2026-09-30,Festus,,0,8,L,0.15,5.81,-0.15,-2.19,-2.34,False,False
Cardinal Ritter,2026-10-01,Collegiate School of Med-Bio Science with McKinley Classical Leadership,,0,1,L,-0.12,7.13,0.12,6.13,6.26,False,False
Cardinal Ritter,2026-10-13,Hazelwood East,,,,,,,,,,False,False
Cardinal Ritter,2026-10-13,KIPP St. Louis Sr.,,,,,,,,,,False,False
Cardinal Ritter,2026-10-15,KIPP St. Louis Sr.,,,,,,,,,,False,False
Carl Junction,2026-08-28,Harrisonville,,1,0,W,1.69,2.19,-0.69,2.19,1.5,False,False
Carl Junction,2026-08-29,Clinton,,2,3,L,1.57,2.0,0.43,-1.0,-0.57,False,False
Carl Junction,2026-09-01,Neosho,,1,4,L,0.94,2.45,0.06,-1.55,-1.49,False,False
Carl Junction,2026-09-03,Springfield Catholic,,0,6,L,-0.11,4.16,0.11,-1.84,-1.73,False,False
Carl Junction,2026-09-10,Webb City,,1,0,W,1.84,1.04,-0.84,1.04,0.2,False,False
Carl Junction,2026-09-15,Branson,,2,3,L,0.65,3.12,1.35,0.12,1.47,False,False
Carl Junction,2026-09-17,Carthage,,0,5,L,-0.51,3.38,0.51,-1.62,-1.11,False,False
Carl Junction,2026-09-22,Logan-Rogersville,,0,8,L,-0.34,4.73,0.34,-3.27,-2.94,False,False
Carl Junction,2026-09-24,New Heights Christian with McAuley Catholic,,2,0,W,1.4,0.94,0.6,0.94,1.54,False,False
Carl Junction,2026-09-28,"Pittsburg(Pittsburg, KS)",,2,4,L,,,,,,False,False
Carl Junction,2026-09-29,Hillcrest,,2,1,W,2.96,1.26,-0.96,0.26,-0.71,False,False
Carl Junction,2026-10-06,Bolivar,,,,,1.46,2.16,,,,False,False
Carl Junction,2026-10-08,Central (Springfield),,,,,1.12,2.39,,,,False,False
Carl Junction,2026-10-12,Joplin,,,,,0.53,2.46,,,,False,False
Carl Junction,2026-10-15,Cassville,,,,,1.41,1.13,,,,False,False
Carl Junction,2026-10-19,McDonald County,,,,,1.23,3.04,,,,False,False
Carl Junction,2026-10-20,Marshfield,,,,,2.6,0.59,,,,False,False
Carl Junction,2026-10-26,Monett,,,,,1.1,2.84,,,,False,False
Carl Junction,2026-10-29,West Plains,,,,,2.33,2.72,,,,False,False
Carthage,2026-08-27,Springfield Catholic,,3,1,W,1.44,1.82,1.56,0.82,2.38,False,False
Carthage,2026-08-29,Lee's Summit,,1,4,L,-0.77,3.33,1.77,-0.67,1.1,False,False
Carthage,2026-09-01,Glendale,,1,6,L,0.32,2.62,0.68,-3.38,-2.71,False,False
Carthage,2026-09-05,Raymore-Peculiar,,1,2,L,0.83,0.9,0.17,-1.1,-0.93,False,False
Carthage,2026-09-10,Monett,,1,0,W,2.65,0.49,-1.65,0.49,-1.15,False,False
Carthage,2026-09-11,Branson,,1,2,L,2.19,0.77,-1.19,-1.23,-2.42,False,False
Carthage,2026-09-12,Grain Valley,,3,0,W,2.42,1.01,0.58,1.01,1.58,False,False
Carthage,2026-09-17,Carl Junction,,5,0,W,3.38,-0.51,1.62,-0.51,1.11,False,False
Carthage,2026-09-19,Camdenton,,5,0,W,2.52,0.59,2.48,0.59,3.08,False,False
Carthage,2026-09-22,Nixa,,0,3,L,0.33,2.75,-0.33,-0.25,-0.58,False,False
Carthage,2026-09-24,Ozark,,0,1,L,1.94,2.0,-1.94,1.0,-0.95,False,False
Carthage,2026-09-29,Kickapoo,,3,1,W,3.25,0.38,-0.25,-0.62,-0.87,False,False
Carthage,2026-10-01,Francis Howell North,,0,1,L,1.3,1.85,-1.3,0.85,-0.45,False,False
Carthage,2026-10-01,Thomas Jefferson Independent Day,,,,,3.13,-0.86,,,,False,False
Carthage,2026-10-02,Lee's Summit West,,0,1,L,-0.02,2.72,0.02,1.72,1.74,False,False
Carthage,2026-10-03,Hickman,,,,,1.6,2.12,,,,False,False
Carthage,2026-10-06,Lebanon,,,,,3.82,-0.34,,,,False,False
Carthage,2026-10-08,Waynesville,,,,,3.02,-0.64,,,,False,False
Carthage,2026-10-13,Neosho,,,,,2.49,0.1,,,,False,False
Carthage,2026-10-15,Republic,,,,,1.98,-0.53,,,,False,False
Carthage,2026-10-20,Webb City,,,,,3.39,-1.31,,,,False,False
Carthage,2026-10-22,Joplin,,,,,2.08,0.12,,,,False,False
Carthage,2026-10-27,Willard,,,,,3.2,-0.56,,,,False,False
Cassville,2026-08-27,Hillcrest,,5,2,W,2.27,0.84,2.73,-1.16,1.58,False,False
Cassville,2026-08-28,Webb City,,2,0,W,1.14,0.62,0.86,0.62,1.48,False,False
Cassville,2026-08-29,Republic,,0,1,L,-0.26,1.4,0.26,0.4,0.66,False,False
Cassville,2026-09-03,Bolivar,,2,1,W,0.77,1.74,1.23,0.74,1.97,False,False
Cassville,2026-09-10,Marshfield,,2,1,W,1.9,0.17,0.1,-0.83,-0.73,False,False
Cassville,2026-09-11,Willard,,1,1,T,0.96,1.37,0.04,0.37,0.41,False,False
Cassville,2026-09-12,Lebanon,,0,1,L,1.58,1.59,-1.58,0.59,-0.99,False,False
Cassville,2026-09-14,Parkview,,0,3,L,1.17,2.16,-1.17,-0.84,-2.01,False,False
Cassville,2026-09-15,Aurora,,1,0,W,2.57,-0.28,-1.57,-0.28,-1.85,False,False
Cassville,2026-09-21,Crocker,,2,1,W,3.05,1.19,-1.05,0.19,-0.87,False,False
Cassville,2026-09-22,Monett,,1,2,L,0.4,2.42,0.6,0.42,1.02,False,False
Cassville,2026-09-29,McDonald County,,,,,0.54,2.63,,,,False,False
Cassville,2026-10-01,New Heights Christian with McAuley Catholic,,0,1,L,0.7,0.52,-0.7,-0.48,-1.18,False,False
Cassville,2026-10-05,Central (Springfield),,,,,0.43,1.97,,,,False,False
Cassville,2026-10-06,Aurora,,,,,2.57,-0.28,,,,False,False
Cassville,2026-10-08,Logan-Rogersville,,,,,-1.03,4.31,,,,False,False
Cassville,2026-10-13,Monett,,,,,0.4,2.42,,,,False,False
Cassville,2026-10-15,Carl Junction,,,,,1.13,1.41,,,,False,False
Cassville,2026-10-20,McDonald County,,,,,0.54,2.63,,,,False,False
Cassville,2026-10-22,Greenwood,,,,,0.83,1.31,,,,False,False
Cassville,2026-10-26,Clinton,,,,,0.88,1.59,,,,False,False
Center,2026-08-27,William Chrisman,,1,0,W,2.67,1.41,-1.67,1.41,-0.26,False,False
Center,2026-09-01,Summit Christian Academy,,1,6,L,1.45,3.22,-0.45,-2.78,-3.23,False,False
Center,2026-09-03,Guadalupe Centers Charter,,4,5,L,2.98,1.78,1.02,-3.22,-2.19,False,False
Center,2026-09-08,Grandview,,4,2,W,2.65,2.39,1.35,0.39,1.73,False,False
Center,2026-09-10,Ruskin,,4,1,W,4.99,0.31,-0.99,-0.69,-1.68,False,False
Center,2026-09-15,Raytown South,,4,1,W,5.66,-0.38,-1.66,-1.38,-3.04,False,False
Center,2026-09-17,Pleasant Hill,,3,2,W,2.0,2.67,1.0,0.67,1.67,False,False
Center,2026-09-22,Ewing Marion Kauffman with University Academy Charter,,7,1,W,4.93,1.36,2.07,0.36,2.43,False,False
Center,2026-09-24,Clinton,,2,1,W,2.35,2.38,-0.35,1.38,1.02,False,False
Center,2026-09-29,Barstow,,0,1,L,1.55,2.85,-1.55,1.85,0.3,False,False
Center,2026-10-06,Knob Noster,,,,,7.4,-1.58,,,,False,False
Center,2026-10-08,Odessa,,,,,4.76,0.46,,,,False,False
Center,2026-10-13,Warrensburg,,,,,5.65,0.82,,,,False,False
Center,2026-10-15,Oak Grove,,,,,2.61,2.21,,,,False,False
Center,2026-10-20,Harrisonville,,,,,2.47,2.56,,,,False,False
Center,2026-10-22,St. Paul Lutheran (Concordia),,,,,2.63,2.77,,,,False,False
Center,2026-10-27,Smith-Cotton,,,,,1.86,3.86,,,,False,False
Center,2026-10-29,Excelsior Springs,,,,,2.16,3.42,,,,False,False
Central (Cape Girardeau),2026-08-28,"Harrisburg(Harrisburg, IL)",,3,0,W,,,,,,False,False
Central (Cape Girardeau),2026-08-29,"Carbondale(Carbondale, IL)",,1,4,L,,,,,,False,False
Central (Cape Girardeau),2026-09-01,"Marion(Marion, IL)",,2,0,W,,,,,,False,False
Central (Cape Girardeau),2026-09-04,"Carbondale(Carbondale, IL)",,0,4,L,,,,,,False,False
Central (Cape Girardeau),2026-09-08,Notre Dame (Cape Girardeau),,0,8,L,-2.67,4.86,2.67,-3.14,-0.47,False,False
Central (Cape Girardeau),2026-09-10,Farmington,,0,4,L,-1.82,3.68,1.82,-0.32,1.5,False,False
Central (Cape Girardeau),2026-09-15,Sikeston,,0,8,L,-1.93,4.6,1.93,-3.4,-1.47,False,False
Central (Cape Girardeau),2026-09-17,"Carbondale(Carbondale, IL)",,1,5,L,,,,,,False,False
Central (Cape Girardeau),2026-09-22,Hillsboro,,1,0,W,1.84,1.09,-0.84,1.09,0.26,False,False
Central (Cape Girardeau),2026-09-24,Festus,,2,0,W,1.26,-0.14,0.74,-0.14,0.59,False,False
Central (Cape Girardeau),2026-09-28,DeSoto,,1,2,L,1.94,2.19,-0.94,0.19,-0.75,False,False
Central (Cape Girardeau),2026-10-01,"Murphysboro(Murphysboro, IL)",,0,2,L,,,,,,False,False
Central (Cape Girardeau),2026-10-06,Jackson,,,,,-2.03,4.47,,,,False,False
Central (Cape Girardeau),2026-10-13,Saxony Lutheran with St. Vincent,,,,,-0.45,3.89,,,,False,False
Central (Cape Girardeau),2026-10-15,Poplar Bluff,,,,,0.72,3.84,,,,False,False
Central (Cape Girardeau),2026-10-20,Windsor (Imperial),,,,,0.75,0.59,,,,False,False
Central (Cape Girardeau),2026-10-22,Perryville,,,,,0.29,2.78,,,,False,False
Central (Cape Girardeau),2026-10-26,Ft. Zumwalt North,,,,,-0.66,1.63,,,,False,False
Central (Cape Girardeau),2026-10-28,Fredericktown,,,,,2.01,0.59,,,,False,False
Central (Kansas City),2026-08-27,Knob Noster,,6,0,W,7.31,-0.5,-1.31,-0.5,-1.81,False,False
Central (Kansas City),2026-09-14,Northeast (Kansas City),,0,8,L,0.02,7.06,-0.02,-0.94,-0.96,False,False
Central (Kansas City),2026-09-21,"F L Schlagle(Kansas City, KS)",,5,3,W,,,,,,False,False
Central (Kansas City),2026-09-23,Frontier STEM,,8,1,W,5.42,1.83,2.58,0.83,3.41,False,False
Central (Kansas City),2026-09-29,Guadalupe Centers Charter,,2,3,L,2.89,2.86,-0.89,-0.14,-1.03,False,False
Central (Kansas City),2026-10-05,Frontier School of Excellence Charter,,,,,2.71,1.71,,,,False,False
Central (Kansas City),2026-10-08,Cristo Rey,,,,,5.54,1.42,,,,False,False
Central (Kansas City),2026-10-14,Frontier STEM,,,,,5.42,1.83,,,,False,False
Central (Kansas City),2026-10-19,"Washington(Kansas City, KS)",,,,,,,,,,False,False
Central (Kansas City),2026-10-21,Ruskin,,,,,4.91,1.38,,,,False,False
Central (Kansas City),2026-10-26,East (Kansas City),,,,,2.78,5.29,,,,False,False
Central (Kansas City),2026-10-29,Paseo Academy,,,,,5.0,1.24,,,,False,False
Central (Springfield),2026-09-01,New Heights Christian with McAuley Catholic,,1,0,W,1.95,0.23,-0.95,0.23,-0.72,False,False
Central (Springfield),2026-09-03,Jefferson City,,3,1,W,2.77,1.37,0.23,0.37,0.6,False,False
Central (Springfield),2026-09-04,Hickman,,2,3,L,0.61,3.75,1.39,0.75,2.15,False,False
Central (Springfield),2026-09-10,Lebanon,,4,1,W,2.83,1.3,1.17,0.3,1.46,False,False
Central (Springfield),2026-09-11,New Covenant Academy,,3,0,W,2.73,0.42,0.27,0.42,0.69,False,False
Central (Springfield),2026-09-12,Willard,,3,0,W,2.21,1.08,0.79,1.08,1.87,False,False
Central (Springfield),2026-09-14,Republic,,1,0,W,0.99,1.11,0.01,1.11,1.12,False,False
Central (Springfield),2026-09-15,Greenwood,,,,,2.08,1.01,,,,False,False
Central (Springfield),2026-09-16,Hillcrest,,4,1,W,3.52,0.55,0.48,-0.45,0.03,False,False
Central (Springfield),2026-09-21,Clinton,,3,2,W,2.13,1.3,0.87,-0.7,0.17,False,False
Central (Springfield),2026-09-25,Belton,,2,4,L,1.92,2.13,0.08,-1.87,-1.8,False,False
Central (Springfield),2026-09-26,Lone Jack,,2,0,W,3.29,0.31,-1.29,0.31,-0.98,False,False
Central (Springfield),2026-09-28,West Plains,,2,3,L,2.89,2.02,-0.89,-0.98,-1.87,False,False
Central (Springfield),2026-09-29,St. Paul Lutheran (Concordia),,0,2,L,2.41,1.69,-2.41,-0.31,-2.72,False,False
Central (Springfield),2026-10-02,Osage,,5,0,W,3.69,0.78,1.31,0.78,2.1,False,False
Central (Springfield),2026-10-05,Cassville,,,,,1.97,0.43,,,,False,False
Central (Springfield),2026-10-08,Carl Junction,,,,,2.39,1.12,,,,False,False
Central (Springfield),2026-10-12,McDonald County,,,,,1.79,2.34,,,,False,False
Central (Springfield),2026-10-13,Greenwood,,,,,2.08,1.01,,,,False,False
Central (Springfield),2026-10-15,La Monte,,,,,4.67,-2.29,,,,False,False
Central (Springfield),2026-10-16,Camdenton,,,,,1.52,2.23,,,,False,False
Central (Springfield),2026-10-19,Laquey with Richland,,,,,2.98,0.4,,,,False,False
Central (Springfield),2026-10-20,Parkview,,,,,2.42,1.86,,,,False,False
Central (Springfield),2026-10-22,Monett,,,,,1.66,2.13,,,,False,False
Central (Springfield),2026-10-26,Branson,,,,,1.2,2.41,,,,False,False
Central (Springfield),2026-10-29,Kickapoo,,,,,2.25,2.02,,,,False,False
Central (St. Joseph),2026-09-01,Staley,,0,2,L,0.02,1.81,-0.02,-0.19,-0.21,False,False
Central (St. Joseph),2026-09-02,Benton,,5,1,W,4.43,0.67,0.57,-0.33,0.24,False,False
Central (St. Joseph),2026-09-08,Savannah,,4,1,W,2.77,0.91,1.23,-0.09,1.14,False,False
Central (St. Joseph),2026-09-10,Blue Springs,,1,4,L,-0.17,3.47,1.17,-0.53,0.64,False,False
Central (St. Joseph),2026-09-15,Park Hill,,0,1,L,0.17,2.11,-0.17,1.11,0.95,False,False
Central (St. Joseph),2026-09-17,Blue Springs South,,0,2,L,-0.55,4.07,0.55,2.07,2.62,False,False
Central (St. Joseph),2026-09-21,Bishop LeBlond,,8,0,W,7.9,-1.49,0.1,-1.49,-1.39,False,False
Central (St. Joseph),2026-09-22,Summit Christian Academy,,1,2,L,1.49,1.37,-0.49,-0.63,-1.12,False,False
Central (St. Joseph),2026-09-24,Fort Osage,,0,2,L,0.95,1.83,-0.95,-0.17,-1.12,False,False
Central (St. Joseph),2026-09-29,Lee's Summit North,,0,3,L,0.47,3.12,-0.47,0.12,-0.36,False,False
Central (St. Joseph),2026-10-01,Smithville,,,,,1.82,0.34,,,,False,False
Central (St. Joseph),2026-10-06,Liberty North,,,,,-1.07,4.21,,,,False,False
Central (St. Joseph),2026-10-08,Park Hill South,,,,,-0.74,3.34,,,,False,False
Central (St. Joseph),2026-10-13,North Kansas City,,,,,1.68,1.42,,,,False,False
Central (St. Joseph),2026-10-15,Liberty,,,,,-0.35,3.75,,,,False,False
Central (St. Joseph),2026-10-20,Oak Park,,,,,1.71,1.11,,,,False,False
Central (St. Joseph),2026-10-22,Winnetonka,,,,,3.66,-0.31,,,,False,False
Chaminade College Prep,2026-08-29,SLUH,,2,2,T,1.38,1.73,0.62,-0.27,0.35,False,False
Chaminade College Prep,2026-09-03,Kirkwood,,1,0,W,1.63,0.67,-0.63,0.67,0.03,False,False
Chaminade College Prep,2026-09-09,Rockwood Summit,,4,1,W,3.28,0.8,0.72,-0.2,0.52,False,False
Chaminade College Prep,2026-09-11,"McCracken(McCracken, KY)",,3,0,W,,,,,,False,False
Chaminade College Prep,2026-09-12,"Peoria Notre Dame(Peoria, IL)",,1,0,W,,,,,,False,False
Chaminade College Prep,2026-09-14,Webster Groves,,3,1,W,3.08,0.23,-0.08,-0.77,-0.86,False,False
Chaminade College Prep,2026-09-15,Christian Brothers College,,2,2,T,1.83,1.0,0.17,-1.0,-0.83,False,False
Chaminade College Prep,2026-09-17,Ozark,,4,1,W,4.13,0.31,-0.13,-0.69,-0.82,False,False
Chaminade College Prep,2026-09-18,Nixa,,1,0,W,2.52,1.06,-1.52,1.06,-0.46,False,False
Chaminade College Prep,2026-09-19,Kickapoo,,5,0,W,5.43,-1.31,-0.43,-1.31,-1.74,False,False
Chaminade College Prep,2026-09-22,Parkway West,,2,0,W,1.96,0.57,0.04,0.57,0.61,False,False
Chaminade College Prep,2026-09-24,Vianney,,3,0,W,2.09,0.65,0.91,0.65,1.56,False,False
Chaminade College Prep,2026-09-29,"Collinsville(Collinsville, IL)",,4,0,W,,,,,,False,False
Chaminade College Prep,2026-10-01,Timberland,,3,0,W,3.0,-0.59,-0.0,-0.59,-0.59,False,False
Chaminade College Prep,2026-10-03,Mehlville,,,,,3.27,-0.82,,,,False,False
Chaminade College Prep,2026-10-08,De Smet Jesuit,,,,,2.79,0.61,,,,False,False
Chaminade College Prep,2026-10-09,"St. James(Kansas City, KS)",,,,,,,,,,False,False
Chaminade College Prep,2026-10-10,"Blue Valley Northwest(Overland Park, KS)",,,,,,,,,,False,False
Chaminade College Prep,2026-10-16,Springfield Catholic,,,,,3.63,0.13,,,,False,False
Chaminade College Prep,2026-10-20,Lindbergh,,,,,2.68,0.54,,,,False,False
Chaminade College Prep,2026-10-24,Priory,,,,,2.83,0.1,,,,False,False
Chaminade College Prep,2026-10-26,St. Dominic,,,,,1.46,1.09,,,,False,False
Chillicothe,2026-08-27,Lone Jack,,2,0,W,1.69,0.99,0.31,0.99,1.3,False,False
Chillicothe,2026-09-01,Cameron,,4,1,W,3.49,0.53,0.51,-0.47,0.04,False,False
Chillicothe,2026-09-03,Marshall,,0,5,L,-1.02,3.27,1.02,-1.73,-0.7,False,False
Chillicothe,2026-09-12,Mexico,,4,1,W,3.93,-0.44,0.07,-1.44,-1.37,False,False
Chillicothe,2026-09-15,Maryville,,,,,2.3,1.31,,,,False,False
Chillicothe,2026-09-17,Kirksville,,0,3,L,-0.15,2.19,0.15,-0.81,-0.66,False,False
Chillicothe,2026-09-22,Benton,,2,1,W,2.57,2.13,-0.57,1.13,0.56,False,False
Chillicothe,2026-09-24,Excelsior Springs,,0,4,L,0.33,3.02,-0.33,-0.98,-1.32,False,False
Chillicothe,2026-09-29,Maryville,,2,1,W,2.3,1.31,-0.3,0.31,0.0,False,False
Chillicothe,2026-10-01,St. Paul Lutheran (Concordia),,,,,0.81,2.37,,,,False,False
Chillicothe,2026-10-06,Moberly,,,,,0.97,1.82,,,,False,False
Chillicothe,2026-10-08,Cameron,,,,,3.49,0.53,,,,False,False
Chillicothe,2026-10-12,Savannah,,,,,0.91,2.37,,,,False,False
Chillicothe,2026-10-15,Benton,,,,,2.57,2.13,,,,False,False
Chillicothe,2026-10-20,Sacred Heart,,,,,2.98,-0.72,,,,False,False
Chillicothe,2026-10-22,Kirksville,,,,,-0.15,2.19,,,,False,False
Chillicothe,2026-10-26,Bishop LeBlond,,,,,6.04,-0.03,,,,False,False
Chillicothe,2026-10-28,Savannah,,,,,0.91,2.37,,,,False,False
"Christ Prep(Lenexa, KS)",2026-08-31,Guadalupe Centers Charter,,4,2,W,,,,,,False,False
"Christ Prep(Olathe, KS)",2026-10-27,Barstow,,,,,,,,,,False,False
"Christ Preparatory(Lenexa , KS)",2026-09-03,Pleasant Hill,,7,0,W,,,,,,False,False
"Christ Prepatory(Olathe, KS)",2026-09-04,Faith Christian Academy,,1,0,W,,,,,,False,False
Christian Brothers College,2026-09-01,Rockwood Summit,,2,1,W,2.76,1.1,-0.76,0.1,-0.66,False,False
Christian Brothers College,2026-09-03,Lindbergh,,3,1,W,2.16,0.84,0.84,-0.16,0.68,False,False
Christian Brothers College,2026-09-08,Ladue Horton Watkins,,4,3,W,1.98,1.43,2.02,-1.57,0.44,False,False
Christian Brothers College,2026-09-11,"Peoria Notre Dame(Peoria, IL)",,1,1,T,,,,,,False,False
Christian Brothers College,2026-09-12,"McCracken County HS(McCracken County , KY)",,5,1,W,,,,,,False,False
Christian Brothers College,2026-09-14,Parkway Central,,2,0,W,2.88,-0.84,-0.88,-0.84,-1.72,False,False
Christian Brothers College,2026-09-15,Chaminade College Prep,,2,2,T,1.0,1.83,1.0,-0.17,0.83,False,False
Christian Brothers College,2026-09-17,De Smet Jesuit,,2,1,W,2.27,0.91,-0.27,-0.09,-0.35,False,False
Christian Brothers College,2026-09-22,Priory,,1,0,W,2.31,0.4,-1.31,0.4,-0.91,False,False
Christian Brothers College,2026-09-24,Francis Howell Central,,2,1,W,1.62,1.8,0.38,0.8,1.17,False,False
Christian Brothers College,2026-09-26,"Edwardsville(Edwardsville , IL)",,2,0,W,,,,,,False,False
Christian Brothers College,2026-09-29,Kirkwood,,1,0,W,1.11,0.97,-0.11,0.97,0.86,False,False
Christian Brothers College,2026-10-01,Clayton,,0,1,L,1.87,1.12,-1.87,0.12,-1.75,False,False
Christian Brothers College,2026-10-03,Oakville,,,,,0.86,1.29,,,,False,False
Christian Brothers College,2026-10-06,St. Dominic,,,,,0.93,1.39,,,,False,False
Christian Brothers College,2026-10-08,SLUH,,,,,0.85,2.03,,,,False,False
Christian Brothers College,2026-10-10,"Sacred Heart Griffin(Springfield, IL)",,,,,,,,,,False,False
Christian Brothers College,2026-10-15,Vianney,,,,,1.57,0.95,,,,False,False
Christian Brothers College,2026-10-20,Francis Howell North,,,,,2.96,0.46,,,,False,False
Christian Brothers College,2026-10-27,Ft. Zumwalt South,,,,,2.46,0.87,,,,False,False
Christian Fellowship Sr. with Hallsville,2026-08-28,St. Paul Lutheran (Concordia),,1,2,L,0.56,4.07,0.44,2.07,2.51,False,False
Christian Fellowship Sr. with Hallsville,2026-09-01,Battle with Columbia Independent,,0,7,L,-0.68,4.52,0.68,-2.48,-1.79,False,False
Christian Fellowship Sr. with Hallsville,2026-09-03,Wright City,,2,1,W,2.0,1.64,-0.0,0.64,0.63,False,False
Christian Fellowship Sr. with Hallsville,2026-09-04,Smithton,,3,2,W,2.78,1.3,0.22,-0.7,-0.48,False,False
Christian Fellowship Sr. with Hallsville,2026-09-08,Calvary Lutheran,,9,1,W,8.19,1.0,0.81,-0.0,0.81,False,False
Christian Fellowship Sr. with Hallsville,2026-09-10,Sacred Heart,,3,0,W,2.73,0.99,0.27,0.99,1.26,False,False
Christian Fellowship Sr. with Hallsville,2026-09-15,Eugene,,7,0,W,4.12,0.47,2.88,0.47,3.35,False,False
Christian Fellowship Sr. with Hallsville,2026-09-17,Southern Boone,,1,6,L,0.15,4.35,0.85,-1.65,-0.8,False,False
Christian Fellowship Sr. with Hallsville,2026-09-18,Moberly,,0,3,L,0.72,3.52,-0.72,0.52,-0.2,False,False
Christian Fellowship Sr. with Hallsville,2026-09-21,Fulton,,3,1,W,2.14,1.67,0.86,0.67,1.53,False,False
Christian Fellowship Sr. with Hallsville,2026-09-25,Paseo Academy,,1,2,L,3.01,1.47,-2.01,-0.53,-2.54,False,False
Christian Fellowship Sr. with Hallsville,2026-09-26,Hillsboro,,1,4,L,1.84,3.03,-0.84,-0.97,-1.81,False,False
Christian Fellowship Sr. with Hallsville,2026-09-26,Kirksville,,1,8,L,-0.4,3.89,1.4,-4.11,-2.71,False,False
Christian Fellowship Sr. with Hallsville,2026-09-29,Stover,,0,2,L,1.36,3.48,-1.36,1.48,0.12,False,False
Christian Fellowship Sr. with Hallsville,2026-10-05,Rock Bridge,,,,,-2.01,6.62,,,,False,False
Christian Fellowship Sr. with Hallsville,2026-10-08,Mexico,,,,,3.68,1.26,,,,False,False
Christian Fellowship Sr. with Hallsville,2026-10-09,Missouri Military Academy,,,,,1.16,3.3,,,,False,False
Christian Fellowship Sr. with Hallsville,2026-10-12,La Monte,,,,,2.82,0.1,,,,False,False
Christian Fellowship Sr. with Hallsville,2026-10-13,Iberia,,,,,7.54,-0.15,,,,False,False
Christian Fellowship Sr. with Hallsville,2026-10-16,Barstow,,,,,-0.52,4.15,,,,False,False
Christian Fellowship Sr. with Hallsville,2026-10-19,Green Ridge with Cole Camp,,,,,3.57,0.61,,,,False,False
Christian Fellowship Sr. with Hallsville,2026-10-22,Boonville,,,,,0.88,3.57,,,,False,False
Christian Fellowship Sr. with Hallsville,2026-10-26,Father Tolton,,,,,-1.28,5.86,,,,False,False
"Civic Memorial(Bethalto, IL)",2026-08-29,Parkway North,,2,0,W,,,,,,False,False
Clayton,2026-09-01,Mehlville,,3,1,W,2.56,0.04,0.44,-0.96,-0.52,False,False
Clayton,2026-09-03,St. Mary's South Side,,7,1,W,4.38,0.56,2.62,-0.44,2.19,False,False
Clayton,2026-09-08,Affton,,5,1,W,5.66,0.5,-0.66,-0.5,-1.16,False,False
Clayton,2026-09-15,Parkway South,,4,3,W,2.26,0.82,1.74,-2.18,-0.44,False,False
Clayton,2026-09-17,Lafayette (Wildwood),,0,2,L,2.54,2.54,-2.54,0.54,-2.0,False,False
Clayton,2026-09-22,Vianney,,1,2,L,1.38,1.51,-0.38,-0.49,-0.87,False,False
Clayton,2026-09-24,Eureka,,2,1,W,2.16,2.15,-0.16,1.15,0.99,False,False
Clayton,2026-09-29,Perryville,,7,1,W,4.61,-0.13,2.39,-1.13,1.26,False,False
Clayton,2026-10-01,Christian Brothers College,,1,0,W,1.12,1.87,-0.12,1.87,1.75,False,False
Clayton,2026-10-03,Parkway Central,,,,,2.69,-0.27,,,,False,False
Clayton,2026-10-06,Orchard Farm,,,,,2.25,-0.11,,,,False,False
Clayton,2026-10-08,Webster Groves,,,,,2.37,1.09,,,,False,False
Clayton,2026-10-13,St. Charles,,,,,2.99,2.28,,,,False,False
Clayton,2026-10-15,Kirkwood,,,,,0.92,1.53,,,,False,False
Clayton,2026-10-20,Ladue Horton Watkins,,,,,1.79,1.99,,,,False,False
Clayton,2026-10-22,Parkway West,,,,,1.24,1.43,,,,False,False
Clayton,2026-10-28,John Burroughs,,,,,2.01,2.03,,,,False,False
Clinton,2026-08-27,Smith-Cotton,,1,4,L,1.25,3.23,-0.25,-0.77,-1.02,False,False
Clinton,2026-08-28,Moberly,,0,1,L,2.19,1.59,-2.19,0.59,-1.6,False,False
Clinton,2026-08-29,Carl Junction,,3,2,W,2.0,1.57,1.0,-0.43,0.57,False,False
Clinton,2026-09-01,Boonville,,7,1,W,2.35,1.63,4.65,0.63,5.28,False,False
Clinton,2026-09-02,Knob Noster,,8,0,W,6.79,-2.21,1.21,-2.21,-0.99,False,False
Clinton,2026-09-07,Green Ridge with Cole Camp,,8,2,W,5.04,-1.32,2.96,-3.32,-0.36,False,False
Clinton,2026-09-08,St. Paul Lutheran (Concordia),,1,2,L,2.03,2.14,-1.03,0.14,-0.89,False,False
Clinton,2026-09-15,Osage,,4,3,W,3.3,1.23,0.7,-1.77,-1.07,False,False
Clinton,2026-09-17,Harrisonville,,0,1,L,1.86,1.93,-1.86,0.93,-0.93,False,False
Clinton,2026-09-21,Central (Springfield),,2,3,L,1.3,2.13,0.7,-0.87,-0.17,False,False
Clinton,2026-09-24,Center,,1,2,L,2.38,2.35,-1.38,0.35,-1.02,False,False
Clinton,2026-09-29,Summit Christian Academy,,0,1,L,0.84,2.59,-0.84,1.59,0.75,False,False
Clinton,2026-10-02,Monett,,,,,1.27,2.58,,,,False,False
Clinton,2026-10-06,Oak Grove,,,,,2.0,1.58,,,,False,False
Clinton,2026-10-08,Pleasant Hill,,,,,1.39,2.04,,,,False,False
Clinton,2026-10-15,Warrensburg,,,,,5.04,0.19,,,,False,False
Clinton,2026-10-20,Odessa,,,,,4.15,-0.18,,,,False,False
Clinton,2026-10-22,Lone Jack,,,,,2.91,0.76,,,,False,False
Clinton,2026-10-26,Cassville,,,,,1.59,0.88,,,,False,False
Clinton,2026-10-27,St. Paul Lutheran (Concordia),,,,,2.03,2.14,,,,False,False
Clinton,2026-10-29,Smithton,,,,,4.25,-0.63,,,,False,False
Collegiate School of Med-Bio Science with McKinley Classical Leadership,2026-09-01,University City,,2,1,W,2.69,1.61,-0.69,0.61,-0.08,False,False
Collegiate School of Med-Bio Science with McKinley Classical Leadership,2026-09-03,Roosevelt,,1,0,W,2.89,0.24,-1.89,0.24,-1.65,False,False
Collegiate School of Med-Bio Science with McKinley Classical Leadership,2026-09-04,Bayless,,0,7,L,0.49,3.53,-0.49,-3.47,-3.96,False,False
Collegiate School of Med-Bio Science with McKinley Classical Leadership,2026-09-08,Lutheran North,,,,,5.37,0.99,,,,False,False
Collegiate School of Med-Bio Science with McKinley Classical Leadership,2026-09-10,Metro,,0,2,L,0.72,3.72,-0.72,1.72,1.0,False,False
Collegiate School of Med-Bio Science with McKinley Classical Leadership,2026-09-14,Bishop DuBourg,,4,1,W,3.01,1.7,0.99,0.7,1.68,False,False
Collegiate School of Med-Bio Science with McKinley Classical Leadership,2026-09-16,Whitfield,,1,3,L,1.2,3.18,-0.2,0.18,-0.02,False,False
Collegiate School of Med-Bio Science with McKinley Classical Leadership,2026-09-21,Ritenour,,1,0,W,2.02,1.25,-1.02,1.25,0.23,False,False
Collegiate School of Med-Bio Science with McKinley Classical Leadership,2026-09-24,"Collinsville(Collinsville, IL)",,3,3,T,,,,,,False,False
Collegiate School of Med-Bio Science with McKinley Classical Leadership,2026-09-29,Roosevelt,,3,1,W,2.89,0.24,0.11,-0.76,-0.65,False,False
Collegiate School of Med-Bio Science with McKinley Classical Leadership,2026-10-01,Cardinal Ritter,,1,0,W,7.13,-0.12,-6.13,-0.12,-6.26,False,False
Collegiate School of Med-Bio Science with McKinley Classical Leadership,2026-10-02,Winfield,,4,3,W,2.5,1.8,1.5,-1.2,0.3,False,False
Collegiate School of Med-Bio Science with McKinley Classical Leadership,2026-10-06,Gateway with Soldan International Studies,,,,,2.5,0.62,,,,False,False
Collegiate School of Med-Bio Science with McKinley Classical Leadership,2026-10-13,Gateway Science Charter,,,,,2.49,2.11,,,,False,False
Collegiate School of Med-Bio Science with McKinley Classical Leadership,2026-10-15,Valley Park,,,,,0.68,1.49,,,,False,False
Collegiate School of Med-Bio Science with McKinley Classical Leadership,2026-10-16,Lutheran North,,,,,5.37,0.99,,,,False,False
Collegiate School of Med-Bio Science with McKinley Classical Leadership,2026-10-19,Brentwood,,,,,1.82,2.07,,,,False,False
Collegiate School of Med-Bio Science with McKinley Classical Leadership,2026-10-20,Orchard Farm,,,,,-1.16,3.51,,,,False,False
Collegiate School of Med-Bio Science with McKinley Classical Leadership,2026-10-22,St. Mary's South Side,,,,,0.96,4.18,,,,False,False
Collegiate School of Med-Bio Science with McKinley Classical Leadership,2026-10-26,STEAM Academy,,,,,3.68,0.56,,,,False,False
Collegiate School of Med-Bio Science with McKinley Classical Leadership,2026-10-27,Affton,,,,,2.24,4.12,,,,False,False
Collegiate School of Med-Bio Science with McKinley Classical Leadership,2026-10-29,St. Charles West,,,,,1.33,1.56,,,,False,False
"Collinsville HS(Collinsville, IL)",2026-10-13,Orchard Farm,,,,,,,,,,False,False
"Collinsville(Collinsville, IL)",2026-08-27,Parkway North,,4,1,W,,,,,,False,False
"Collinsville(Collinsville, IL)",2026-08-29,Orchard Farm,,2,3,L,,,,,,False,False
"Collinsville(Collinsville, IL)",2026-09-24,Collegiate School of Med-Bio Science with McKinley Classical Leadership,,3,3,T,,,,,,False,False
"Collinsville(Collinsville, IL)",2026-09-29,Chaminade College Prep,,0,4,L,,,,,,False,False
"Collinsville(Collinsville, IL)",2026-10-01,Mehlville,,1,3,L,,,,,,False,False
"Collinsville(Collinsville, IL)",2026-10-03,Timberland,,,,,,,,,,False,False
"Collinsville(Collinsville, IL)",2026-10-14,Roosevelt,,,,,,,,,,False,False
"Columbia(Columbia, IL)",2026-09-03,Marquette,,4,2,W,,,,,,False,False
Cristo Rey,2026-08-27,Frontier School of Excellence Charter,,0,2,L,0.15,3.27,-0.15,1.27,1.13,False,False
Cristo Rey,2026-09-01,Paseo Academy,,3,1,W,2.44,2.8,0.56,1.8,2.36,False,False
Cristo Rey,2026-09-03,Frontier STEM,,2,4,L,2.86,3.4,-0.86,-0.6,-1.47,False,False
Cristo Rey,2026-09-10,Frontier School of Excellence Charter,,0,5,L,0.15,3.27,-0.15,-1.73,-1.87,False,False
Cristo Rey,2026-09-17,"Washington(Kansas City, KA)",,0,7,L,,,,,,False,False
Cristo Rey,2026-09-22,Guadalupe Centers Charter,,1,6,L,0.33,4.42,0.67,-1.58,-0.91,False,False
Cristo Rey,2026-09-25,Barstow,,0,8,L,-1.09,5.49,1.09,-2.51,-1.42,False,False
Cristo Rey,2026-09-29,Daniel Academy Sr. High,,5,8,L,,,,,,False,False
Cristo Rey,2026-10-01,Frontier STEM,,,,,2.86,3.4,,,,False,False
Cristo Rey,2026-10-06,Guadalupe Centers Charter,,,,,0.33,4.42,,,,False,False
Cristo Rey,2026-10-08,Central (Kansas City),,,,,1.42,5.54,,,,False,False
Cristo Rey,2026-10-13,Lincoln College Prep,,,,,-1.38,8.02,,,,False,False
Cristo Rey,2026-10-15,"Bishop Ward(Kansas City, KS)",,,,,,,,,,False,False
Cristo Rey,2026-10-29,Faith Christian Academy,,,,,-0.85,4.59,,,,False,False
Crocker,2026-08-28,Maranatha Baptist,,8,0,W,,,,,,False,False
Crocker,2026-09-01,Laquey with Richland,,2,3,L,2.2,3.03,-0.2,0.03,-0.17,False,False
Crocker,2026-09-03,Lebanon,,3,6,L,2.05,3.92,0.95,-2.08,-1.12,False,False
Crocker,2026-09-03,Maranatha Baptist,,,,,,,,,,False,False
Crocker,2026-09-08,Fatima,,9,1,W,5.17,0.37,3.83,-0.63,3.2,False,False
Crocker,2026-09-10,Greenwood,,1,4,L,1.29,3.64,-0.29,-0.36,-0.65,False,False
Crocker,2026-09-15,Iberia,,7,1,W,8.61,0.09,-1.61,-0.91,-2.52,False,False
Crocker,2026-09-21,Cassville,,1,2,L,1.19,3.05,-0.19,1.05,0.87,False,False
Crocker,2026-09-24,Fulton,,1,2,L,3.21,1.92,-2.21,-0.08,-2.3,False,False
Crocker,2026-09-28,Sullivan,,3,2,W,1.95,3.72,1.05,1.72,2.77,False,False
Crocker,2026-10-02,Fair Grove,,,,,1.97,5.91,,,,False,False
Crocker,2026-10-05,New Covenant Academy,,,,,1.95,3.05,,,,False,False
Crocker,2026-10-08,Osage,,,,,2.9,3.41,,,,False,False
Crocker,2026-10-09,Lone Jack,,,,,2.51,2.93,,,,False,False
Crocker,2026-10-12,Calvary Lutheran,,,,,9.26,1.24,,,,False,False
Crocker,2026-10-13,Dixon,,,,,4.27,1.67,,,,False,False
Crocker,2026-10-15,Eugene,,,,,5.19,0.71,,,,False,False
Crocker,2026-10-20,Rolla Sr. High Home Sch,,,,,,,,,,False,False
Crocker,2026-10-22,Marshfield,,,,,2.37,2.51,,,,False,False
Crocker,2026-10-26,Stover,,,,,2.42,3.72,,,,False,False
Crocker,2026-10-29,Iberia,,,,,8.61,0.09,,,,False,False
Crossroads College Preparatory,2026-09-08,Bayless,,0,6,L,-0.64,6.52,0.64,0.52,1.16,False,False
Crossroads College Preparatory,2026-09-11,Hancock,,0,5,L,0.87,3.97,-0.87,-1.03,-1.9,False,False
Crossroads College Preparatory,2026-09-22,Valley Park,,2,4,L,-0.45,4.48,2.45,0.48,2.94,False,False
Crossroads College Preparatory,2026-09-28,Cardinal Ritter,,5,2,W,6.0,2.87,-1.0,0.87,-0.13,False,False
Crossroads College Preparatory,2026-10-01,Lutheran North,,,,,4.24,3.98,,,,False,False
Crossroads College Preparatory,2026-10-02,Maplewood-Richmond Hts.,,0,8,L,-1.18,6.96,1.18,-1.04,0.14,False,False
Crossroads College Preparatory,2026-10-06,Brentwood,,,,,0.68,5.07,,,,False,False
Crossroads College Preparatory,2026-10-13,Bayless,,,,,-0.64,6.52,,,,False,False
Crossroads College Preparatory,2026-10-19,Valley Park,,,,,-0.45,4.48,,,,False,False
Crossroads College Preparatory,2026-10-21,Hancock,,,,,0.87,3.97,,,,False,False
Crossroads College Preparatory,2026-10-22,Maplewood-Richmond Hts.,,,,,-1.18,6.96,,,,False,False
Crossroads College Preparatory,2026-10-26,Brentwood,,,,,0.68,5.07,,,,False,False
Daniel Academy Sr. High,2026-09-22,Frontier School of Excellence Charter,,2,7,L,,,,,,False,False
Daniel Academy Sr. High,2026-09-29,Cristo Rey,,8,5,W,,,,,,False,False
Daniel Academy Sr. High,2026-10-09,Guadalupe Centers Charter,,,,,,,,,,False,False
Daniel Academy Sr. High,2026-10-15,Frontier School of Excellence Charter,,,,,,,,,,False,False
"Daniel(Kansas City , MO)",2026-10-06,Frontier STEM,,,,,,,,,,False,False
"Daniel(Kansas City, MO)",2026-09-08,Frontier STEM,,1,5,L,,,,,,False,False
De Smet Jesuit,2026-09-01,Hickman,,1,2,L,2.87,1.69,-1.87,-0.31,-2.18,False,False
De Smet Jesuit,2026-09-03,Ladue Horton Watkins,,3,1,W,1.59,2.39,1.41,1.39,2.8,False,False
De Smet Jesuit,2026-09-05,St. Mary's South Side,,4,1,W,4.18,0.96,-0.18,-0.04,-0.21,False,False
De Smet Jesuit,2026-09-10,"O'fallon Township(O'Fallon, IL)",,1,0,W,,,,,,False,False
De Smet Jesuit,2026-09-12,Jackson,,4,3,W,2.08,1.95,1.92,-1.05,0.88,False,False
De Smet Jesuit,2026-09-14,"Triad(Troy, IL)",,0,0,T,,,,,,False,False
De Smet Jesuit,2026-09-17,Christian Brothers College,,1,2,L,0.91,2.27,0.09,0.27,0.35,False,False
De Smet Jesuit,2026-09-21,"Belleville Althoff(Belleville, IL)",,3,1,W,,,,,,False,False
De Smet Jesuit,2026-09-24,SLUH,,0,2,L,0.46,2.99,-0.46,0.99,0.53,False,False
De Smet Jesuit,2026-09-26,Francis Howell,,1,2,L,1.93,1.7,-0.93,-0.3,-1.23,False,False
De Smet Jesuit,2026-09-29,St. Dominic,,0,3,L,0.54,2.35,-0.54,-0.65,-1.19,False,False
De Smet Jesuit,2026-10-03,Ft. Zumwalt West,,,,,1.68,1.39,,,,False,False
De Smet Jesuit,2026-10-06,Vianney,,,,,1.18,1.92,,,,False,False
De Smet Jesuit,2026-10-08,Chaminade College Prep,,,,,0.61,2.79,,,,False,False
De Smet Jesuit,2026-10-09,Ft. Zumwalt East,,,,,2.5,-0.01,,,,False,False
De Smet Jesuit,2026-10-19,Francis Howell North,,,,,2.58,1.43,,,,False,False
De Smet Jesuit,2026-10-28,Lindbergh,,,,,1.77,1.8,,,,False,False
DeSoto,2026-08-27,Union,,1,2,L,2.1,2.82,-1.1,0.82,-0.28,False,False
DeSoto,2026-09-01,Brentwood,,5,1,W,2.83,3.03,2.17,2.03,4.2,False,False
DeSoto,2026-09-03,Perryville,,3,4,L,2.2,4.44,0.8,0.44,1.24,False,False
DeSoto,2026-09-08,Sikeston,,0,8,L,-0.02,6.26,0.02,-1.74,-1.72,False,False
DeSoto,2026-09-12,Farmington,,0,7,L,0.09,5.34,-0.09,-1.66,-1.75,False,False
DeSoto,2026-09-15,Hillsboro,,6,5,W,3.74,2.75,2.26,-2.25,0.01,False,False
DeSoto,2026-09-17,Festus,,0,1,L,3.17,1.51,-3.17,0.51,-2.65,False,False
DeSoto,2026-09-21,Poplar Bluff,,2,8,L,2.62,5.5,-0.62,-2.5,-3.12,False,False
DeSoto,2026-09-24,North County,,4,3,W,5.28,0.85,-1.28,-2.15,-3.42,False,False
DeSoto,2026-09-28,Central (Cape Girardeau),,2,1,W,2.19,1.94,-0.19,0.94,0.75,False,False
DeSoto,2026-10-01,Lutheran South,,1,4,L,1.62,4.67,-0.62,0.67,0.05,False,False
DeSoto,2026-10-06,Festus,,,,,3.17,1.51,,,,False,False
DeSoto,2026-10-13,Perryville,,,,,2.2,4.44,,,,False,False
DeSoto,2026-10-15,Notre Dame (Cape Girardeau),,,,,-0.77,6.52,,,,False,False
DeSoto,2026-10-19,Windsor (Imperial),,,,,2.65,2.25,,,,False,False
DeSoto,2026-10-22,Fredericktown,,,,,3.92,2.25,,,,False,False
DeSoto,2026-10-24,Hillsboro,,,,,3.74,2.75,,,,False,False
DeSoto,2026-10-26,Windsor (Imperial),,,,,2.65,2.25,,,,False,False
Dexter,2026-08-27,Kennett,,5,4,W,3.87,3.71,1.13,-0.29,0.84,False,False
Dexter,2026-09-03,Saxony Lutheran with St. Vincent,,0,7,L,-2.22,8.33,2.22,1.33,3.55,False,False
Dexter,2026-09-08,Kennett,,2,3,L,3.87,3.71,-1.87,0.71,-1.16,False,False
Dexter,2026-09-10,Fredericktown,,1,7,L,0.24,5.03,0.76,-1.97,-1.21,False,False
Dexter,2026-09-15,Westwood Baptist Sr.,,8,1,W,,,,,,False,False
Dexter,2026-09-24,Notre Dame (Cape Girardeau),,0,9,L,-4.44,9.3,4.44,0.3,4.74,False,False
Dexter,2026-10-01,Saxony Lutheran with St. Vincent,,0,8,L,-2.22,8.33,2.22,0.33,2.55,False,False
Dexter,2026-10-07,Kennett,,,,,3.87,3.71,,,,False,False
Dexter,2026-10-15,Eagle Ridge Christian,,,,,,,,,,False,False
Dexter,2026-10-19,Westwood Baptist Sr.,,,,,,,,,,False,False
Dexter,2026-10-26,North County,,,,,1.6,3.63,,,,False,False
Dixon,2026-09-04,Lebanon,,1,6,L,0.19,4.67,0.81,-1.33,-0.52,False,False
Dixon,2026-09-08,Laquey with Richland,,0,5,L,0.34,3.78,-0.34,-1.22,-1.56,False,False
Dixon,2026-09-11,Stover,,2,3,L,0.57,4.47,1.43,1.47,2.9,False,False
Dixon,2026-09-17,Calvary Lutheran,,6,3,W,7.4,1.99,-1.4,-1.01,-2.41,False,False
Dixon,2026-09-22,Eugene,,5,1,W,3.33,1.46,1.67,0.46,2.13,False,False
Dixon,2026-09-24,Iberia,,6,1,W,6.75,0.84,-0.75,-0.16,-0.91,False,False
Dixon,2026-09-28,Fair Grove,,1,9,L,0.11,6.66,0.89,-2.34,-1.45,False,False
Dixon,2026-09-29,Maranatha Baptist,,5,2,W,,,,,,False,False
Dixon,2026-10-01,Fatima,,1,0,W,3.32,1.12,-2.32,1.12,-1.19,False,False
Dixon,2026-10-05,Iberia,,,,,6.75,0.84,,,,False,False
Dixon,2026-10-06,Greenwood,,,,,-0.56,4.39,,,,False,False
Dixon,2026-10-08,Sullivan,,,,,0.09,4.47,,,,False,False
Dixon,2026-10-13,Crocker,,,,,1.67,4.27,,,,False,False
Dixon,2026-10-15,Iberia,,,,,6.75,0.84,,,,False,False
Dixon,2026-10-19,Marshfield,,,,,0.51,3.26,,,,False,False
Dixon,2026-10-23,Sacred Heart,,,,,1.94,1.98,,,,False,False
Dixon,2026-10-26,New Covenant Academy,,,,,0.09,3.8,,,,False,False
Duchesne,2026-08-27,Holt,,1,2,L,2.36,2.34,-1.36,0.34,-1.01,False,False
Duchesne,2026-08-31,Hazelwood Central,,5,0,W,,,,,,False,False
Duchesne,2026-09-08,Wright City,,4,0,W,3.35,0.45,0.65,0.45,1.1,False,False
Duchesne,2026-09-09,St. Louis United,,4,1,W,,,,,,False,False
Duchesne,2026-09-15,Maplewood-Richmond Hts.,,0,6,L,0.4,4.0,-0.4,-2.0,-2.39,False,False
Duchesne,2026-09-22,Whitfield,,3,7,L,1.65,3.21,1.35,-3.79,-2.43,False,False
Duchesne,2026-09-24,Warrenton,,2,0,W,1.69,3.49,0.31,3.49,3.8,False,False
Duchesne,2026-09-28,Pattonville,,1,5,L,0.48,4.58,0.52,-0.42,0.09,False,False
Duchesne,2026-09-29,Orchard Farm,,0,2,L,-0.72,3.55,0.72,1.55,2.26,False,False
Duchesne,2026-10-01,Ft. Zumwalt North,,0,2,L,0.69,2.38,-0.69,0.38,-0.31,False,False
Duchesne,2026-10-05,Parkway North,,,,,1.08,3.19,,,,False,False
Duchesne,2026-10-12,St. Charles West,,,,,1.78,1.6,,,,False,False
Duchesne,2026-10-13,Troy Buchanan,,,,,-0.85,3.74,,,,False,False
Duchesne,2026-10-16,Valley Park,,,,,1.13,1.53,,,,False,False
Duchesne,2026-10-19,St. Charles,,,,,0.02,5.93,,,,False,False
Duchesne,2026-10-21,Ft. Zumwalt East,,,,,-0.27,3.25,,,,False,False
Duchesne,2026-10-26,Veritas Christian Academy,,,,,0.31,3.31,,,,False,False
Duchesne,2026-10-28,Winfield,,,,,2.95,1.84,,,,False,False
Eagle Ridge Christian,2026-09-22,Kennett,,1,2,L,,,,,,False,False
Eagle Ridge Christian,2026-10-15,Dexter,,,,,,,,,,False,False
East (Kansas City),2026-08-28,"F. L. Schlagle(Kansas City , KS)",,3,0,W,,,,,,False,False
East (Kansas City),2026-09-01,"Shawnee Mission West(Overland Park, KS)",,3,4,L,,,,,,False,False
East (Kansas City),2026-09-03,"Saint Thomas Aquinas(Overland Park , KS)",,0,3,L,,,,,,False,False
East (Kansas City),2026-09-08,Paseo Academy,,8,0,W,6.32,0.05,1.68,0.05,1.73,False,False
East (Kansas City),2026-09-10,Lincoln College Prep,,0,4,L,2.49,5.26,-2.49,1.26,-1.23,False,False
East (Kansas City),2026-09-14,"Kansas City East Christian(Overland Park, KS)",,1,2,L,,,,,,False,False
East (Kansas City),2026-09-17,Northeast (Kansas City),,3,9,L,1.33,5.86,1.67,-3.14,-1.47,False,False
East (Kansas City),2026-09-24,Frontier STEM,,8,0,W,6.74,0.64,1.26,0.64,1.9,False,False
East (Kansas City),2026-09-29,"J.C. Harmon(Kansas City , KS)",,1,2,L,,,,,,False,False
East (Kansas City),2026-10-01,Lincoln College Prep,,3,5,L,2.49,5.26,0.51,0.26,0.77,False,False
East (Kansas City),2026-10-05,Northeast (Kansas City),,,,,1.33,5.86,,,,False,False
East (Kansas City),2026-10-08,Van Horn,,,,,0.92,5.86,,,,False,False
East (Kansas City),2026-10-12,Smithville,,,,,3.02,2.07,,,,False,False
East (Kansas City),2026-10-21,Ewing Marion Kauffman with University Academy Charter,,,,,6.16,1.24,,,,False,False
East (Kansas City),2026-10-22,Rockhurst,,,,,-0.7,7.05,,,,False,False
East (Kansas City),2026-10-26,Central (Kansas City),,,,,5.29,2.78,,,,False,False
East (Kansas City),2026-10-29,Kearney,,,,,4.87,2.9,,,,False,False
"Edwardsville(Edwardsville , IL)",2026-09-26,Christian Brothers College,,0,2,L,,,,,,False,False
Elsberry,2026-09-01,Mexico,,2,3,L,2.27,1.62,-0.27,-1.38,-1.65,False,False
Elsberry,2026-09-03,Southern Boone,,0,5,L,-1.26,4.71,1.26,-0.29,0.97,False,False
Elsberry,2026-09-14,Lutheran North,,3,2,W,3.06,2.57,-0.06,0.57,0.51,False,False
Elsberry,2026-09-16,"Valmeyer(Valmeyer, IL)",,6,2,W,,,,,,False,False
Elsberry,2026-09-17,Hancock,,1,2,L,-0.31,2.56,1.31,0.56,1.87,False,False
Elsberry,2026-09-23,Mexico,,2,1,W,2.27,1.62,-0.27,0.62,0.35,False,False
Elsberry,2026-09-24,Wright City,,0,1,L,0.59,1.99,-0.59,0.99,0.4,False,False
Elsberry,2026-09-26,Winfield,,0,4,L,0.19,3.38,-0.19,-0.62,-0.81,False,False
Elsberry,2026-09-30,Warrenton,,0,8,L,-1.06,5.04,1.06,-2.96,-1.9,False,False
Elsberry,2026-10-07,Canton,,,,,4.07,1.83,,,,False,False
Elsberry,2026-10-08,Wright City,,,,,0.59,1.99,,,,False,False
Elsberry,2026-10-13,Winfield,,,,,0.19,3.38,,,,False,False
Elsberry,2026-10-15,Missouri Military Academy,,,,,-0.25,3.65,,,,False,False
Elsberry,2026-10-19,Veritas Christian Academy,,,,,-2.45,4.86,,,,False,False
Elsberry,2026-10-22,Winfield,,,,,0.19,3.38,,,,False,False
Elsberry,2026-10-27,Washington,,,,,-1.05,4.06,,,,False,False
"Emporia(Emporia, KS)",2026-10-10,Republic,,,,,,,,,,False,False
"Eudora(Eudora, KS)",2026-09-23,Barstow,,1,0,W,,,,,,False,False
Eugene,2026-08-27,Mexico,,3,2,W,1.94,3.17,1.06,1.17,2.23,False,False
Eugene,2026-09-01,Moberly,,0,8,L,-1.02,5.43,1.02,-2.57,-1.55,False,False
Eugene,2026-09-08,Missouri Military Academy,,0,7,L,-0.58,5.21,0.58,-1.79,-1.21,False,False
Eugene,2026-09-10,Southern Boone,,0,8,L,-1.59,6.26,1.59,-1.74,-0.15,False,False
Eugene,2026-09-15,Christian Fellowship Sr. with Hallsville,,0,7,L,0.47,4.12,-0.47,-2.88,-3.35,False,False
Eugene,2026-09-17,Stover,,0,3,L,-0.39,5.39,0.39,2.39,2.77,False,False
Eugene,2026-09-22,Dixon,,1,5,L,1.46,3.33,-0.46,-1.67,-2.13,False,False
Eugene,2026-09-24,Smithton,,1,2,L,1.04,3.21,-0.04,1.21,1.17,False,False
Eugene,2026-09-29,Green Ridge with Cole Camp,,0,2,L,1.83,2.52,-1.83,0.52,-1.31,False,False
Eugene,2026-10-01,Iberia,,8,0,W,5.8,1.75,2.2,1.75,3.96,False,False
Eugene,2026-10-03,Calvary Lutheran,,,,,6.45,2.91,,,,False,False
Eugene,2026-10-03,Iberia,,,,,5.8,1.75,,,,False,False
Eugene,2026-10-06,Fulton,,,,,0.4,3.58,,,,False,False
Eugene,2026-10-08,Fatima,,,,,2.36,2.04,,,,False,False
Eugene,2026-10-13,La Monte,,,,,1.08,2.01,,,,False,False
Eugene,2026-10-15,Crocker,,,,,0.71,5.19,,,,False,False
Eugene,2026-10-20,Laquey with Richland,,,,,-0.61,4.69,,,,False,False
Eugene,2026-10-22,Calvary Lutheran,,,,,6.45,2.91,,,,False,False
Eugene,2026-10-27,Boonville,,,,,-0.86,5.47,,,,False,False
Eugene,2026-10-29,Osage,,,,,0.09,5.08,,,,False,False
Eureka,2026-08-27,Timberland,,0,1,L,2.75,0.75,-2.75,-0.25,-3.0,False,False
Eureka,2026-08-29,Francis Howell North,,2,0,W,3.24,1.51,-1.24,1.51,0.26,False,False
Eureka,2026-09-01,Lindbergh,,3,2,W,2.44,1.88,0.56,-0.12,0.44,False,False
Eureka,2026-09-03,Northwest (Cedar Hill),,6,5,W,3.01,2.26,2.99,-2.74,0.25,False,False
Eureka,2026-09-08,Seckman,,3,0,W,3.37,0.91,-0.37,0.91,0.54,False,False
Eureka,2026-09-10,Parkway West,,1,2,L,1.71,1.91,-0.71,-0.09,-0.8,False,False
Eureka,2026-09-12,Mehlville,,1,0,W,3.03,0.52,-2.03,0.52,-1.5,False,False
Eureka,2026-09-14,MICDS,,7,0,W,3.52,0.63,3.48,0.63,4.11,False,False
Eureka,2026-09-15,Kirkwood,,1,1,T,1.39,2.01,-0.39,1.01,0.62,False,False
Eureka,2026-09-17,Parkway Central,,6,0,W,3.16,0.21,2.84,0.21,3.05,False,False
Eureka,2026-09-22,Oakville,,1,3,L,1.14,2.34,-0.14,-0.66,-0.8,False,False
Eureka,2026-09-24,Clayton,,1,2,L,2.15,2.16,-1.15,0.16,-0.99,False,False
Eureka,2026-09-30,Webster Groves,,,,,2.84,1.57,,,,False,False
Eureka,2026-10-06,Marquette,,,,,1.75,2.71,,,,False,False
Eureka,2026-10-08,Lafayette (Wildwood),,,,,3.01,3.02,,,,False,False
Eureka,2026-10-19,St. Francis Borgia,,,,,5.66,-0.86,,,,False,False
Eureka,2026-10-21,Parkway South,,,,,2.73,1.3,,,,False,False
Eureka,2026-10-26,Rockwood Summit,,,,,3.03,2.14,,,,False,False
Eureka,2026-10-28,Farmington,,,,,2.97,1.25,,,,False,False
"Evansville Reitz Memorial(Evansville, IN)",2026-09-26,Notre Dame (Cape Girardeau),,0,1,L,,,,,,False,False
Ewing Marion Kauffman with University Academy Charter,2026-08-31,Faith Christian Academy,,0,3,L,0.17,3.9,-0.17,0.9,0.73,False,False
Ewing Marion Kauffman with University Academy Charter,2026-09-10,Raytown South,,3,0,W,4.03,1.57,-1.03,1.57,0.54,False,False
Ewing Marion Kauffman with University Academy Charter,2026-09-16,Frontier School of Excellence Charter,,2,3,L,1.16,2.58,0.84,-0.42,0.42,False,False
Ewing Marion Kauffman with University Academy Charter,2026-09-22,Center,,1,7,L,1.36,4.93,-0.36,-2.07,-2.43,False,False
Ewing Marion Kauffman with University Academy Charter,2026-10-01,Northeast (Kansas City),,0,9,L,-1.53,7.93,1.53,-1.07,0.45,False,False
Ewing Marion Kauffman with University Academy Charter,2026-10-02,Smithton,,,,,3.23,1.94,,,,False,False
Ewing Marion Kauffman with University Academy Charter,2026-10-06,Northland Christian,,,,,2.11,4.25,,,,False,False
Ewing Marion Kauffman with University Academy Charter,2026-10-08,Paseo Academy,,,,,3.46,2.11,,,,False,False
Ewing Marion Kauffman with University Academy Charter,2026-10-14,Sacred Heart,,,,,3.17,1.63,,,,False,False
Ewing Marion Kauffman with University Academy Charter,2026-10-14,Odessa,,,,,3.13,2.4,,,,False,False
Ewing Marion Kauffman with University Academy Charter,2026-10-15,"KC East(Kansas City, KS)",,,,,,,,,,False,False
Ewing Marion Kauffman with University Academy Charter,2026-10-21,East (Kansas City),,,,,1.24,6.16,,,,False,False
Ewing Marion Kauffman with University Academy Charter,2026-10-23,Guadalupe Centers Charter,,,,,1.35,3.73,,,,False,False
Ewing Marion Kauffman with University Academy Charter,2026-10-26,Lincoln College Prep,,,,,-0.37,7.33,,,,False,False
Ewing Marion Kauffman with University Academy Charter,2026-10-27,La Monte,,,,,3.27,0.74,,,,False,False
Excelsior Springs,2026-09-01,Ruskin,,4,0,W,5.42,-0.52,-1.42,-0.52,-1.94,False,False
Excelsior Springs,2026-09-02,Savannah,,2,1,W,3.18,1.95,-1.18,0.95,-0.23,False,False
Excelsior Springs,2026-09-03,Fort Osage,,2,4,L,1.35,2.86,0.65,-1.14,-0.5,False,False
Excelsior Springs,2026-09-08,Belton,,4,5,L,2.58,2.38,1.42,-2.62,-1.2,False,False
Excelsior Springs,2026-09-10,Smithville,,0,1,L,2.22,1.37,-2.22,0.37,-1.85,False,False
Excelsior Springs,2026-09-12,Kearney,,4,1,W,4.07,2.2,-0.07,1.2,1.13,False,False
Excelsior Springs,2026-09-16,Truman,,6,1,W,4.14,1.93,1.86,0.93,2.8,False,False
Excelsior Springs,2026-09-17,Kearney,,5,3,W,4.07,2.2,0.93,-0.8,0.13,False,False
Excelsior Springs,2026-09-21,St. Pius X (Kansas City),,3,2,W,3.13,3.14,-0.13,1.14,1.01,False,False
Excelsior Springs,2026-09-24,Chillicothe,,4,0,W,3.02,0.33,0.98,0.33,1.32,False,False
Excelsior Springs,2026-09-28,Oak Grove,,2,1,W,3.05,1.38,-1.05,0.38,-0.66,False,False
Excelsior Springs,2026-09-29,Bishop LeBlond,,8,0,W,8.3,-0.46,-0.3,-0.46,-0.76,False,False
Excelsior Springs,2026-10-06,Lone Jack,,,,,3.95,0.56,,,,False,False
Excelsior Springs,2026-10-08,Maryville,,,,,4.56,0.88,,,,False,False
Excelsior Springs,2026-10-14,Savannah,,,,,3.18,1.95,,,,False,False
Excelsior Springs,2026-10-19,Benton,,,,,4.83,1.7,,,,False,False
Excelsior Springs,2026-10-21,Cameron,,,,,5.75,0.1,,,,False,False
Excelsior Springs,2026-10-27,Harrisonville,,,,,2.9,1.74,,,,False,False
Excelsior Springs,2026-10-29,Center,,,,,3.42,2.16,,,,False,False
"F L Schlagle(Kansas City, KS)",2026-09-21,Central (Kansas City),,3,5,L,,,,,,False,False
"F. L. Schlagle(Kansas City , KS)",2026-08-28,East (Kansas City),,0,3,L,,,,,,False,False
"F. L. Schlagle(Kansas City, KS)",2026-09-24,Guadalupe Centers Charter,,1,1,T,,,,,,False,False
"FBA OFallon IL(O'Fallon, IL)",2026-09-15,Gateway Science Charter,,,,,,,,,,False,False
"FL SCHLAGLE(Kansas City, KS)",2026-09-17,Lincoln College Prep,,0,6,L,,,,,,False,False
"FL Schlagle(Kansas City, KS)",2026-10-22,Paseo Academy,,,,,,,,,,False,False
Fair Grove,2026-08-28,Aurora,,4,0,W,5.43,0.5,-1.43,0.5,-0.93,False,False
Fair Grove,2026-08-29,Lebanon,,2,3,L,4.44,2.37,-2.44,-0.63,-3.07,False,False
Fair Grove,2026-08-29,Marshfield,,6,2,W,4.76,0.95,1.24,-1.05,0.2,False,False
Fair Grove,2026-09-01,Hillcrest,,6,2,W,5.12,1.62,0.88,-0.38,0.5,False,False
Fair Grove,2026-09-10,Joplin,,0,3,L,2.69,2.83,-2.69,-0.17,-2.86,False,False
Fair Grove,2026-09-10,West Plains,,4,2,W,4.49,3.09,-0.49,1.09,0.6,False,False
Fair Grove,2026-09-11,Aurora,,4,1,W,5.43,0.5,-1.43,-0.5,-1.93,False,False
Fair Grove,2026-09-15,Webb City,,8,2,W,4.0,1.4,4.0,-0.6,3.4,False,False
Fair Grove,2026-09-17,McDonald County,,5,2,W,3.4,3.41,1.6,1.41,3.01,False,False
Fair Grove,2026-09-22,Greenwood,,3,4,L,3.68,2.09,-0.68,-1.91,-2.6,False,False
Fair Grove,2026-09-24,Bolivar,,1,2,L,3.63,2.52,-2.63,0.52,-2.11,False,False
Fair Grove,2026-09-25,Green Ridge with Cole Camp,,6,2,W,7.03,-0.7,-1.03,-2.7,-3.73,False,False
Fair Grove,2026-09-28,Dixon,,9,1,W,6.66,0.11,2.34,-0.89,1.45,False,False
Fair Grove,2026-09-29,Iberia,,8,0,W,11.0,-1.47,-3.0,-1.47,-4.46,False,False
Fair Grove,2026-09-30,Parkview,,8,2,W,4.03,2.94,3.97,0.94,4.91,False,False
Fair Grove,2026-10-02,Crocker,,,,,5.91,1.97,,,,False,False
Fair Grove,2026-10-06,Thomas Jefferson Independent Day,,,,,3.74,1.84,,,,False,False
Fair Grove,2026-10-08,Laquey with Richland,,,,,4.59,1.47,,,,False,False
Fair Grove,2026-10-12,Aurora,,,,,5.43,0.5,,,,False,False
Fair Grove,2026-10-14,Parkview,,,,,4.03,2.94,,,,False,False
Fair Grove,2026-10-19,Lebanon,,,,,4.44,2.37,,,,False,False
Fair Grove,2026-10-20,Thomas Jefferson Independent Day,,,,,3.74,1.84,,,,False,False
Fair Grove,2026-10-23,New Covenant Academy,,,,,4.34,1.5,,,,False,False
Fair Grove,2026-10-26,New Heights Christian with McAuley Catholic,,,,,3.56,1.3,,,,False,False
Faith Christian Academy,2026-08-31,Ewing Marion Kauffman with University Academy Charter,,3,0,W,3.9,0.17,-0.9,0.17,-0.73,False,False
Faith Christian Academy,2026-09-01,"Kansas City East Christian(Kansas City , KS)",,0,3,L,,,,,,False,False
Faith Christian Academy,2026-09-04,"Christ Prepatory(Olathe, KS)",,0,1,L,,,,,,False,False
Faith Christian Academy,2026-09-08,"Bishop Seabury(Lawrence, KS)",,4,0,W,,,,,,False,False
Faith Christian Academy,2026-09-10,"Kansas City Christian(Kansas City, KS)",,5,1,W,,,,,,False,False
Faith Christian Academy,2026-09-14,St. Paul Lutheran (Concordia),,2,1,W,1.6,1.58,0.4,0.58,0.98,False,False
Faith Christian Academy,2026-09-15,"Heritage Christian(Olathe, KS)",,0,2,L,,,,,,False,False
Faith Christian Academy,2026-09-18,Northland Christian,,3,1,W,2.7,1.11,0.3,0.11,0.41,False,False
Faith Christian Academy,2026-09-22,Lutheran (Kansas City),,1,0,W,2.47,-2.09,-1.47,-2.09,-3.57,False,False
Faith Christian Academy,2026-09-24,"Bishop Ward(Kansas City, KS)",,1,0,W,,,,,,False,False
Faith Christian Academy,2026-09-28,Bishop LeBlond,,8,0,W,6.83,-0.82,1.17,-0.82,0.35,False,False
Faith Christian Academy,2026-09-29,"Maranatha Christian(Shawnee, KS)",,,,,,,,,,False,False
Faith Christian Academy,2026-10-26,Cameron,,,,,4.28,-0.26,,,,False,False
Faith Christian Academy,2026-10-29,Cristo Rey,,,,,4.59,-0.85,,,,False,False
Farmington,2026-08-28,Northwest (Cedar Hill),,1,0,W,1.63,2.59,-0.63,2.59,1.97,False,False
Farmington,2026-09-01,Saxony Lutheran with St. Vincent,,3,2,W,2.95,1.79,0.05,-0.21,-0.16,False,False
Farmington,2026-09-03,Republic,,3,1,W,2.54,-0.54,0.46,-1.54,-1.08,False,False
Farmington,2026-09-05,Branson,,2,1,W,2.75,0.76,-0.75,-0.24,-0.99,False,False
Farmington,2026-09-10,Central (Cape Girardeau),,4,0,W,3.68,-1.82,0.32,-1.82,-1.5,False,False
Farmington,2026-09-12,DeSoto,,7,0,W,5.34,0.09,1.66,0.09,1.75,False,False
Farmington,2026-09-14,Rockwood Summit,,2,3,L,1.66,2.48,0.34,-0.52,-0.18,False,False
Farmington,2026-09-17,Notre Dame (Cape Girardeau),,1,3,L,0.73,2.77,0.27,-0.23,0.04,False,False
Farmington,2026-09-22,Seckman,,3,0,W,1.99,1.25,1.01,1.25,2.26,False,False
Farmington,2026-09-26,Priory,,1,4,L,1.21,1.78,-0.21,-2.22,-2.43,False,False
Farmington,2026-10-01,Ft. Zumwalt West,,0,1,L,0.97,1.81,-0.97,0.81,-0.16,False,False
Farmington,2026-10-03,North County,,,,,6.77,-2.9,,,,False,False
Farmington,2026-10-06,Hillsboro,,,,,5.24,-1.0,,,,False,False
Farmington,2026-10-09,Poplar Bluff,,,,,4.12,1.75,,,,False,False
Farmington,2026-10-12,Sikeston,,,,,1.47,2.5,,,,False,False
Farmington,2026-10-15,Perryville,,,,,3.7,0.69,,,,False,False
Farmington,2026-10-19,Mehlville,,,,,1.65,0.86,,,,False,False
Farmington,2026-10-22,Jackson,,,,,1.37,2.37,,,,False,False
Farmington,2026-10-28,Eureka,,,,,1.25,2.97,,,,False,False
"Father McGivney(Glen Carbon, IL)",2026-10-01,Priory,,,,,,,,,,False,False
Father Tolton,2026-08-28,Oak Park,,3,2,W,3.25,0.78,-0.25,-1.22,-1.47,False,False
Father Tolton,2026-08-29,Marshall,,3,1,W,2.38,1.49,0.62,0.49,1.11,False,False
Father Tolton,2026-08-31,Battle with Columbia Independent,,1,2,L,2.96,1.03,-1.96,-0.97,-2.93,False,False
Father Tolton,2026-09-02,Rock Bridge,,0,4,L,1.64,3.13,-1.64,-0.87,-2.51,False,False
Father Tolton,2026-09-08,Sacred Heart,,8,0,W,6.37,-2.5,1.63,-2.5,-0.88,False,False
Father Tolton,2026-09-10,Helias Catholic,,2,3,L,1.17,2.35,0.83,-0.65,0.18,False,False
Father Tolton,2026-09-14,Hickman,,4,1,W,2.4,2.65,1.6,1.65,3.24,False,False
Father Tolton,2026-09-17,Fatima,,8,0,W,7.75,-3.36,0.25,-3.36,-3.11,False,False
Father Tolton,2026-09-22,Kirksville,,4,0,W,3.25,0.4,0.75,0.4,1.15,False,False
Father Tolton,2026-09-24,St. Francis Borgia,,5,0,W,4.53,0.02,0.47,0.02,0.49,False,False
Father Tolton,2026-09-26,St. Paul Lutheran (Concordia),,3,0,W,4.21,0.58,-1.21,0.58,-0.62,False,False
Father Tolton,2026-09-29,St. Charles,,2,3,L,2.32,3.63,-0.32,0.63,0.31,False,False
Father Tolton,2026-10-01,Warrenton,,4,1,W,4.0,1.19,0.0,0.19,0.19,False,False
Father Tolton,2026-10-02,Warrenton,,,,,4.0,1.19,,,,False,False
Father Tolton,2026-10-06,Southern Boone,,,,,3.8,0.86,,,,False,False
Father Tolton,2026-10-08,Sunnydale Adventist Acad HS,,,,,,,,,,False,False
Father Tolton,2026-10-10,Capital City,,,,,3.67,0.9,,,,False,False
Father Tolton,2026-10-12,Lutheran St. Charles,,,,,3.04,1.04,,,,False,False
Father Tolton,2026-10-15,Osage,,,,,5.48,-0.32,,,,False,False
Father Tolton,2026-10-17,Barstow,,,,,3.12,0.66,,,,False,False
Father Tolton,2026-10-19,Camdenton,,,,,3.32,1.12,,,,False,False
Father Tolton,2026-10-22,Marshall,,,,,2.38,1.49,,,,False,False
Father Tolton,2026-10-24,Moberly,,,,,4.37,0.03,,,,False,False
Father Tolton,2026-10-26,Christian Fellowship Sr. with Hallsville,,,,,5.86,-1.28,,,,False,False
Father Tolton,2026-10-28,Jefferson City,,,,,4.57,0.26,,,,False,False
Fatima,2026-08-27,Smithton,,0,3,L,0.7,3.19,-0.7,0.19,-0.5,False,False
Fatima,2026-09-01,Fulton,,1,5,L,0.06,3.57,0.94,-1.43,-0.5,False,False
Fatima,2026-09-03,Stover,,2,4,L,-0.73,5.37,2.73,1.37,4.1,False,False
Fatima,2026-09-08,Crocker,,1,9,L,0.37,5.17,0.63,-3.83,-3.2,False,False
Fatima,2026-09-10,Jefferson City,,0,8,L,-1.16,5.64,1.16,-2.36,-1.19,False,False
Fatima,2026-09-15,Sullivan,,0,6,L,-1.2,5.37,1.2,-0.63,0.57,False,False
Fatima,2026-09-17,Father Tolton,,0,8,L,-3.36,7.75,3.36,-0.25,3.11,False,False
Fatima,2026-09-21,Capital City,,2,1,W,-2.06,6.28,4.06,5.28,9.34,False,False
Fatima,2026-09-24,Boonville,,0,8,L,-1.2,5.46,1.2,-2.54,-1.34,False,False
Fatima,2026-09-28,Mexico,,0,3,L,1.6,3.16,-1.6,0.16,-1.44,False,False
Fatima,2026-10-01,Dixon,,0,1,L,1.12,3.32,-1.12,2.32,1.19,False,False
Fatima,2026-10-06,Laquey with Richland,,,,,-0.95,4.68,,,,False,False
Fatima,2026-10-08,Eugene,,,,,2.04,2.36,,,,False,False
Fatima,2026-10-20,Calvary Lutheran,,,,,6.11,2.89,,,,False,False
Fatima,2026-10-22,Osage,,,,,-0.25,5.06,,,,False,False
Fatima,2026-10-27,Sacred Heart,,,,,0.64,2.88,,,,False,False
Festus,2026-09-01,North County,,1,0,W,2.94,0.17,-1.94,0.17,-1.77,False,False
Festus,2026-09-02,Fredericktown,,0,1,L,1.59,1.57,-1.59,0.57,-1.01,False,False
Festus,2026-09-03,Pacific,,0,2,L,0.38,1.52,-0.38,-0.48,-0.86,False,False
Festus,2026-09-08,Hillsboro,,3,2,W,1.41,2.08,1.59,0.08,1.66,False,False
Festus,2026-09-10,Windsor (Imperial),,0,1,L,0.32,1.58,-0.32,0.58,0.25,False,False
Festus,2026-09-15,Perryville,,0,8,L,-0.13,3.76,0.13,-4.24,-4.11,False,False
Festus,2026-09-17,DeSoto,,1,0,W,1.51,3.17,-0.51,3.17,2.65,False,False
Festus,2026-09-22,Perryville,,0,8,L,-0.13,3.76,0.13,-4.24,-4.11,False,False
Festus,2026-09-24,Central (Cape Girardeau),,0,2,L,-0.14,1.26,0.14,-0.74,-0.59,False,False
Festus,2026-09-29,Windsor (Imperial),,2,1,W,0.32,1.58,1.68,0.58,2.25,False,False
Festus,2026-09-30,Cardinal Ritter,,8,0,W,5.81,0.15,2.19,0.15,2.34,False,False
Festus,2026-10-05,Fredericktown,,,,,1.59,1.57,,,,False,False
Festus,2026-10-06,DeSoto,,,,,1.51,3.17,,,,False,False
Festus,2026-10-09,University City,,,,,1.37,1.88,,,,False,False
Festus,2026-10-14,Maplewood-Richmond Hts.,,,,,-1.37,4.24,,,,False,False
Festus,2026-10-15,Sikeston,,,,,-2.35,5.58,,,,False,False
Festus,2026-10-19,North County,,,,,2.94,0.17,,,,False,False
Festus,2026-10-20,Hillsboro,,,,,1.41,2.08,,,,False,False
Festus,2026-10-22,North County,,,,,2.94,0.17,,,,False,False
Festus,2026-10-27,Sullivan,,,,,0.46,2.52,,,,False,False
Festus,2026-10-28,Wright City,,,,,1.58,0.69,,,,False,False
Fort Osage,2026-09-01,Winnetonka,,3,1,W,4.32,-0.52,-1.32,-1.52,-2.85,False,False
Fort Osage,2026-09-02,Grandview,,1,0,W,3.35,0.32,-2.35,0.32,-2.03,False,False
Fort Osage,2026-09-03,Excelsior Springs,,4,2,W,2.86,1.35,1.14,-0.65,0.5,False,False
Fort Osage,2026-09-08,North Kansas City,,3,2,W,2.35,1.2,0.65,-0.8,-0.14,False,False
Fort Osage,2026-09-09,Winnetonka,,3,0,W,4.32,-0.52,-1.32,-0.52,-1.85,False,False
Fort Osage,2026-09-14,Grain Valley,,2,1,W,2.36,1.66,-0.36,0.66,0.3,False,False
Fort Osage,2026-09-16,Grandview,,4,1,W,3.35,0.32,0.65,-0.68,-0.03,False,False
Fort Osage,2026-09-21,William Chrisman,,5,1,W,3.37,-0.66,1.63,-1.66,-0.03,False,False
Fort Osage,2026-09-24,Central (St. Joseph),,2,0,W,1.83,0.95,0.17,0.95,1.12,False,False
Fort Osage,2026-09-28,Raytown,,5,0,W,5.31,2.61,-0.31,2.61,2.31,False,False
Fort Osage,2026-09-29,Oak Grove,,3,1,W,3.31,0.14,-0.31,-0.86,-1.17,False,False
Fort Osage,2026-10-05,Kearney,,,,,4.33,0.96,,,,False,False
Fort Osage,2026-10-07,Raytown South,,,,,6.36,-2.44,,,,False,False
Fort Osage,2026-10-12,Platte County,,,,,3.29,0.74,,,,False,False
Fort Osage,2026-10-14,Smithville,,,,,2.48,0.13,,,,False,False
Fort Osage,2026-10-19,Belton,,,,,2.85,1.14,,,,False,False
Fort Osage,2026-10-26,Truman,,,,,4.4,0.69,,,,False,False
"Fort Scott(Fort Scott, KS)",2026-10-15,Thomas Jefferson Independent Day,,,,,,,,,,False,False
Fox,2026-08-28,Affton,,2,4,L,2.4,3.82,-0.4,-0.18,-0.58,False,False
Fox,2026-09-01,Bishop DuBourg,,2,0,W,3.17,1.4,-1.17,1.4,0.23,False,False
Fox,2026-09-03,St. Pius X (Festus),,,,,0.79,1.95,,,,False,False
Fox,2026-09-08,Jackson,,0,7,L,-0.98,4.87,0.98,-2.13,-1.14,False,False
Fox,2026-09-10,Pattonville,,1,5,L,0.19,4.24,0.81,-0.76,0.05,False,False
Fox,2026-09-15,Windsor (Imperial),,1,0,W,1.79,1.0,-0.79,1.0,0.21,False,False
Fox,2026-09-18,Priory,,0,7,L,-1.14,4.28,1.14,-2.72,-1.58,False,False
Fox,2026-09-19,"Belleville East(Belleville, IL)",,0,3,L,,,,,,False,False
Fox,2026-09-28,Seckman,,1,5,L,-0.36,3.75,1.36,-1.25,0.12,False,False
Fox,2026-10-01,Ritenour,,3,1,W,2.18,0.95,0.82,-0.05,0.78,False,False
Fox,2026-10-06,Affton,,,,,2.4,3.82,,,,False,False
Fox,2026-10-07,Parkway North,,,,,0.78,2.86,,,,False,False
Fox,2026-10-08,Northwest (Cedar Hill),,,,,-0.73,5.1,,,,False,False
Fox,2026-10-12,Northwest (Cedar Hill),,,,,-0.73,5.1,,,,False,False
Fox,2026-10-19,Lindbergh,,,,,-1.29,4.72,,,,False,False
Fox,2026-10-20,Oakville,,,,,-2.6,5.18,,,,False,False
Fox,2026-10-26,Bayless,,,,,0.64,3.23,,,,False,False
Fox,2026-10-27,Mehlville,,,,,-0.71,3.36,,,,False,False
Francis Howell,2026-09-01,Ft. Zumwalt West,,1,2,L,1.5,1.44,-0.5,-0.56,-1.06,False,False
Francis Howell,2026-09-03,Liberty (Wentzville),,3,0,W,2.97,1.54,0.03,1.54,1.56,False,False
Francis Howell,2026-09-08,Oakville,,0,2,L,0.29,2.31,-0.29,0.31,0.02,False,False
Francis Howell,2026-09-10,Troy Buchanan,,1,0,W,1.74,0.54,-0.74,0.54,-0.2,False,False
Francis Howell,2026-09-14,Francis Howell North,,2,1,W,2.4,1.47,-0.4,0.47,0.08,False,False
Francis Howell,2026-09-17,Timberland,,2,1,W,1.91,0.72,0.09,-0.28,-0.19,False,False
Francis Howell,2026-09-21,Francis Howell Central,,1,4,L,1.05,2.81,-0.05,-1.19,-1.24,False,False
Francis Howell,2026-09-22,Ft. Zumwalt East,,2,1,W,2.32,0.04,-0.32,-0.96,-1.28,False,False
Francis Howell,2026-09-24,Marquette,,3,4,L,0.91,2.68,2.09,-1.32,0.78,False,False
Francis Howell,2026-09-26,De Smet Jesuit,,2,1,W,1.7,1.93,0.3,0.93,1.23,False,False
Francis Howell,2026-10-03,Ft. Zumwalt East,,,,,2.32,0.04,,,,False,False
Francis Howell,2026-10-08,Ft. Zumwalt South,,,,,1.9,1.89,,,,False,False
Francis Howell,2026-10-10,Ft. Zumwalt West,,,,,1.5,1.44,,,,False,False
Francis Howell,2026-10-13,St. Dominic,,,,,0.37,2.4,,,,False,False
Francis Howell,2026-10-15,Rock Bridge,,,,,1.93,2.22,,,,False,False
Francis Howell,2026-10-26,Lafayette (Wildwood),,,,,2.16,2.99,,,,False,False
Francis Howell Central,2026-08-27,Webster Groves,,2,1,W,3.05,0.85,-1.05,-0.15,-1.21,False,False
Francis Howell Central,2026-08-31,Parkway West,,2,0,W,1.93,1.19,0.07,1.19,1.26,False,False
Francis Howell Central,2026-09-03,Ft. Zumwalt South,,3,2,W,2.96,1.19,0.04,-0.81,-0.77,False,False
Francis Howell Central,2026-09-10,Liberty (Wentzville),,3,1,W,4.03,0.84,-1.03,-0.16,-1.19,False,False
Francis Howell Central,2026-09-12,Lafayette (Wildwood),,3,2,W,3.22,2.29,-0.22,0.29,0.07,False,False
Francis Howell Central,2026-09-15,Ft. Zumwalt West,,5,3,W,2.57,0.75,2.43,-2.25,0.18,False,False
Francis Howell Central,2026-09-18,Troy Buchanan,,4,0,W,2.8,-0.16,1.2,-0.16,1.04,False,False
Francis Howell Central,2026-09-21,Francis Howell,,4,1,W,2.81,1.05,1.19,0.05,1.24,False,False
Francis Howell Central,2026-09-24,Christian Brothers College,,1,2,L,1.8,1.62,-0.8,-0.38,-1.17,False,False
Francis Howell Central,2026-09-26,St. Dominic,,0,0,T,1.43,1.71,-1.43,1.71,0.28,False,False
Francis Howell Central,2026-10-01,Ft. Zumwalt East,,4,0,W,3.38,-0.65,0.62,-0.65,-0.03,False,False
Francis Howell Central,2026-10-03,Vianney,,,,,2.06,1.27,,,,False,False
Francis Howell Central,2026-10-06,Francis Howell North,,,,,3.46,0.78,,,,False,False
Francis Howell Central,2026-10-10,Ladue Horton Watkins,,,,,2.48,1.75,,,,False,False
Francis Howell Central,2026-10-12,Ft. Zumwalt North,,,,,4.34,-1.53,,,,False,False
Francis Howell Central,2026-10-20,Marquette,,,,,1.97,1.99,,,,False,False
Francis Howell Central,2026-10-27,Capital City,,,,,5.02,-0.7,,,,False,False
Francis Howell North,2026-08-27,Ft. Zumwalt East,,3,0,W,2.05,0.69,0.95,0.69,1.64,False,False
Francis Howell North,2026-08-29,Eureka,,0,2,L,1.51,3.24,-1.51,1.24,-0.26,False,False
Francis Howell North,2026-09-01,Liberty (Wentzville),,4,3,W,2.7,2.18,1.3,-0.82,0.48,False,False
Francis Howell North,2026-09-08,Troy Buchanan,,2,1,W,1.47,1.18,0.53,0.18,0.72,False,False
Francis Howell North,2026-09-10,Ft. Zumwalt West,,1,2,L,1.23,2.09,-0.23,0.09,-0.14,False,False
Francis Howell North,2026-09-14,Francis Howell,,1,2,L,1.47,2.4,-0.47,0.4,-0.08,False,False
Francis Howell North,2026-09-16,John Burroughs,,1,3,L,1.35,3.12,-0.35,0.12,-0.23,False,False
Francis Howell North,2026-09-21,Kirkwood,,1,4,L,0.27,2.63,0.73,-1.37,-0.64,False,False
Francis Howell North,2026-09-22,Lafayette (Wildwood),,3,7,L,1.89,3.63,1.11,-3.37,-2.25,False,False
Francis Howell North,2026-09-24,Timberland,,2,1,W,1.63,1.37,0.37,0.37,0.73,False,False
Francis Howell North,2026-09-28,Parkway West,,0,1,L,0.59,2.53,-0.59,1.53,0.94,False,False
Francis Howell North,2026-09-29,Ft. Zumwalt North,,1,0,W,3.0,-0.18,-2.0,-0.18,-2.19,False,False
Francis Howell North,2026-10-01,Carthage,,1,0,W,1.85,1.3,-0.85,1.3,0.45,False,False
Francis Howell North,2026-10-02,Branson,,3,2,W,3.01,1.04,-0.01,-0.96,-0.97,False,False
Francis Howell North,2026-10-02,Kickapoo,,,,,4.06,0.65,,,,False,False
Francis Howell North,2026-10-03,Glendale,,,,,1.14,2.89,,,,False,False
Francis Howell North,2026-10-06,Francis Howell Central,,,,,0.78,3.46,,,,False,False
Francis Howell North,2026-10-13,Parkway West,,,,,0.59,2.53,,,,False,False
Francis Howell North,2026-10-19,De Smet Jesuit,,,,,1.43,2.58,,,,False,False
Francis Howell North,2026-10-20,Christian Brothers College,,,,,0.46,2.96,,,,False,False
Francis Howell North,2026-10-22,Parkway Central,,,,,2.04,0.82,,,,False,False
Francis Howell North,2026-10-27,North Point,,,,,2.92,2.47,,,,False,False
Fredericktown,2026-09-01,Pacific,,1,4,L,1.12,2.28,-0.12,-1.72,-1.84,False,False
Fredericktown,2026-09-02,Festus,,1,0,W,1.57,1.59,-0.57,1.59,1.01,False,False
Fredericktown,2026-09-03,North County,,2,0,W,3.68,0.92,-1.68,0.92,-0.76,False,False
Fredericktown,2026-09-08,Saxony Lutheran with St. Vincent,,0,7,L,-0.13,5.62,0.13,-1.38,-1.24,False,False
Fredericktown,2026-09-10,Dexter,,7,1,W,5.03,0.24,1.97,-0.76,1.21,False,False
Fredericktown,2026-09-15,Pacific,,0,1,L,1.12,2.28,-1.12,1.28,0.16,False,False
Fredericktown,2026-09-22,Windsor (Imperial),,0,4,L,1.06,2.33,-1.06,-1.67,-2.73,False,False
Fredericktown,2026-09-24,Kennett,,10,2,W,5.96,1.0,4.04,-1.0,3.05,False,False
Fredericktown,2026-09-28,North County,,7,0,W,3.68,0.92,3.32,0.92,4.24,False,False
Fredericktown,2026-10-01,Kennett,,,,,5.96,1.0,,,,False,False
Fredericktown,2026-10-05,Festus,,,,,1.57,1.59,,,,False,False
Fredericktown,2026-10-08,Notre Dame (Cape Girardeau),,,,,-2.36,6.59,,,,False,False
Fredericktown,2026-10-12,Hillsboro,,,,,2.15,2.83,,,,False,False
Fredericktown,2026-10-13,Sullivan,,,,,1.2,3.28,,,,False,False
Fredericktown,2026-10-15,St. Pius X (Festus),,,,,0.06,3.28,,,,False,False
Fredericktown,2026-10-19,Perryville,,,,,0.61,4.52,,,,False,False
Fredericktown,2026-10-22,DeSoto,,,,,2.25,3.92,,,,False,False
Fredericktown,2026-10-26,Sikeston,,,,,-1.62,6.33,,,,False,False
Fredericktown,2026-10-28,Central (Cape Girardeau),,,,,0.59,2.01,,,,False,False
Frontier STEM,2026-09-01,Northland Christian,,1,5,L,1.51,4.82,-0.51,-0.18,-0.69,False,False
Frontier STEM,2026-09-03,Cristo Rey,,4,2,W,3.4,2.86,0.6,0.86,1.47,False,False
Frontier STEM,2026-09-08,"Daniel(Kansas City, MO)",,5,1,W,,,,,,False,False
Frontier STEM,2026-09-10,"Hyman Brand(Overland Park, KS)",,1,0,W,,,,,,False,False
Frontier STEM,2026-09-23,Central (Kansas City),,1,8,L,1.83,5.42,-0.83,-2.58,-3.41,False,False
Frontier STEM,2026-09-24,East (Kansas City),,0,8,L,0.64,6.74,-0.64,-1.26,-1.9,False,False
Frontier STEM,2026-09-28,Guadalupe Centers Charter,,1,3,L,0.75,4.3,0.25,1.3,1.56,False,False
Frontier STEM,2026-09-29,"Hyman Brand(Overland Park, KS)",,8,2,W,,,,,,False,False
Frontier STEM,2026-10-01,Cristo Rey,,,,,3.4,2.86,,,,False,False
Frontier STEM,2026-10-06,"Daniel(Kansas City , MO)",,,,,,,,,,False,False
Frontier STEM,2026-10-07,Frontier School of Excellence Charter,,,,,0.56,3.16,,,,False,False
Frontier STEM,2026-10-08,Frontier School of Excellence Charter,,,,,0.56,3.16,,,,False,False
Frontier STEM,2026-10-14,Central (Kansas City),,,,,1.83,5.42,,,,False,False
Frontier STEM,2026-10-15,Paseo Academy,,,,,2.86,2.69,,,,False,False
Frontier STEM,2026-10-20,Frontier School of Excellence Charter,,,,,0.56,3.16,,,,False,False
Frontier STEM,2026-10-21,Frontier School of Excellence Charter,,,,,0.56,3.16,,,,False,False
Frontier STEM,2026-10-22,Savannah,,,,,0.51,5.29,,,,False,False
Frontier STEM,2026-10-27,Lone Jack,,,,,1.29,3.91,,,,False,False
Frontier School of Excellence Charter,2026-08-27,Cristo Rey,,2,0,W,3.27,0.15,-1.27,0.15,-1.13,False,False
Frontier School of Excellence Charter,2026-09-10,Cristo Rey,,5,0,W,3.27,0.15,1.73,0.15,1.87,False,False
Frontier School of Excellence Charter,2026-09-15,"Hyman Brand(Overland Park, KS)",,1,0,W,,,,,,False,False
Frontier School of Excellence Charter,2026-09-16,Ewing Marion Kauffman with University Academy Charter,,3,2,W,2.58,1.16,0.42,-0.84,-0.42,False,False
Frontier School of Excellence Charter,2026-09-22,Daniel Academy Sr. High,,7,2,W,,,,,,False,False
Frontier School of Excellence Charter,2026-09-24,"Hyman Brand(Kansas City, MO)",,6,2,W,,,,,,False,False
Frontier School of Excellence Charter,2026-09-30,Guadalupe Centers Charter,,0,1,L,0.62,1.59,-0.62,0.59,-0.04,False,False
Frontier School of Excellence Charter,2026-10-05,Central (Kansas City),,,,,1.71,2.71,,,,False,False
Frontier School of Excellence Charter,2026-10-07,Frontier STEM,,,,,3.16,0.56,,,,False,False
Frontier School of Excellence Charter,2026-10-08,Frontier STEM,,,,,3.16,0.56,,,,False,False
Frontier School of Excellence Charter,2026-10-13,Guadalupe Centers Charter,,,,,0.62,1.59,,,,False,False
Frontier School of Excellence Charter,2026-10-15,Daniel Academy Sr. High,,,,,,,,,,False,False
Frontier School of Excellence Charter,2026-10-20,Frontier STEM,,,,,3.16,0.56,,,,False,False
Frontier School of Excellence Charter,2026-10-21,Frontier STEM,,,,,3.16,0.56,,,,False,False
Ft. Zumwalt East,2026-08-27,Francis Howell North,,0,3,L,0.69,2.05,-0.69,-0.95,-1.64,False,False
Ft. Zumwalt East,2026-09-01,North Point,,2,1,W,1.49,2.39,0.51,1.39,1.9,False,False
Ft. Zumwalt East,2026-09-03,Seckman,,1,0,W,0.82,1.45,0.18,1.45,1.64,False,False
Ft. Zumwalt East,2026-09-08,Parkway Central,,0,1,L,0.6,0.74,-0.6,-0.26,-0.86,False,False
Ft. Zumwalt East,2026-09-11,Rockwood Summit,,0,3,L,0.48,2.68,-0.48,-0.32,-0.8,False,False
Ft. Zumwalt East,2026-09-15,Timberland,,0,2,L,0.2,1.29,-0.2,-0.71,-0.91,False,False
Ft. Zumwalt East,2026-09-22,Francis Howell,,1,2,L,0.04,2.32,0.96,0.32,1.28,False,False
Ft. Zumwalt East,2026-09-24,Washington,,2,0,W,2.59,-0.12,-0.59,-0.12,-0.71,False,False
Ft. Zumwalt East,2026-09-26,Ft. Zumwalt West,,0,2,L,-0.2,2.01,0.2,0.01,0.21,False,False
Ft. Zumwalt East,2026-09-29,Parkway West,,0,4,L,-0.84,2.45,0.84,-1.55,-0.71,False,False
Ft. Zumwalt East,2026-10-01,Francis Howell Central,,0,4,L,-0.65,3.38,0.65,-0.62,0.03,False,False
Ft. Zumwalt East,2026-10-03,Francis Howell,,,,,0.04,2.32,,,,False,False
Ft. Zumwalt East,2026-10-06,Ft. Zumwalt South,,,,,0.19,2.46,,,,False,False
Ft. Zumwalt East,2026-10-08,Ft. Zumwalt North,,,,,1.57,-0.26,,,,False,False
Ft. Zumwalt East,2026-10-09,De Smet Jesuit,,,,,-0.01,2.5,,,,False,False
Ft. Zumwalt East,2026-10-13,Ft. Zumwalt West,,,,,-0.2,2.01,,,,False,False
Ft. Zumwalt East,2026-10-15,Westminster Christian Academy,,,,,1.3,1.62,,,,False,False
Ft. Zumwalt East,2026-10-19,Lutheran St. Charles,,,,,1.62,0.7,,,,False,False
Ft. Zumwalt East,2026-10-21,Duchesne,,,,,3.25,-0.27,,,,False,False
Ft. Zumwalt East,2026-10-26,Liberty (Wentzville),,,,,1.27,2.11,,,,False,False
Ft. Zumwalt East,2026-10-28,Lafayette (Wildwood),,,,,0.45,3.56,,,,False,False
Ft. Zumwalt North,2026-09-01,Timberland,,0,4,L,-0.67,2.25,0.67,-1.75,-1.08,False,False
Ft. Zumwalt North,2026-09-04,Lutheran St. Charles,,2,1,W,0.75,1.66,1.25,0.66,1.91,False,False
Ft. Zumwalt North,2026-09-08,North Point,,0,4,L,0.62,3.35,-0.62,-0.65,-1.27,False,False
Ft. Zumwalt North,2026-09-10,Capital City,,0,1,L,1.38,1.52,-1.38,0.52,-0.86,False,False
Ft. Zumwalt North,2026-09-15,Washington,,2,1,W,1.72,0.84,0.28,-0.16,0.12,False,False
Ft. Zumwalt North,2026-09-17,St. Charles,,0,6,L,0.03,4.25,-0.03,-1.75,-1.78,False,False
Ft. Zumwalt North,2026-09-22,Ft. Zumwalt South,,1,5,L,-0.68,3.41,1.68,-1.59,0.1,False,False
Ft. Zumwalt North,2026-09-24,Hannibal,,2,1,W,2.54,0.96,-0.54,-0.04,-0.58,False,False
Ft. Zumwalt North,2026-09-29,Francis Howell North,,0,1,L,-0.18,3.0,0.18,2.0,2.19,False,False
Ft. Zumwalt North,2026-10-01,Duchesne,,2,0,W,2.38,0.69,-0.38,0.69,0.31,False,False
Ft. Zumwalt North,2026-10-06,Troy Buchanan,,,,,-0.84,2.06,,,,False,False
Ft. Zumwalt North,2026-10-08,Ft. Zumwalt East,,,,,-0.26,1.57,,,,False,False
Ft. Zumwalt North,2026-10-12,Francis Howell Central,,,,,-1.53,4.34,,,,False,False
Ft. Zumwalt North,2026-10-15,Pattonville,,,,,0.49,2.89,,,,False,False
Ft. Zumwalt North,2026-10-20,Missouri Military Academy,,,,,2.52,0.43,,,,False,False
Ft. Zumwalt North,2026-10-22,Ft. Zumwalt West,,,,,-1.08,2.97,,,,False,False
Ft. Zumwalt North,2026-10-26,Central (Cape Girardeau),,,,,1.63,-0.66,,,,False,False
Ft. Zumwalt South,2026-08-27,Helias Catholic,,1,2,L,1.59,1.59,-0.59,-0.41,-1.0,False,False
Ft. Zumwalt South,2026-08-28,Parkway West,,0,3,L,1.0,2.03,-1.0,-0.97,-1.98,False,False
Ft. Zumwalt South,2026-09-01,Webster Groves,,1,0,W,2.13,1.69,-1.13,1.69,0.56,False,False
Ft. Zumwalt South,2026-09-03,Francis Howell Central,,2,3,L,1.19,2.96,0.81,-0.04,0.77,False,False
Ft. Zumwalt South,2026-09-08,Hannibal,,8,0,W,5.26,-0.42,2.74,-0.42,2.32,False,False
Ft. Zumwalt South,2026-09-10,Timberland,,3,0,W,2.05,0.87,0.95,0.87,1.82,False,False
Ft. Zumwalt South,2026-09-12,Rock Bridge,,2,1,W,2.07,2.37,-0.07,1.37,1.3,False,False
Ft. Zumwalt South,2026-09-15,North Point,,4,3,W,3.33,1.97,0.67,-1.03,-0.36,False,False
Ft. Zumwalt South,2026-09-17,Washington,,6,0,W,4.43,-0.54,1.57,-0.54,1.03,False,False
Ft. Zumwalt South,2026-09-22,Ft. Zumwalt North,,5,1,W,3.41,-0.68,1.59,-1.68,-0.1,False,False
Ft. Zumwalt South,2026-09-24,Ladue Horton Watkins,,3,4,L,1.55,2.59,1.45,-1.41,0.03,False,False
Ft. Zumwalt South,2026-09-29,Parkway South,,0,1,L,2.02,1.42,-2.02,0.42,-1.6,False,False
Ft. Zumwalt South,2026-10-01,SLUH,,0,3,L,0.42,3.19,-0.42,0.19,-0.24,False,False
Ft. Zumwalt South,2026-10-03,"O'Fallon(O'Fallon, IL)",,,,,,,,,,False,False
Ft. Zumwalt South,2026-10-06,Ft. Zumwalt East,,,,,2.46,0.19,,,,False,False
Ft. Zumwalt South,2026-10-08,Francis Howell,,,,,1.89,1.9,,,,False,False
Ft. Zumwalt South,2026-10-10,"Triad(Troy, IL)",,,,,,,,,,False,False
Ft. Zumwalt South,2026-10-12,Rockwood Summit,,,,,2.33,2.26,,,,False,False
Ft. Zumwalt South,2026-10-20,Ft. Zumwalt West,,,,,1.64,1.59,,,,False,False
Ft. Zumwalt South,2026-10-22,St. Dominic,,,,,0.5,2.55,,,,False,False
Ft. Zumwalt South,2026-10-27,Christian Brothers College,,,,,0.87,2.46,,,,False,False
Ft. Zumwalt West,2026-08-28,Marquette,,0,3,L,0.6,2.44,-0.6,-0.56,-1.16,False,False
Ft. Zumwalt West,2026-09-01,Francis Howell,,2,1,W,1.44,1.5,0.56,0.5,1.06,False,False
Ft. Zumwalt West,2026-09-03,Troy Buchanan,,1,0,W,1.43,0.29,-0.43,0.29,-0.14,False,False
Ft. Zumwalt West,2026-09-08,Liberty (Wentzville),,1,2,L,2.66,1.29,-1.66,-0.71,-2.37,False,False
Ft. Zumwalt West,2026-09-10,Francis Howell North,,2,1,W,2.09,1.23,-0.09,0.23,0.14,False,False
Ft. Zumwalt West,2026-09-15,Francis Howell Central,,3,5,L,0.75,2.57,2.25,-2.43,-0.18,False,False
Ft. Zumwalt West,2026-09-17,Hickman,,,,,2.38,1.5,,,,False,False
Ft. Zumwalt West,2026-09-22,Timberland,,3,0,W,1.6,0.47,1.4,0.47,1.88,False,False
Ft. Zumwalt West,2026-09-24,Hickman,,3,1,W,2.38,1.5,0.62,0.5,1.11,False,False
Ft. Zumwalt West,2026-09-26,Ft. Zumwalt East,,2,0,W,2.01,-0.2,-0.01,-0.2,-0.21,False,False
Ft. Zumwalt West,2026-09-29,Ladue Horton Watkins,,0,2,L,1.11,2.2,-1.11,0.2,-0.91,False,False
Ft. Zumwalt West,2026-10-01,Farmington,,1,0,W,1.81,0.97,-0.81,0.97,0.16,False,False
Ft. Zumwalt West,2026-10-03,De Smet Jesuit,,,,,1.39,1.68,,,,False,False
Ft. Zumwalt West,2026-10-06,Lafayette (Wildwood),,,,,1.85,2.74,,,,False,False
Ft. Zumwalt West,2026-10-08,North Point,,,,,2.89,1.58,,,,False,False
Ft. Zumwalt West,2026-10-10,Francis Howell,,,,,1.44,1.5,,,,False,False
Ft. Zumwalt West,2026-10-13,Ft. Zumwalt East,,,,,2.01,-0.2,,,,False,False
Ft. Zumwalt West,2026-10-20,Ft. Zumwalt South,,,,,1.59,1.64,,,,False,False
Ft. Zumwalt West,2026-10-22,Ft. Zumwalt North,,,,,2.97,-1.08,,,,False,False
Ft. Zumwalt West,2026-10-28,Rockwood Summit,,,,,1.88,1.87,,,,False,False
Fulton,2026-09-01,Fatima,,5,1,W,3.57,0.06,1.43,-0.94,0.5,False,False
Fulton,2026-09-03,Mexico,,2,1,W,3.14,1.2,-1.14,0.2,-0.95,False,False
Fulton,2026-09-08,Boonville,,0,7,L,0.34,3.5,-0.34,-3.5,-3.84,False,False
Fulton,2026-09-15,Calvary Lutheran,,8,0,W,7.65,0.93,0.35,0.93,1.28,False,False
Fulton,2026-09-17,Wright City,,,,,1.46,1.57,,,,False,False
Fulton,2026-09-21,Christian Fellowship Sr. with Hallsville,,1,3,L,1.67,2.14,-0.67,-0.86,-1.53,False,False
Fulton,2026-09-24,Crocker,,2,1,W,1.92,3.21,0.08,2.21,2.3,False,False
Fulton,2026-09-26,Warrenton,,0,6,L,-0.19,4.62,0.19,-1.38,-1.19,False,False
Fulton,2026-09-29,Moberly,,2,1,W,0.18,3.46,1.82,2.46,4.27,False,False
Fulton,2026-10-06,Eugene,,,,,3.58,0.4,,,,False,False
Fulton,2026-10-12,Mexico,,,,,3.14,1.2,,,,False,False
Fulton,2026-10-15,Southern Boone,,,,,-0.39,4.29,,,,False,False
Fulton,2026-10-19,Smithton,,,,,2.24,1.23,,,,False,False
Fulton,2026-10-20,Winfield,,,,,1.07,2.97,,,,False,False
Fulton,2026-10-22,Moberly,,,,,0.18,3.46,,,,False,False
Fulton,2026-10-27,Osage,,,,,1.3,3.1,,,,False,False
Gateway Legacy Sr. H.,2026-09-04,Ritenour,,,,,,,,,,False,False
Gateway Legacy Sr. H.,2026-09-18,Gateway Science Charter,,,,,,,,,,False,False
Gateway Legacy Sr. H.,2026-10-01,St. Francis Borgia,,8,2,W,,,,,,False,False
Gateway Legacy Sr. H.,2026-10-20,Roosevelt,,,,,,,,,,False,False
Gateway Science Charter,2026-08-27,Valley Park,,3,1,W,0.91,2.1,2.09,1.1,3.2,False,False
Gateway Science Charter,2026-09-01,Bayless,,0,6,L,0.72,4.14,-0.72,-1.86,-2.58,False,False
Gateway Science Charter,2026-09-03,Brentwood,,1,2,L,2.04,2.69,-1.04,0.69,-0.36,False,False
Gateway Science Charter,2026-09-10,Cardinal Ritter,,7,1,W,7.36,0.49,-0.36,-0.51,-0.87,False,False
Gateway Science Charter,2026-09-15,"FBA OFallon IL(O'Fallon, IL)",,,,,,,,,,False,False
Gateway Science Charter,2026-09-18,Gateway Legacy Sr. H.,,,,,,,,,,False,False
Gateway Science Charter,2026-09-21,Roosevelt,,4,0,W,3.11,0.85,0.89,0.85,1.74,False,False
Gateway Science Charter,2026-09-28,St. Louis United,,2,5,L,,,,,,False,False
Gateway Science Charter,2026-09-30,"Valmeyer(Valmeyer , IL)",,8,0,W,,,,,,False,False
Gateway Science Charter,2026-10-02,Brentwood,,1,4,L,2.04,2.69,-1.04,-1.31,-2.36,False,False
Gateway Science Charter,2026-10-06,McCluer,,,,,,,,,,False,False
Gateway Science Charter,2026-10-13,Collegiate School of Med-Bio Science with McKinley Classical Leadership,,,,,2.11,2.49,,,,False,False
Gateway Science Charter,2026-10-16,Principia,,,,,-0.53,4.09,,,,False,False
Gateway Science Charter,2026-10-19,Bishop DuBourg,,,,,3.24,2.31,,,,False,False
Gateway Science Charter,2026-10-21,North County,,,,,4.49,0.51,,,,False,False
Gateway Science Charter,2026-10-27,Gateway with Soldan International Studies,,,,,2.72,1.24,,,,False,False
Gateway with Soldan International Studies,2026-08-31,Bayless,,0,7,L,-0.77,4.14,0.77,-2.86,-2.09,False,False
Gateway with Soldan International Studies,2026-09-11,Brentwood,,0,2,L,0.56,2.69,-0.56,0.69,0.13,False,False
Gateway with Soldan International Studies,2026-09-16,St. Mary's South Side,,1,7,L,-0.3,4.8,1.3,-2.2,-0.91,False,False
Gateway with Soldan International Studies,2026-09-21,St. Louis United,,0,2,L,,,,,,False,False
Gateway with Soldan International Studies,2026-09-28,Metro,,1,4,L,-0.53,4.33,1.53,0.33,1.87,False,False
Gateway with Soldan International Studies,2026-10-01,Roosevelt,,1,0,W,1.63,0.85,-0.63,0.85,0.22,False,False
Gateway with Soldan International Studies,2026-10-02,MICDS,,,,,-1.62,4.38,,,,False,False
Gateway with Soldan International Studies,2026-10-06,Collegiate School of Med-Bio Science with McKinley Classical Leadership,,,,,0.62,2.5,,,,False,False
Gateway with Soldan International Studies,2026-10-09,Valley Park,,,,,-0.58,2.11,,,,False,False
Gateway with Soldan International Studies,2026-10-12,Bishop DuBourg,,,,,1.76,2.31,,,,False,False
Gateway with Soldan International Studies,2026-10-13,Lutheran North,,,,,4.11,1.6,,,,False,False
Gateway with Soldan International Studies,2026-10-15,Lutheran St. Charles,,,,,-0.97,3.92,,,,False,False
Gateway with Soldan International Studies,2026-10-19,Maplewood-Richmond Hts.,,,,,-1.31,4.58,,,,False,False
Gateway with Soldan International Studies,2026-10-20,Affton,,,,,0.99,4.73,,,,False,False
Gateway with Soldan International Studies,2026-10-23,STEAM Academy,,,,,2.43,1.18,,,,False,False
Gateway with Soldan International Studies,2026-10-26,Pacific,,,,,0.45,1.86,,,,False,False
Gateway with Soldan International Studies,2026-10-27,Gateway Science Charter,,,,,1.24,2.72,,,,False,False
"Gibault Catholic(Waterloo , IL)",2026-10-06,St. Pius X (Festus),,,,,,,,,,False,False
Glendale,2026-09-01,Carthage,,6,1,W,2.62,0.32,3.38,-0.68,2.71,False,False
Glendale,2026-09-04,SLUH,,0,3,L,0.77,2.71,-0.77,-0.29,-1.07,False,False
Glendale,2026-09-05,Vianney,,2,2,T,1.49,1.63,0.51,-0.37,0.14,False,False
Glendale,2026-09-10,Branson,,2,0,W,3.78,0.06,-1.78,0.06,-1.71,False,False
Glendale,2026-09-11,Liberty North,,0,2,L,1.24,2.64,-1.24,0.64,-0.61,False,False
Glendale,2026-09-12,Northwest (Cedar Hill),,4,1,W,2.65,1.89,1.35,0.89,2.24,False,False
Glendale,2026-09-15,Springfield Catholic,,1,2,L,3.02,1.11,-2.02,-0.89,-2.91,False,False
Glendale,2026-09-22,Neosho,,7,0,W,4.07,-0.61,2.93,-0.61,2.32,False,False
Glendale,2026-09-24,Webb City,,3,1,W,4.97,-2.02,-1.97,-3.02,-4.99,False,False
Glendale,2026-09-29,Willard,,6,0,W,4.78,-1.27,1.22,-1.27,-0.05,False,False
Glendale,2026-10-01,Logan-Rogersville,,1,0,W,2.79,1.67,-1.79,1.67,-0.12,False,False
Glendale,2026-10-02,Jackson,,3,2,W,2.39,1.67,0.61,-0.33,0.28,False,False
Glendale,2026-10-03,Francis Howell North,,,,,2.89,1.14,,,,False,False
Glendale,2026-10-06,Joplin,,,,,3.66,-0.59,,,,False,False
Glendale,2026-10-08,Republic,,,,,3.56,-1.24,,,,False,False
Glendale,2026-10-13,Nixa,,,,,1.91,2.03,,,,False,False
Glendale,2026-10-15,Lebanon,,,,,5.41,-1.05,,,,False,False
Glendale,2026-10-16,Rockhurst,,,,,0.41,3.74,,,,False,False
Glendale,2026-10-17,"Blue Valley North(KC, KS)",,,,,,,,,,False,False
Glendale,2026-10-19,Ozark,,,,,3.53,1.29,,,,False,False
Glendale,2026-10-21,Kickapoo,,,,,4.83,-0.33,,,,False,False
Glendale,2026-10-27,Waynesville,,,,,4.6,-1.35,,,,False,False
Grain Valley,2026-08-27,Van Horn,,0,6,L,0.42,4.65,-0.42,-1.35,-1.77,False,False
Grain Valley,2026-09-01,Oak Park,,1,3,L,2.41,1.64,-1.41,-1.36,-2.78,False,False
Grain Valley,2026-09-02,Smithville,,3,1,W,2.52,0.87,0.48,-0.13,0.34,False,False
Grain Valley,2026-09-08,Raymore-Peculiar,,0,1,L,0.8,2.29,-0.8,1.29,0.49,False,False
Grain Valley,2026-09-11,Waynesville,,3,1,W,2.99,0.75,0.01,-0.25,-0.24,False,False
Grain Valley,2026-09-12,Carthage,,0,3,L,1.01,2.42,-1.01,-0.58,-1.58,False,False
Grain Valley,2026-09-12,Springfield Catholic,,2,4,L,1.41,3.21,0.59,-0.79,-0.2,False,False
Grain Valley,2026-09-14,Fort Osage,,1,2,L,1.66,2.36,-0.66,0.36,-0.3,False,False
Grain Valley,2026-09-16,Lee's Summit West,,1,5,L,-0.05,4.11,1.05,-0.89,0.16,False,False
Grain Valley,2026-09-21,Raytown,,6,1,W,5.35,3.35,0.65,2.35,3.0,False,False
Grain Valley,2026-09-28,Platte County,,6,1,W,3.33,1.48,2.67,0.48,3.14,False,False
Grain Valley,2026-10-05,Belton,,,,,2.89,1.88,,,,False,False
Grain Valley,2026-10-07,Blue Springs South,,,,,0.15,4.6,,,,False,False
Grain Valley,2026-10-12,Truman,,,,,4.44,1.43,,,,False,False
Grain Valley,2026-10-14,Kearney,,,,,4.37,1.7,,,,False,False
Grain Valley,2026-10-19,Blue Springs,,,,,0.54,4.0,,,,False,False
Grain Valley,2026-10-21,North Kansas City,,,,,2.39,1.94,,,,False,False
Grain Valley,2026-10-26,William Chrisman,,,,,3.41,0.08,,,,False,False
Grandview,2026-08-27,Pleasant Hill,,1,4,L,1.4,2.34,-0.4,-1.66,-2.07,False,False
Grandview,2026-09-01,North Kansas City,,2,1,W,1.05,2.94,0.95,1.94,2.89,False,False
Grandview,2026-09-02,Fort Osage,,0,1,L,0.32,3.35,-0.32,2.35,2.03,False,False
Grandview,2026-09-08,Center,,2,4,L,2.39,2.65,-0.39,-1.35,-1.73,False,False
Grandview,2026-09-10,Van Horn,,0,8,L,-0.91,5.65,0.91,-2.35,-1.44,False,False
Grandview,2026-09-14,Truman,,3,1,W,3.11,2.43,-0.11,1.43,1.32,False,False
Grandview,2026-09-16,Fort Osage,,1,4,L,0.32,3.35,0.68,-0.65,0.03,False,False
Grandview,2026-09-21,Raytown South,,5,0,W,5.06,-0.71,-0.06,-0.71,-0.77,False,False
Grandview,2026-09-23,Belton,,0,1,L,1.55,2.88,-1.55,1.88,0.33,False,False
Grandview,2026-09-28,Smithville,,1,2,L,1.19,1.86,-0.19,-0.14,-0.32,False,False
Grandview,2026-09-29,Harrisonville,,3,4,L,1.87,2.23,1.13,-1.77,-0.64,False,False
Grandview,2026-10-01,Raymore-Peculiar,,0,3,L,-0.54,3.28,0.54,0.28,0.82,False,False
Grandview,2026-10-05,Ruskin,,,,,4.39,-0.02,,,,False,False
Grandview,2026-10-07,William Chrisman,,,,,2.07,1.08,,,,False,False
Grandview,2026-10-12,Winnetonka,,,,,3.03,1.21,,,,False,False
Grandview,2026-10-15,Lone Jack,,,,,2.92,1.06,,,,False,False
Grandview,2026-10-19,Kearney,,,,,3.04,2.69,,,,False,False
Grandview,2026-10-21,Raytown,,,,,4.01,4.35,,,,False,False
Grandview,2026-10-22,Lincoln College Prep,,,,,0.66,5.05,,,,False,False
"Granite City(Granite City, IL)",2026-10-15,Roosevelt,,,,,,,,,,False,False
Green Ridge with Cole Camp,2026-09-01,Calvary Lutheran,,8,0,W,6.59,2.36,1.41,2.36,3.77,False,False
Green Ridge with Cole Camp,2026-09-07,Clinton,,2,8,L,-1.32,5.04,3.32,-2.96,0.36,False,False
Green Ridge with Cole Camp,2026-09-10,St. Paul Lutheran (Concordia),,0,6,L,-1.04,5.43,1.04,-0.57,0.47,False,False
Green Ridge with Cole Camp,2026-09-15,Odessa,,1,3,L,1.08,3.12,-0.08,0.12,0.04,False,False
Green Ridge with Cole Camp,2026-09-17,Smithton,,0,5,L,1.18,2.66,-1.18,-2.34,-3.52,False,False
Green Ridge with Cole Camp,2026-09-22,Sacred Heart,,0,4,L,1.13,2.35,-1.13,-1.65,-2.78,False,False
Green Ridge with Cole Camp,2026-09-24,Stover,,0,2,L,-0.24,4.84,0.24,2.84,3.08,False,False
Green Ridge with Cole Camp,2026-09-25,Fair Grove,,2,6,L,-0.7,7.03,2.7,1.03,3.73,False,False
Green Ridge with Cole Camp,2026-09-28,La Monte,,2,1,W,1.22,1.46,0.78,0.46,1.24,False,False
Green Ridge with Cole Camp,2026-09-29,Eugene,,2,0,W,2.52,1.83,-0.52,1.83,1.31,False,False
Green Ridge with Cole Camp,2026-10-12,Smith-Cotton,,,,,-1.82,6.53,,,,False,False
Green Ridge with Cole Camp,2026-10-15,Boonville,,,,,-0.72,4.93,,,,False,False
Green Ridge with Cole Camp,2026-10-19,Christian Fellowship Sr. with Hallsville,,,,,0.61,3.57,,,,False,False
Green Ridge with Cole Camp,2026-10-23,Southern Boone,,,,,-1.45,5.71,,,,False,False
Green Ridge with Cole Camp,2026-10-27,Knob Noster,,,,,3.72,1.09,,,,False,False
Green Ridge with Cole Camp,2026-10-29,St. Paul Lutheran (Concordia),,,,,-1.04,5.43,,,,False,False
Greenwood,2026-09-01,West Plains,,1,4,L,2.22,2.42,-1.22,-1.58,-2.81,False,False
Greenwood,2026-09-03,Willard,,1,2,L,1.54,1.48,-0.54,-0.52,-1.07,False,False
Greenwood,2026-09-08,New Heights Christian with McAuley Catholic,,3,0,W,1.29,0.63,1.71,0.63,2.34,False,False
Greenwood,2026-09-10,Crocker,,4,1,W,3.64,1.29,0.36,0.29,0.65,False,False
Greenwood,2026-09-15,Central (Springfield),,,,,1.01,2.08,,,,False,False
Greenwood,2026-09-17,Parkview,,0,3,L,1.76,2.27,-1.76,-0.73,-2.49,False,False
Greenwood,2026-09-22,Fair Grove,,4,3,W,2.09,3.68,1.91,0.68,2.6,False,False
Greenwood,2026-09-25,Aurora,,3,0,W,3.16,-0.17,-0.16,-0.17,-0.33,False,False
Greenwood,2026-09-28,Lebanon,,2,0,W,2.17,1.7,-0.17,1.7,1.53,False,False
Greenwood,2026-09-29,Marshfield,,3,0,W,2.49,0.28,0.51,0.28,0.8,False,False
Greenwood,2026-10-02,Sacred Heart,,4,0,W,3.91,-0.99,0.09,-0.99,-0.91,False,False
Greenwood,2026-10-06,Dixon,,,,,4.39,-0.56,,,,False,False
Greenwood,2026-10-08,Hillcrest,,,,,2.85,0.95,,,,False,False
Greenwood,2026-10-10,Lone Jack,,,,,2.63,0.71,,,,False,False
Greenwood,2026-10-13,Central (Springfield),,,,,1.01,2.08,,,,False,False
Greenwood,2026-10-15,Laquey with Richland,,,,,2.32,0.8,,,,False,False
Greenwood,2026-10-20,New Covenant Academy,,,,,2.07,0.83,,,,False,False
Greenwood,2026-10-22,Cassville,,,,,1.31,0.83,,,,False,False
Greenwood,2026-10-24,Barstow,,,,,0.66,2.17,,,,False,False
Guadalupe Centers Charter,2026-08-31,"Christ Prep(Lenexa, KS)",,2,4,L,,,,,,False,False
Guadalupe Centers Charter,2026-09-03,Center,,5,4,W,1.78,2.98,3.22,-1.02,2.19,False,False
Guadalupe Centers Charter,2026-09-10,"Turner(Turner, KS)",,0,7,L,,,,,,False,False
Guadalupe Centers Charter,2026-09-14,Summit Christian Academy,,1,3,L,0.25,3.21,0.75,0.21,0.96,False,False
Guadalupe Centers Charter,2026-09-16,Oak Grove,,0,3,L,1.41,2.2,-1.41,-0.8,-2.21,False,False
Guadalupe Centers Charter,2026-09-17,William Chrisman,,0,1,L,1.47,1.4,-1.47,0.4,-1.07,False,False
Guadalupe Centers Charter,2026-09-22,Cristo Rey,,6,1,W,4.42,0.33,1.58,-0.67,0.91,False,False
Guadalupe Centers Charter,2026-09-24,"F. L. Schlagle(Kansas City, KS)",,1,1,T,,,,,,False,False
Guadalupe Centers Charter,2026-09-28,Frontier STEM,,3,1,W,4.3,0.75,-1.3,-0.25,-1.56,False,False
Guadalupe Centers Charter,2026-09-29,Central (Kansas City),,3,2,W,2.86,2.89,0.14,0.89,1.03,False,False
Guadalupe Centers Charter,2026-09-30,Frontier School of Excellence Charter,,1,0,W,1.59,0.62,-0.59,0.62,0.04,False,False
Guadalupe Centers Charter,2026-10-01,"JC Harmon(Kansas City, KS)",,,,,,,,,,False,False
Guadalupe Centers Charter,2026-10-06,Cristo Rey,,,,,4.42,0.33,,,,False,False
Guadalupe Centers Charter,2026-10-09,Daniel Academy Sr. High,,,,,,,,,,False,False
Guadalupe Centers Charter,2026-10-13,Frontier School of Excellence Charter,,,,,1.59,0.62,,,,False,False
Guadalupe Centers Charter,2026-10-15,Northland Christian,,,,,2.53,2.29,,,,False,False
Guadalupe Centers Charter,2026-10-20,Northeast (Kansas City),,,,,-1.1,5.97,,,,False,False
Guadalupe Centers Charter,2026-10-23,Ewing Marion Kauffman with University Academy Charter,,,,,3.73,1.35,,,,False,False
Hancock,2026-08-28,St. Charles West,,1,2,L,0.43,1.68,0.57,-0.32,0.25,False,False
Hancock,2026-09-03,STEAM Academy,,2,1,W,2.78,0.68,-0.78,-0.32,-1.1,False,False
Hancock,2026-09-08,Maplewood-Richmond Hts.,,0,3,L,-0.96,4.08,0.96,1.08,2.04,False,False
Hancock,2026-09-11,Crossroads College Preparatory,,5,0,W,3.97,0.87,1.03,0.87,1.9,False,False
Hancock,2026-09-14,"Valmeyer(Valmeyer, IL)",,8,0,W,,,,,,False,False
Hancock,2026-09-15,Lutheran North,,4,1,W,4.47,1.11,-0.47,0.11,-0.36,False,False
Hancock,2026-09-17,Elsberry,,2,1,W,2.56,-0.31,-0.56,-1.31,-1.87,False,False
Hancock,2026-09-22,Bayless,,0,2,L,-0.42,3.64,0.42,1.64,2.06,False,False
Hancock,2026-09-25,Maplewood-Richmond Hts.,,0,7,L,-0.96,4.08,0.96,-2.92,-1.96,False,False
Hancock,2026-09-28,Valley Park,,0,1,L,-0.23,1.61,0.23,0.61,0.84,False,False
Hancock,2026-10-01,Brentwood,,0,2,L,0.91,2.19,-0.91,0.19,-0.72,False,False
Hancock,2026-10-06,Valley Park,,,,,-0.23,1.61,,,,False,False
Hancock,2026-10-09,Bayless,,,,,-0.42,3.64,,,,False,False
Hancock,2026-10-13,Hazelwood Central,,,,,,,,,,False,False
Hancock,2026-10-15,Brentwood,,,,,0.91,2.19,,,,False,False
Hancock,2026-10-19,Wright City,,,,,2.0,0.53,,,,False,False
Hancock,2026-10-21,Crossroads College Preparatory,,,,,3.97,0.87,,,,False,False
Hannibal,2026-08-29,Rolla,,0,0,T,1.39,2.3,-1.39,2.3,0.91,False,False
Hannibal,2026-08-29,Neosho,,0,1,L,1.26,3.09,-1.26,2.09,0.84,False,False
Hannibal,2026-09-01,"Quincy Notre Dame(Quincy, IL)",,4,3,W,,,,,,False,False
Hannibal,2026-09-03,Kirksville,,2,3,L,1.21,2.86,0.79,-0.14,0.65,False,False
Hannibal,2026-09-08,Ft. Zumwalt South,,0,8,L,-0.42,5.26,0.42,-2.74,-2.32,False,False
Hannibal,2026-09-11,Rolla,,3,3,T,1.39,2.3,1.61,-0.7,0.91,False,False
Hannibal,2026-09-12,Lutheran St. Charles,,1,6,L,1.01,3.5,-0.01,-2.5,-2.51,False,False
Hannibal,2026-09-12,North Point,,0,8,L,0.88,5.19,-0.88,-2.81,-3.69,False,False
Hannibal,2026-09-17,"Quincy(Quincy, IL)",,0,1,L,,,,,,False,False
Hannibal,2026-09-22,Mexico,,8,0,W,5.29,0.23,2.71,0.23,2.94,False,False
Hannibal,2026-09-24,Ft. Zumwalt North,,1,2,L,0.96,2.54,0.04,0.54,0.58,False,False
Hannibal,2026-09-28,Canton,,5,1,W,7.1,0.45,-2.1,-0.55,-2.65,False,False
Hannibal,2026-09-30,Hickman,,0,5,L,0.37,5.11,-0.37,0.11,-0.26,False,False
Hannibal,2026-10-02,Northwest (Cedar Hill),,0,7,L,-0.16,5.59,0.16,-1.41,-1.25,False,False
Hannibal,2026-10-03,Camdenton,,,,,1.29,3.58,,,,False,False
Hannibal,2026-10-06,Kirksville,,,,,1.21,2.86,,,,False,False
Hannibal,2026-10-08,Capital City,,,,,1.64,3.36,,,,False,False
Hannibal,2026-10-10,Moberly,,,,,2.34,2.49,,,,False,False
Hannibal,2026-10-13,Moberly,,,,,2.34,2.49,,,,False,False
Hannibal,2026-10-22,Warrenton,,,,,1.96,3.65,,,,False,False
Hannibal,2026-10-26,Winfield,,,,,3.22,2.0,,,,False,False
Hannibal,2026-10-29,Holt,,,,,2.63,2.5,,,,False,False
"Harrisburg(Harrisburg, IL)",2026-08-28,Central (Cape Girardeau),,0,3,L,,,,,,False,False
"Harrisburg(Harrisburg, IL)",2026-08-29,Poplar Bluff,,1,4,L,,,,,,False,False
Harrisonville,2026-08-28,Carl Junction,,0,1,L,2.19,1.69,-2.19,0.69,-1.5,False,False
Harrisonville,2026-08-29,Smith-Cotton,,1,3,L,1.43,3.35,-0.43,0.35,-0.09,False,False
Harrisonville,2026-09-01,Marshall,,1,4,L,0.38,3.16,0.62,-0.84,-0.22,False,False
Harrisonville,2026-09-08,St. Pius X (Kansas City),,3,4,L,2.27,3.44,0.73,-0.56,0.17,False,False
Harrisonville,2026-09-15,Warrensburg,,7,1,W,5.22,0.3,1.78,-0.7,1.08,False,False
Harrisonville,2026-09-17,Clinton,,1,0,W,1.93,1.86,-0.93,1.86,0.93,False,False
Harrisonville,2026-09-22,Northeast (Kansas City),,0,7,L,-0.32,5.46,0.32,-1.54,-1.21,False,False
Harrisonville,2026-09-24,Knob Noster,,8,0,W,6.97,-2.09,1.03,-2.09,-1.07,False,False
Harrisonville,2026-09-29,Grandview,,4,3,W,2.23,1.87,1.77,-1.13,0.64,False,False
Harrisonville,2026-10-01,Oak Grove,,,,,2.19,1.69,,,,False,False
Harrisonville,2026-10-06,St. Michael the Archangel,,,,,0.39,3.64,,,,False,False
Harrisonville,2026-10-08,Smithville,,,,,1.36,1.68,,,,False,False
Harrisonville,2026-10-13,Pleasant Hill,,,,,1.58,2.15,,,,False,False
Harrisonville,2026-10-15,Odessa,,,,,4.33,-0.06,,,,False,False
Harrisonville,2026-10-20,Center,,,,,2.56,2.47,,,,False,False
Harrisonville,2026-10-22,Summit Christian Academy,,,,,1.03,2.71,,,,False,False
Harrisonville,2026-10-24,Oak Grove,,,,,2.19,1.69,,,,False,False
Harrisonville,2026-10-27,Excelsior Springs,,,,,1.74,2.9,,,,False,False
Harrisonville,2026-10-29,Pembroke Hill,,,,,-0.86,5.01,,,,False,False
Hazelwood Central,2026-08-31,Duchesne,,0,5,L,,,,,,False,False
Hazelwood Central,2026-09-17,Jennings,,10,0,W,,,,,,False,False
Hazelwood Central,2026-09-21,University City,,4,2,W,,,,,,False,False
Hazelwood Central,2026-09-24,STEAM Academy,,4,2,W,,,,,,False,False
Hazelwood Central,2026-09-29,McCluer North,,5,0,W,,,,,,False,False
Hazelwood Central,2026-09-30,Winfield,,1,4,L,,,,,,False,False
Hazelwood Central,2026-10-08,Jennings,,,,,,,,,,False,False
Hazelwood Central,2026-10-13,Hancock,,,,,,,,,,False,False
Hazelwood Central,2026-10-14,University City,,,,,,,,,,False,False
Hazelwood Central,2026-10-19,STEAM Academy,,,,,,,,,,False,False
Hazelwood Central,2026-10-20,Lutheran North,,,,,,,,,,False,False
Hazelwood Central,2026-10-21,McCluer North,,,,,,,,,,False,False
Hazelwood East,2026-09-11,Hillsboro,,0,8,L,,,,,,False,False
Hazelwood East,2026-09-15,University City,,0,8,L,,,,,,False,False
Hazelwood East,2026-09-25,Jennings,,8,0,W,,,,,,False,False
Hazelwood East,2026-09-28,Winfield,,0,8,L,,,,,,False,False
Hazelwood East,2026-10-01,McCluer North,,1,0,W,,,,,,False,False
Hazelwood East,2026-10-06,Wright City,,,,,,,,,,False,False
Hazelwood East,2026-10-09,University City,,,,,,,,,,False,False
Hazelwood East,2026-10-12,STEAM Academy,,,,,,,,,,False,False
Hazelwood East,2026-10-13,Cardinal Ritter,,,,,,,,,,False,False
Hazelwood East,2026-10-19,Jennings,,,,,,,,,,False,False
Hazelwood East,2026-10-23,McCluer North,,,,,,,,,,False,False
Hazelwood West,2026-08-31,Maplewood-Richmond Hts.,,3,1,W,,,,,,False,False
Hazelwood West,2026-09-08,University City,,7,1,W,,,,,,False,False
Hazelwood West,2026-09-10,STEAM Academy,,8,3,W,,,,,,False,False
Hazelwood West,2026-09-11,Ritenour,,3,2,W,,,,,,False,False
Hazelwood West,2026-09-18,Pattonville,,3,10,L,,,,,,False,False
Hazelwood West,2026-09-21,Jennings,,12,0,W,,,,,,False,False
Hazelwood West,2026-09-25,McCluer North,,8,0,W,,,,,,False,False
Hazelwood West,2026-09-28,Parkway North,,1,4,L,,,,,,False,False
Hazelwood West,2026-10-05,University City,,,,,,,,,,False,False
Hazelwood West,2026-10-07,STEAM Academy,,,,,,,,,,False,False
Hazelwood West,2026-10-14,Jennings,,,,,,,,,,False,False
Hazelwood West,2026-10-19,McCluer North,,,,,,,,,,False,False
Hazelwood West,2026-10-20,McCluer North,,,,,,,,,,False,False
Hazelwood West,2026-10-22,Winfield,,,,,,,,,,False,False
Heartland (Belton) Sr.,2026-08-31,Knob Noster,,1,0,W,,,,,,False,False
Heartland (Belton) Sr.,2026-09-14,Lutheran (Kansas City),,0,2,L,,,,,,False,False
Helias Catholic,2026-08-27,Ft. Zumwalt South,,2,1,W,1.59,1.59,0.41,0.59,1.0,False,False
Helias Catholic,2026-08-29,St. Mary's South Side,,3,2,W,3.69,0.72,-0.69,-1.28,-1.97,False,False
Helias Catholic,2026-09-03,Ozark,,1,0,W,2.73,1.33,-1.73,1.33,-0.4,False,False
Helias Catholic,2026-09-08,Hickman,,1,0,W,2.38,1.45,-1.38,1.45,0.06,False,False
Helias Catholic,2026-09-10,Father Tolton,,3,2,W,2.35,1.17,0.65,-0.83,-0.18,False,False
Helias Catholic,2026-09-15,Battle with Columbia Independent,,5,0,W,2.94,-0.17,2.06,-0.17,1.89,False,False
Helias Catholic,2026-09-18,St. Michael the Archangel,,3,0,W,2.36,0.77,0.64,0.77,1.4,False,False
Helias Catholic,2026-09-19,Bishop DuBourg,,9,1,W,5.75,-1.77,3.25,-2.77,0.49,False,False
Helias Catholic,2026-09-22,Jefferson City,,4,1,W,4.55,-0.94,-0.55,-1.94,-2.49,False,False
Helias Catholic,2026-09-24,Southern Boone,,2,1,W,3.78,-0.34,-1.78,-1.34,-3.11,False,False
Helias Catholic,2026-09-25,Lutheran St. Charles,,5,0,W,3.02,-0.16,1.98,-0.16,1.82,False,False
Helias Catholic,2026-09-29,Capital City,,3,0,W,3.65,-0.3,-0.65,-0.3,-0.95,False,False
Helias Catholic,2026-09-30,Rolla,,4,1,W,3.4,-1.36,0.6,-2.36,-1.77,False,False
Helias Catholic,2026-10-03,St. Francis Borgia,,,,,4.51,-1.18,,,,False,False
Helias Catholic,2026-10-06,Smith-Cotton,,,,,3.41,0.48,,,,False,False
Helias Catholic,2026-10-08,Marshall,,,,,2.36,0.29,,,,False,False
Helias Catholic,2026-10-13,Camdenton,,,,,3.3,-0.08,,,,False,False
Helias Catholic,2026-10-15,Liberty (Wentzville),,,,,2.66,1.24,,,,False,False
Helias Catholic,2026-10-19,Osage,,,,,5.46,-1.52,,,,False,False
Helias Catholic,2026-10-20,Rock Bridge,,,,,1.62,1.93,,,,False,False
Helias Catholic,2026-10-27,Moberly,,,,,4.35,-1.17,,,,False,False
"Heritage Christian(Olathe, KS)",2026-09-15,Faith Christian Academy,,2,0,W,,,,,,False,False
"Heritage Christian(Olathe, KS)",2026-09-29,Northland Christian,,9,1,W,,,,,,False,False
"Heritage Christian(Olathe, KS)",2026-10-05,Lutheran (Kansas City),,,,,,,,,,False,False
Hickman,2026-08-28,Nixa,,3,2,W,1.41,3.31,1.59,1.31,2.9,False,False
Hickman,2026-08-29,Kickapoo,,5,1,W,4.33,0.94,0.67,-0.06,0.61,False,False
Hickman,2026-09-01,De Smet Jesuit,,2,1,W,1.69,2.87,0.31,1.87,2.18,False,False
Hickman,2026-09-04,Central (Springfield),,3,2,W,3.75,0.61,-0.75,-1.39,-2.15,False,False
Hickman,2026-09-05,Parkview,,3,1,W,4.5,0.79,-1.5,-0.21,-1.7,False,False
Hickman,2026-09-08,Helias Catholic,,0,1,L,1.45,2.38,-1.45,1.38,-0.06,False,False
Hickman,2026-09-14,Father Tolton,,1,4,L,2.65,2.4,-1.65,-1.6,-3.24,False,False
Hickman,2026-09-15,Camdenton,,4,1,W,3.6,1.16,0.4,0.16,0.56,False,False
Hickman,2026-09-17,Ft. Zumwalt West,,,,,1.5,2.38,,,,False,False
Hickman,2026-09-22,Rock Bridge,,2,4,L,1.92,3.16,0.08,-0.84,-0.76,False,False
Hickman,2026-09-24,Ft. Zumwalt West,,1,3,L,1.5,2.38,-0.5,-0.62,-1.11,False,False
Hickman,2026-09-25,Summit Christian Academy,,6,0,W,3.3,1.07,2.7,1.07,3.77,False,False
Hickman,2026-09-26,North Kansas City,,4,3,W,3.5,1.12,0.5,-1.88,-1.38,False,False
Hickman,2026-09-29,Jefferson City,,6,0,W,4.85,0.3,1.15,0.3,1.45,False,False
Hickman,2026-09-30,Hannibal,,5,0,W,5.11,0.37,-0.11,0.37,0.26,False,False
Hickman,2026-10-02,Ozark,,,,,3.03,2.56,,,,False,False
Hickman,2026-10-03,Carthage,,,,,2.12,1.6,,,,False,False
Hickman,2026-10-06,Battle with Columbia Independent,,,,,3.24,1.07,,,,False,False
Hickman,2026-10-09,Pembroke Hill,,,,,1.41,3.37,,,,False,False
Hickman,2026-10-10,Ozark,,,,,3.03,2.56,,,,False,False
Hickman,2026-10-13,Smith-Cotton,,,,,3.71,1.71,,,,False,False
Hickman,2026-10-14,Marshall,,,,,2.66,1.52,,,,False,False
Hickman,2026-10-17,Moberly,,,,,4.65,0.07,,,,False,False
Hickman,2026-10-20,Capital City,,,,,3.95,0.93,,,,False,False
Hickman,2026-10-23,Kirkwood,,,,,0.53,2.92,,,,False,False
Hickman,2026-10-24,Park Hill South,,,,,1.08,3.04,,,,False,False
Highland,2026-10-10,Webster Groves,,,,,,,,,,False,False
Hillcrest,2026-08-27,Cassville,,2,5,L,0.84,2.27,1.16,-2.73,-1.58,False,False
Hillcrest,2026-08-28,Webb City,,0,2,L,1.27,2.17,-1.27,0.17,-1.1,False,False
Hillcrest,2026-08-29,Monett,,1,5,L,0.53,3.97,0.47,-1.03,-0.56,False,False
Hillcrest,2026-09-01,Fair Grove,,2,6,L,1.62,5.12,0.38,-0.88,-0.5,False,False
Hillcrest,2026-09-03,Parkview,,0,4,L,1.29,3.7,-1.29,-0.3,-1.59,False,False
Hillcrest,2026-09-08,McDonald County,,0,5,L,0.66,4.18,-0.66,-0.82,-1.48,False,False
Hillcrest,2026-09-10,Willard,,2,3,L,1.08,2.92,0.92,-0.08,0.84,False,False
Hillcrest,2026-09-16,Central (Springfield),,1,4,L,0.55,3.52,0.45,-0.48,-0.03,False,False
Hillcrest,2026-09-22,Bolivar,,1,2,L,0.89,3.29,0.11,1.29,1.4,False,False
Hillcrest,2026-09-23,Laquey with Richland,,2,0,W,1.85,2.24,0.15,2.24,2.39,False,False
Hillcrest,2026-09-29,Carl Junction,,1,2,L,1.26,2.96,-0.26,0.96,0.71,False,False
Hillcrest,2026-10-06,Marshfield,,,,,2.02,1.72,,,,False,False
Hillcrest,2026-10-08,Greenwood,,,,,0.95,2.85,,,,False,False
Hillcrest,2026-10-13,Logan-Rogersville,,,,,-0.91,5.86,,,,False,False
Hillcrest,2026-10-19,Smith-Cotton,,,,,0.5,4.62,,,,False,False
Hillcrest,2026-10-20,West Plains,,,,,1.76,3.86,,,,False,False
Hillcrest,2026-10-22,Camdenton,,,,,0.4,4.07,,,,False,False
Hillcrest,2026-10-27,Branson,,,,,0.07,4.25,,,,False,False
Hillsboro,2026-08-27,North County,,3,0,W,4.18,0.75,-1.18,0.75,-0.44,False,False
Hillsboro,2026-09-03,Windsor (Imperial),,0,1,L,1.56,2.15,-1.56,1.15,-0.41,False,False
Hillsboro,2026-09-08,Festus,,2,3,L,2.08,1.41,-0.08,-1.59,-1.66,False,False
Hillsboro,2026-09-10,St. Francis Borgia,,1,3,L,1.7,3.13,-0.7,0.13,-0.57,False,False
Hillsboro,2026-09-11,Hazelwood East,,8,0,W,,,,,,False,False
Hillsboro,2026-09-15,DeSoto,,5,6,L,2.75,3.74,2.25,-2.26,-0.01,False,False
Hillsboro,2026-09-17,Perryville,,2,5,L,1.11,4.34,0.89,-0.66,0.23,False,False
Hillsboro,2026-09-21,Union,,1,2,L,1.01,2.72,-0.01,0.72,0.7,False,False
Hillsboro,2026-09-22,Central (Cape Girardeau),,0,1,L,1.09,1.84,-1.09,0.84,-0.26,False,False
Hillsboro,2026-09-25,Kirksville,,0,3,L,0.41,3.51,-0.41,0.51,0.1,False,False
Hillsboro,2026-09-26,Moberly,,3,4,L,1.54,3.15,1.46,-0.85,0.61,False,False
Hillsboro,2026-09-26,Christian Fellowship Sr. with Hallsville,,4,1,W,3.03,1.84,0.97,0.84,1.81,False,False
Hillsboro,2026-09-28,Bishop DuBourg,,1,2,L,2.93,2.55,-1.93,0.55,-1.39,False,False
Hillsboro,2026-10-01,Windsor (Imperial),,3,2,W,1.56,2.15,1.44,0.15,1.59,False,False
Hillsboro,2026-10-06,Farmington,,,,,-1.0,5.24,,,,False,False
Hillsboro,2026-10-08,Lutheran South,,,,,0.53,4.57,,,,False,False
Hillsboro,2026-10-09,Northwest (Cedar Hill),,,,,-0.96,6.25,,,,False,False
Hillsboro,2026-10-12,Fredericktown,,,,,2.83,2.15,,,,False,False
Hillsboro,2026-10-14,Parkway North,,,,,0.55,4.01,,,,False,False
Hillsboro,2026-10-20,Festus,,,,,2.08,1.41,,,,False,False
Hillsboro,2026-10-22,Sikeston,,,,,-1.12,6.16,,,,False,False
Hillsboro,2026-10-24,DeSoto,,,,,2.75,3.74,,,,False,False
Hillsboro,2026-10-26,Perryville,,,,,1.11,4.34,,,,False,False
Holt,2026-08-27,Duchesne,,2,1,W,2.34,2.36,-0.34,1.36,1.01,False,False
Holt,2026-09-01,St. Charles,,0,8,L,-0.01,5.92,0.01,-2.08,-2.07,False,False
Holt,2026-09-03,Warrenton,,1,6,L,1.67,3.48,-0.67,-2.52,-3.19,False,False
Holt,2026-09-08,Winfield,,4,2,W,2.93,1.83,1.07,-0.17,0.91,False,False
Holt,2026-09-10,St. Charles West,,1,2,L,1.76,1.59,-0.76,-0.41,-1.17,False,False
Holt,2026-09-15,Orchard Farm,,0,3,L,-0.74,3.54,0.74,0.54,1.28,False,False
Holt,2026-09-17,Veritas Christian Academy,,0,2,L,0.29,3.31,-0.29,1.31,1.02,False,False
Holt,2026-09-22,Wright City,,2,1,W,3.32,0.44,-1.32,-0.56,-1.89,False,False
Holt,2026-09-24,Sullivan,,3,4,L,2.2,2.28,0.8,-1.72,-0.93,False,False
Holt,2026-09-29,Union,,2,0,W,1.52,1.9,0.48,1.9,2.38,False,False
Holt,2026-10-01,Parkway North,,1,2,L,1.05,3.18,-0.05,1.18,1.13,False,False
Holt,2026-10-05,Ritenour,,,,,2.45,1.28,,,,False,False
Holt,2026-10-12,Pattonville,,,,,0.46,4.57,,,,False,False
Holt,2026-10-19,Washington,,,,,1.68,2.51,,,,False,False
Holt,2026-10-22,Lutheran St. Charles,,,,,0.72,3.33,,,,False,False
Holt,2026-10-27,Troy Buchanan,,,,,-0.87,3.74,,,,False,False
Holt,2026-10-29,Hannibal,,,,,2.5,2.63,,,,False,False
"Hyman Brand(Kansas City, MO)",2026-09-24,Frontier School of Excellence Charter,,2,6,L,,,,,,False,False
"Hyman Brand(Overland Park, KS)",2026-09-10,Frontier STEM,,0,1,L,,,,,,False,False
"Hyman Brand(Overland Park, KS)",2026-09-15,Frontier School of Excellence Charter,,0,1,L,,,,,,False,False
"Hyman Brand(Overland Park, KS)",2026-09-29,Frontier STEM,,2,8,L,,,,,,False,False
Iberia,2026-09-03,Laquey with Richland,,0,8,L,-1.23,8.11,1.23,0.11,1.35,False,False
Iberia,2026-09-09,La Monte,,1,6,L,0.45,5.43,0.55,-0.57,-0.03,False,False
Iberia,2026-09-11,Knob Noster,,3,5,L,2.95,5.06,0.05,0.06,0.1,False,False
Iberia,2026-09-15,Crocker,,1,7,L,0.09,8.61,0.91,1.61,2.52,False,False
Iberia,2026-09-17,Maranatha Baptist,,3,2,W,,,,,,False,False
Iberia,2026-09-18,Marshfield,,0,4,L,-1.06,7.6,1.06,3.6,4.66,False,False
Iberia,2026-09-22,Rolla Sr. High Home Sch,,2,1,W,,,,,,False,False
Iberia,2026-09-24,Dixon,,1,6,L,0.84,6.75,0.16,0.75,0.91,False,False
Iberia,2026-09-29,Fair Grove,,0,8,L,-1.47,11.0,1.47,3.0,4.46,False,False
Iberia,2026-10-01,Eugene,,0,8,L,1.75,5.8,-1.75,-2.2,-3.96,False,False
Iberia,2026-10-03,Eugene,,,,,1.75,5.8,,,,False,False
Iberia,2026-10-03,Calvary Lutheran,,,,,5.82,6.33,,,,False,False
Iberia,2026-10-05,Dixon,,,,,0.84,6.75,,,,False,False
Iberia,2026-10-08,Calvary Lutheran,,,,,5.82,6.33,,,,False,False
Iberia,2026-10-13,Christian Fellowship Sr. with Hallsville,,,,,-0.15,7.54,,,,False,False
Iberia,2026-10-15,Dixon,,,,,0.84,6.75,,,,False,False
Iberia,2026-10-19,Stover,,,,,-1.01,8.81,,,,False,False
Iberia,2026-10-23,Smithton,,,,,0.41,6.63,,,,False,False
Iberia,2026-10-26,Calvary Lutheran,,,,,5.82,6.33,,,,False,False
Iberia,2026-10-29,Crocker,,,,,0.09,8.61,,,,False,False
"J.C. Harmon(Kansas City , KS)",2026-09-29,East (Kansas City),,2,1,W,,,,,,False,False
"J.C. Harmon(Kansas City, KS)",2026-09-14,Raytown South,,8,0,W,,,,,,False,False
"JC Harmon(Kansas City, KS)",2026-10-01,Guadalupe Centers Charter,,,,,,,,,,False,False
Jackson,2026-08-27,Rockwood Summit,,3,2,W,2.44,2.26,0.56,0.26,0.82,False,False
Jackson,2026-09-01,Oakville,,0,1,L,0.54,2.46,-0.54,1.46,0.92,False,False
Jackson,2026-09-04,"Murphysboro HS(Murphysboro, IL)",,5,0,W,,,,,,False,False
Jackson,2026-09-08,Fox,,7,0,W,4.87,-0.98,2.13,-0.98,1.14,False,False
Jackson,2026-09-12,De Smet Jesuit,,3,4,L,1.95,2.08,1.05,-1.92,-0.88,False,False
Jackson,2026-09-15,Northwest (Cedar Hill),,1,2,L,2.41,2.38,-1.41,0.38,-1.04,False,False
Jackson,2026-09-21,Seckman,,2,1,W,2.78,1.03,-0.78,0.03,-0.74,False,False
Jackson,2026-09-24,Perryville,,7,0,W,4.48,0.47,2.52,0.47,2.99,False,False
Jackson,2026-09-28,Sikeston,,2,1,W,2.26,2.29,-0.26,1.29,1.03,False,False
Jackson,2026-10-01,Nixa,,1,3,L,1.67,2.52,-0.67,-0.48,-1.16,False,False
Jackson,2026-10-02,Glendale,,2,3,L,1.67,2.39,0.33,-0.61,-0.28,False,False
Jackson,2026-10-03,Kickapoo,,,,,4.59,0.15,,,,False,False
Jackson,2026-10-06,Central (Cape Girardeau),,,,,4.47,-2.03,,,,False,False
Jackson,2026-10-13,Lindbergh,,,,,1.84,2.0,,,,False,False
Jackson,2026-10-15,Saxony Lutheran with St. Vincent,,,,,3.74,1.58,,,,False,False
Jackson,2026-10-19,Poplar Bluff,,,,,4.9,1.53,,,,False,False
Jackson,2026-10-22,Farmington,,,,,2.37,1.37,,,,False,False
Jackson,2026-10-27,Notre Dame (Cape Girardeau),,,,,1.51,2.55,,,,False,False
Jefferson City,2026-08-27,Boonville,,1,2,L,2.42,2.28,-1.42,0.28,-1.15,False,False
Jefferson City,2026-09-01,Waynesville,,4,0,W,1.72,2.09,2.28,2.09,4.37,False,False
Jefferson City,2026-09-03,Central (Springfield),,1,3,L,1.37,2.77,-0.37,-0.23,-0.6,False,False
Jefferson City,2026-09-08,Smith-Cotton,,1,5,L,1.32,3.87,-0.32,-1.13,-1.44,False,False
Jefferson City,2026-09-10,Fatima,,8,0,W,5.64,-1.16,2.36,-1.16,1.19,False,False
Jefferson City,2026-09-15,Rock Bridge,,0,8,L,-0.47,5.33,0.47,-2.67,-2.21,False,False
Jefferson City,2026-09-17,Rolla,,1,3,L,1.31,2.03,-0.31,-0.97,-1.28,False,False
Jefferson City,2026-09-21,Osage,,3,0,W,3.37,1.88,-0.37,1.88,1.5,False,False
Jefferson City,2026-09-22,Helias Catholic,,1,4,L,-0.94,4.55,1.94,0.55,2.49,False,False
Jefferson City,2026-09-25,"Quincy(Quincy, IL)",,1,3,L,,,,,,False,False
Jefferson City,2026-09-26,Lutheran St. Charles,,0,5,L,0.93,3.24,-0.93,-1.76,-2.69,False,False
Jefferson City,2026-09-26,"Lutheran St. Charles(St. Charles, MO)",,0,3,L,,,,,,False,False
Jefferson City,2026-09-29,Hickman,,0,6,L,0.3,4.85,-0.3,-1.15,-1.45,False,False
Jefferson City,2026-10-03,Poplar Bluff,,,,,2.26,4.48,,,,False,False
Jefferson City,2026-10-06,Capital City,,,,,1.56,3.1,,,,False,False
Jefferson City,2026-10-08,Southern Boone,,,,,1.69,3.06,,,,False,False
Jefferson City,2026-10-13,Battle with Columbia Independent,,,,,0.85,3.23,,,,False,False
Jefferson City,2026-10-20,Camdenton,,,,,1.21,3.32,,,,False,False
Jefferson City,2026-10-23,Sullivan,,,,,2.42,2.18,,,,False,False
Jefferson City,2026-10-26,Orchard Farm,,,,,-0.52,3.45,,,,False,False
Jefferson City,2026-10-28,Father Tolton,,,,,0.26,4.57,,,,False,False
Jennings,2026-09-15,Cardinal Ritter,,1,9,L,0.7,7.01,0.3,-1.99,-1.69,False,False
Jennings,2026-09-17,Hazelwood Central,,0,10,L,,,,,,False,False
Jennings,2026-09-21,Hazelwood West,,0,12,L,,,,,,False,False
Jennings,2026-09-23,McCluer North,,0,3,L,0.75,3.84,-0.75,0.84,0.09,False,False
Jennings,2026-09-25,Hazelwood East,,0,8,L,,,,,,False,False
Jennings,2026-09-29,Normandy Collaborative,,2,4,L,,,,,,False,False
Jennings,2026-10-01,University City,,0,8,L,-3.74,8.74,3.74,0.74,4.48,False,False
Jennings,2026-10-02,Lutheran North,,0,9,L,-1.06,8.13,1.06,-0.87,0.18,False,False
Jennings,2026-10-05,STEAM Academy,,,,,-2.74,7.7,,,,False,False
Jennings,2026-10-07,McCluer,,,,,,,,,,False,False
Jennings,2026-10-08,Hazelwood Central,,,,,,,,,,False,False
Jennings,2026-10-14,Hazelwood West,,,,,,,,,,False,False
Jennings,2026-10-16,McCluer North,,,,,0.75,3.84,,,,False,False
Jennings,2026-10-19,Hazelwood East,,,,,,,,,,False,False
Jennings,2026-10-21,Normandy Collaborative,,,,,,,,,,False,False
Jennings,2026-10-23,University City,,,,,-3.74,8.74,,,,False,False
John Burroughs,2026-08-28,Whitfield,,8,0,W,4.96,-0.11,3.04,-0.11,2.92,False,False
John Burroughs,2026-08-29,Notre Dame (Cape Girardeau),,0,2,L,1.99,2.28,-1.99,0.28,-1.71,False,False
John Burroughs,2026-09-01,MICDS,,3,1,W,3.4,0.48,-0.4,-0.52,-0.92,False,False
John Burroughs,2026-09-03,Priory,,2,1,W,2.47,1.29,-0.47,0.29,-0.18,False,False
John Burroughs,2026-09-08,Lutheran South,,5,1,W,4.38,0.43,0.62,-0.57,0.05,False,False
John Burroughs,2026-09-10,Ladue Horton Watkins,,2,1,W,2.14,2.32,-0.14,1.32,1.18,False,False
John Burroughs,2026-09-16,Francis Howell North,,3,1,W,3.12,1.35,-0.12,0.35,0.23,False,False
John Burroughs,2026-09-19,Pembroke Hill,,4,3,W,2.15,2.31,1.85,-0.69,1.16,False,False
John Burroughs,2026-09-23,Bayless,,4,0,W,4.25,0.23,-0.25,0.23,-0.02,False,False
John Burroughs,2026-09-26,MICDS,,3,1,W,3.4,0.48,-0.4,-0.52,-0.92,False,False
John Burroughs,2026-09-29,Whitfield,,8,1,W,4.96,-0.11,3.04,-1.11,1.92,False,False
John Burroughs,2026-10-02,Principia,,2,1,W,3.01,0.19,-1.01,-0.81,-1.82,False,False
John Burroughs,2026-10-06,Westminster Christian Academy,,,,,3.73,0.93,,,,False,False
John Burroughs,2026-10-08,Vianney,,,,,1.73,1.84,,,,False,False
John Burroughs,2026-10-13,Affton,,,,,6.01,0.83,,,,False,False
John Burroughs,2026-10-15,St. Dominic,,,,,1.09,2.28,,,,False,False
John Burroughs,2026-10-15,Parkway Central,,,,,3.04,0.05,,,,False,False
John Burroughs,2026-10-20,Priory,,,,,2.47,1.29,,,,False,False
John Burroughs,2026-10-23,Webster Groves,,,,,2.71,1.42,,,,False,False
John Burroughs,2026-10-28,Clayton,,,,,2.03,2.01,,,,False,False
Joplin,2026-09-01,"Pittsburg HS(Pittsburg, KS)",,5,1,W,,,,,,False,False
Joplin,2026-09-03,Branson,,0,1,L,1.28,1.81,-1.28,0.81,-0.47,False,False
Joplin,2026-09-08,Monett,,2,3,L,1.73,1.54,0.27,-1.46,-1.2,False,False
Joplin,2026-09-10,Fair Grove,,3,0,W,2.83,2.69,0.17,2.69,2.86,False,False
Joplin,2026-09-11,Waynesville,,2,4,L,2.11,0.4,-0.11,-3.6,-3.71,False,False
Joplin,2026-09-12,Waynesville,,0,1,L,2.11,0.4,-2.11,-0.6,-2.71,False,False
Joplin,2026-09-12,West Plains,,3,0,W,2.96,1.42,0.04,1.42,1.46,False,False
Joplin,2026-09-18,Camdenton,,2,1,W,1.6,1.63,0.4,0.63,1.03,False,False
Joplin,2026-09-24,Kickapoo,,4,2,W,2.33,1.42,1.67,-0.58,1.09,False,False
Joplin,2026-09-28,Thomas Jefferson Independent Day,,1,0,W,2.21,0.18,-1.21,0.18,-1.03,False,False
Joplin,2026-09-29,Lebanon,,5,1,W,2.91,0.7,2.09,-0.3,1.79,False,False
Joplin,2026-10-03,Logan-Rogersville,,,,,0.3,3.43,,,,False,False
Joplin,2026-10-06,Glendale,,,,,-0.59,3.66,,,,False,False
Joplin,2026-10-08,Nixa,,,,,-0.58,3.79,,,,False,False
Joplin,2026-10-12,Carl Junction,,,,,2.46,0.53,,,,False,False
Joplin,2026-10-13,Webb City,,,,,2.47,-0.27,,,,False,False
Joplin,2026-10-15,Willard,,,,,2.29,0.48,,,,False,False
Joplin,2026-10-19,Springfield Catholic,,,,,0.53,2.86,,,,False,False
Joplin,2026-10-20,Republic,,,,,1.07,0.51,,,,False,False
Joplin,2026-10-22,Carthage,,,,,0.12,2.08,,,,False,False
Joplin,2026-10-27,Neosho,,,,,1.57,1.14,,,,False,False
Joplin,2026-10-29,Ozark,,,,,1.03,3.04,,,,False,False
"KC East Christian(Overland Park, KS)",2026-09-10,Lee's Summit,,1,6,L,,,,,,False,False
"KC East Christian(Overland Park, KS)",2026-09-16,St. Michael the Archangel,,1,3,L,,,,,,False,False
"KC East(Kansas City, KS)",2026-10-15,Ewing Marion Kauffman with University Academy Charter,,,,,,,,,,False,False
"KC East(Overland Park, KS)",2026-09-22,Barstow,,6,2,W,,,,,,False,False
KIPP St. Louis Sr.,2026-09-17,Cardinal Ritter,,,,,,,,,,False,False
KIPP St. Louis Sr.,2026-10-07,Bishop DuBourg,,,,,,,,,,False,False
KIPP St. Louis Sr.,2026-10-13,Cardinal Ritter,,,,,,,,,,False,False
KIPP St. Louis Sr.,2026-10-15,Cardinal Ritter,,,,,,,,,,False,False
"Kansas City Christian(Kansas City, KS)",2026-09-10,Faith Christian Academy,,1,5,L,,,,,,False,False
"Kansas City Christian(Prairie Village, KS)",2026-09-15,Northland Christian,,5,1,W,,,,,,False,False
"Kansas City Christian(Prairie Village, KS)",2026-10-02,Lutheran (Kansas City),,,,,,,,,,False,False
"Kansas City East Christian(Kansas City , KS)",2026-09-01,Faith Christian Academy,,3,0,W,,,,,,False,False
"Kansas City East Christian(Overland Park, KS)",2026-09-14,East (Kansas City),,2,1,W,,,,,,False,False
Kearney,2026-08-27,Liberty North,,2,10,L,-1.07,6.71,3.07,-3.29,-0.22,False,False
Kearney,2026-09-01,Savannah,,2,4,L,2.78,3.42,-0.78,-0.58,-1.36,False,False
Kearney,2026-09-03,Ruskin,,9,1,W,5.03,0.96,3.97,-0.04,3.93,False,False
Kearney,2026-09-08,Barstow,,1,5,L,1.59,3.5,-0.59,-1.5,-2.09,False,False
Kearney,2026-09-10,Maryville,,5,2,W,4.17,2.36,0.83,0.36,1.19,False,False
Kearney,2026-09-12,Excelsior Springs,,1,4,L,2.2,4.07,-1.2,0.07,-1.13,False,False
Kearney,2026-09-14,Smithville,,1,3,L,1.82,2.84,-0.82,-0.16,-0.98,False,False
Kearney,2026-09-17,Excelsior Springs,,3,5,L,2.2,4.07,0.8,-0.93,-0.13,False,False
Kearney,2026-09-21,Platte County,,2,3,L,2.63,3.45,-0.63,0.45,-0.18,False,False
Kearney,2026-09-23,Benton,,6,4,W,4.44,3.18,1.56,-0.82,0.74,False,False
Kearney,2026-09-24,Oak Park,,0,1,L,1.72,3.62,-1.72,2.62,0.9,False,False
Kearney,2026-09-28,Winnetonka,,4,1,W,3.67,2.19,0.33,1.19,1.53,False,False
Kearney,2026-10-05,Fort Osage,,,,,0.96,4.33,,,,False,False
Kearney,2026-10-07,Ruskin,,,,,5.03,0.96,,,,False,False
Kearney,2026-10-08,Staley,,,,,0.02,4.31,,,,False,False
Kearney,2026-10-12,Raytown South,,,,,5.7,0.27,,,,False,False
Kearney,2026-10-14,Grain Valley,,,,,1.7,4.37,,,,False,False
Kearney,2026-10-19,Grandview,,,,,2.69,3.04,,,,False,False
Kearney,2026-10-21,Truman,,,,,3.74,3.41,,,,False,False
Kearney,2026-10-27,Liberty,,,,,-0.34,6.25,,,,False,False
Kearney,2026-10-29,East (Kansas City),,,,,2.9,4.87,,,,False,False
Kennett,2026-08-27,Dexter,,4,5,L,3.71,3.87,0.29,-1.13,-0.84,False,False
Kennett,2026-08-29,Sullivan,,0,6,L,-0.13,6.91,0.13,0.91,1.03,False,False
Kennett,2026-09-03,Westwood Baptist Sr.,,5,0,W,,,,,,False,False
Kennett,2026-09-08,Dexter,,3,2,W,3.71,3.87,-0.71,1.87,1.16,False,False
Kennett,2026-09-15,Poplar Bluff,,0,8,L,-0.29,9.21,0.29,1.21,1.5,False,False
Kennett,2026-09-22,Eagle Ridge Christian,,2,1,W,,,,,,False,False
Kennett,2026-09-24,Fredericktown,,2,10,L,1.0,5.96,1.0,-4.04,-3.05,False,False
Kennett,2026-09-28,Saxony Lutheran with St. Vincent,,0,8,L,-1.46,9.25,1.46,1.25,2.71,False,False
Kennett,2026-10-01,Fredericktown,,,,,1.0,5.96,,,,False,False
Kennett,2026-10-05,"Vienna, IL(Vienna, IL)",,,,,,,,,,False,False
Kennett,2026-10-07,Dexter,,,,,3.71,3.87,,,,False,False
Kennett,2026-10-13,North County,,,,,2.36,4.55,,,,False,False
Kennett,2026-10-20,Sikeston,,,,,-2.94,9.96,,,,False,False
Kennett,2026-10-22,Poplar Bluff,,,,,-0.29,9.21,,,,False,False
Kennett,2026-10-27,Perryville,,,,,-0.72,8.15,,,,False,False
Kickapoo,2026-08-28,Rock Bridge,,0,8,L,0.18,4.81,-0.18,-3.19,-3.37,False,False
Kickapoo,2026-08-29,Hickman,,1,5,L,0.94,4.33,0.06,-0.67,-0.61,False,False
Kickapoo,2026-09-01,Willard,,2,3,L,2.55,1.65,-0.55,-1.35,-1.89,False,False
Kickapoo,2026-09-03,Neosho,,2,1,W,1.83,2.32,0.17,1.32,1.48,False,False
Kickapoo,2026-09-05,Pembroke Hill,,2,3,L,-0.33,5.02,2.33,2.02,4.35,False,False
Kickapoo,2026-09-11,Springfield Catholic,,0,3,L,0.79,4.03,-0.79,1.03,0.25,False,False
Kickapoo,2026-09-12,Camdenton,,1,0,W,1.86,2.81,-0.86,2.81,1.94,False,False
Kickapoo,2026-09-15,Trinity Academy,,3,0,W,,,,,,False,False
Kickapoo,2026-09-17,Webb City,,2,1,W,2.73,0.91,-0.73,-0.09,-0.83,False,False
Kickapoo,2026-09-19,Chaminade College Prep,,0,5,L,-1.31,5.43,1.31,0.43,1.74,False,False
Kickapoo,2026-09-22,Republic,,1,2,L,1.33,1.68,-0.33,-0.32,-0.64,False,False
Kickapoo,2026-09-24,Joplin,,2,4,L,1.42,2.33,0.58,-1.67,-1.09,False,False
Kickapoo,2026-09-26,Branson,,2,4,L,1.54,2.99,0.46,-1.01,-0.55,False,False
Kickapoo,2026-09-29,Carthage,,1,3,L,0.38,3.25,0.62,0.25,0.87,False,False
Kickapoo,2026-10-01,Lee's Summit West,,1,4,L,-0.68,4.93,1.68,0.93,2.61,False,False
Kickapoo,2026-10-02,Francis Howell North,,,,,0.65,4.06,,,,False,False
Kickapoo,2026-10-03,Jackson,,,,,0.15,4.59,,,,False,False
Kickapoo,2026-10-07,Parkview,,,,,2.76,2.44,,,,False,False
Kickapoo,2026-10-08,Neosho,,,,,1.83,2.32,,,,False,False
Kickapoo,2026-10-13,Ozark,,,,,1.29,4.21,,,,False,False
Kickapoo,2026-10-15,Nixa,,,,,-0.32,4.96,,,,False,False
Kickapoo,2026-10-17,Logan-Rogersville,,,,,0.56,4.6,,,,False,False
Kickapoo,2026-10-19,Waynesville,,,,,2.37,1.57,,,,False,False
Kickapoo,2026-10-21,Glendale,,,,,-0.33,4.83,,,,False,False
Kickapoo,2026-10-27,Lebanon,,,,,3.17,1.87,,,,False,False
Kickapoo,2026-10-29,Central (Springfield),,,,,2.02,2.25,,,,False,False
Kirksville,2026-08-27,Southern Boone,,0,1,L,1.83,1.74,-1.83,0.74,-1.09,False,False
Kirksville,2026-09-01,Sunnydale Adventist Acad HS,,2,0,W,,,,,,False,False
Kirksville,2026-09-03,Hannibal,,3,2,W,2.86,1.21,0.14,-0.79,-0.65,False,False
Kirksville,2026-09-10,Moberly,,2,1,W,2.4,0.91,-0.4,-0.09,-0.49,False,False
Kirksville,2026-09-15,Mexico,,8,0,W,5.36,-1.35,2.64,-1.35,1.29,False,False
Kirksville,2026-09-17,Chillicothe,,3,0,W,2.19,-0.15,0.81,-0.15,0.66,False,False
Kirksville,2026-09-22,Father Tolton,,0,4,L,0.4,3.25,-0.4,-0.75,-1.15,False,False
Kirksville,2026-09-25,Hillsboro,,3,0,W,3.51,0.41,-0.51,0.41,-0.1,False,False
Kirksville,2026-09-26,Christian Fellowship Sr. with Hallsville,,8,1,W,3.89,-0.4,4.11,-1.4,2.71,False,False
Kirksville,2026-09-26,Missouri Military Academy,,4,0,W,2.84,0.69,1.16,0.69,1.84,False,False
Kirksville,2026-09-29,Missouri Military Academy,,2,0,W,2.84,0.69,-0.84,0.69,-0.16,False,False
Kirksville,2026-10-01,Marshall,,,,,0.41,2.37,,,,False,False
Kirksville,2026-10-06,Hannibal,,,,,2.86,1.21,,,,False,False
Kirksville,2026-10-08,Moberly,,,,,2.4,0.91,,,,False,False
Kirksville,2026-10-10,"Quincy(Quincy, IL)",,,,,,,,,,False,False
Kirksville,2026-10-13,Mexico,,,,,5.36,-1.35,,,,False,False
Kirksville,2026-10-15,Canton,,,,,7.16,-1.13,,,,False,False
Kirksville,2026-10-20,Marshall,,,,,0.41,2.37,,,,False,False
Kirksville,2026-10-22,Chillicothe,,,,,2.19,-0.15,,,,False,False
Kirkwood,2026-08-28,Liberty (Wentzville),,4,1,W,3.2,0.33,0.8,-0.67,0.12,False,False
Kirkwood,2026-09-01,Parkway West,,0,1,L,1.1,0.67,-1.1,-0.33,-1.43,False,False
Kirkwood,2026-09-03,Chaminade College Prep,,0,1,L,0.67,1.63,-0.67,0.63,-0.03,False,False
Kirkwood,2026-09-08,Vianney,,1,2,L,1.23,0.75,-0.23,-1.25,-1.48,False,False
Kirkwood,2026-09-11,Notre Dame (Cape Girardeau),,2,0,W,1.49,1.19,0.51,1.19,1.7,False,False
Kirkwood,2026-09-15,Eureka,,1,1,T,2.01,1.39,-1.01,0.39,-0.62,False,False
Kirkwood,2026-09-17,Ladue Horton Watkins,,5,0,W,1.65,1.23,3.35,1.23,4.59,False,False
Kirkwood,2026-09-21,Francis Howell North,,4,1,W,2.63,0.27,1.37,-0.73,0.64,False,False
Kirkwood,2026-09-24,Oakville,,0,1,L,0.52,1.1,-0.52,0.1,-0.42,False,False
Kirkwood,2026-09-29,Christian Brothers College,,0,1,L,0.97,1.11,-0.97,0.11,-0.86,False,False
Kirkwood,2026-10-01,Lindbergh,,1,2,L,1.82,0.64,-0.82,-1.36,-2.18,False,False
Kirkwood,2026-10-03,Rockwood Summit,,,,,2.42,0.9,,,,False,False
Kirkwood,2026-10-06,Webster Groves,,,,,2.22,0.33,,,,False,False
Kirkwood,2026-10-08,Marquette,,,,,1.14,1.47,,,,False,False
Kirkwood,2026-10-15,Clayton,,,,,1.53,0.92,,,,False,False
Kirkwood,2026-10-19,St. Dominic,,,,,0.6,1.19,,,,False,False
Kirkwood,2026-10-23,Hickman,,,,,2.92,0.53,,,,False,False
Kirkwood,2026-10-24,Rock Bridge,,,,,2.16,1.01,,,,False,False
Kirkwood,2026-10-26,Timberland,,,,,2.14,-0.49,,,,False,False
Kirkwood,2026-10-28,Parkway South,,,,,2.12,0.06,,,,False,False
Knob Noster,2026-08-27,Central (Kansas City),,0,6,L,-0.5,7.31,0.5,1.31,1.81,False,False
Knob Noster,2026-08-31,Heartland (Belton) Sr.,,0,1,L,,,,,,False,False
Knob Noster,2026-09-01,Raytown South,,0,6,L,1.1,4.03,-1.1,-1.97,-3.06,False,False
Knob Noster,2026-09-02,Clinton,,0,8,L,-2.21,6.79,2.21,-1.21,0.99,False,False
Knob Noster,2026-09-11,Iberia,,5,3,W,5.06,2.95,-0.06,-0.05,-0.1,False,False
Knob Noster,2026-09-14,Stover,,0,7,L,-1.13,6.59,1.13,-0.41,0.71,False,False
Knob Noster,2026-09-16,Smithton,,0,4,L,0.29,4.41,-0.29,0.41,0.11,False,False
Knob Noster,2026-09-17,Odessa,,0,4,L,0.19,4.87,-0.19,0.87,0.67,False,False
Knob Noster,2026-09-22,St. Paul Lutheran (Concordia),,1,6,L,-1.93,7.18,2.93,1.18,4.11,False,False
Knob Noster,2026-09-24,Harrisonville,,0,8,L,-2.09,6.97,2.09,-1.03,1.07,False,False
Knob Noster,2026-09-30,La Monte,,0,2,L,0.33,3.21,-0.33,1.21,0.87,False,False
Knob Noster,2026-10-01,Boonville,,,,,-1.6,6.68,,,,False,False
Knob Noster,2026-10-05,Paseo Academy,,,,,0.53,4.58,,,,False,False
Knob Noster,2026-10-06,Center,,,,,-1.58,7.4,,,,False,False
Knob Noster,2026-10-08,Oak Grove,,,,,-1.95,6.62,,,,False,False
Knob Noster,2026-10-12,Lutheran (Kansas City),,,,,-1.05,3.51,,,,False,False
Knob Noster,2026-10-15,Pleasant Hill,,,,,-2.56,7.08,,,,False,False
Knob Noster,2026-10-16,Sacred Heart,,,,,0.24,4.1,,,,False,False
Knob Noster,2026-10-19,Lone Jack,,,,,-1.05,5.8,,,,False,False
Knob Noster,2026-10-26,Warrensburg,,,,,1.09,5.23,,,,False,False
Knob Noster,2026-10-27,Green Ridge with Cole Camp,,,,,1.09,3.72,,,,False,False
La Monte,2026-09-09,Iberia,,6,1,W,5.43,0.45,0.57,-0.55,0.03,False,False
La Monte,2026-09-11,Smithton,,2,2,T,0.66,1.91,1.34,-0.09,1.24,False,False
La Monte,2026-09-15,Smithton,,0,2,L,0.66,1.91,-0.66,-0.09,-0.76,False,False
La Monte,2026-09-17,Sacred Heart,,0,1,L,0.61,1.6,-0.61,0.6,-0.02,False,False
La Monte,2026-09-18,St. Paul Lutheran (Concordia),,0,4,L,-1.56,4.68,1.56,0.68,2.24,False,False
La Monte,2026-09-21,Smith-Cotton,,1,4,L,-2.34,5.77,3.34,1.77,5.11,False,False
La Monte,2026-09-22,Stover,,0,4,L,-0.76,4.09,0.76,0.09,0.84,False,False
La Monte,2026-09-28,Green Ridge with Cole Camp,,1,2,L,1.46,1.22,-0.46,-0.78,-1.24,False,False
La Monte,2026-09-30,Knob Noster,,2,0,W,3.21,0.33,-1.21,0.33,-0.87,False,False
La Monte,2026-10-01,Sunnydale Adventist Acad HS,,,,,,,,,,False,False
La Monte,2026-10-12,Christian Fellowship Sr. with Hallsville,,,,,0.1,2.82,,,,False,False
La Monte,2026-10-13,Eugene,,,,,2.01,1.08,,,,False,False
La Monte,2026-10-15,Central (Springfield),,,,,-2.29,4.67,,,,False,False
La Monte,2026-10-20,Paseo Academy,,,,,0.9,2.08,,,,False,False
La Monte,2026-10-22,Pleasant Hill,,,,,-2.19,4.58,,,,False,False
La Monte,2026-10-26,Lone Jack,,,,,-0.68,3.3,,,,False,False
La Monte,2026-10-27,Ewing Marion Kauffman with University Academy Charter,,,,,0.74,3.27,,,,False,False
La Monte,2026-10-28,Oak Grove,,,,,-1.58,4.12,,,,False,False
La Monte,2026-10-29,Lutheran (Kansas City),,,,,-0.68,1.01,,,,False,False
Ladue Horton Watkins,2026-08-28,"Quincy Notre Dame(Quincy, IL)",,7,0,W,,,,,,False,False
Ladue Horton Watkins,2026-08-29,Lindbergh,,3,0,W,2.28,1.52,0.72,1.52,2.23,False,False
Ladue Horton Watkins,2026-08-29,"Providence Catholic(New Lenox, IL)",,3,1,W,,,,,,False,False
Ladue Horton Watkins,2026-09-03,De Smet Jesuit,,1,3,L,2.39,1.59,-1.39,-1.41,-2.8,False,False
Ladue Horton Watkins,2026-09-08,Christian Brothers College,,3,4,L,1.43,1.98,1.57,-2.02,-0.44,False,False
Ladue Horton Watkins,2026-09-10,John Burroughs,,1,2,L,2.32,2.14,-1.32,0.14,-1.18,False,False
Ladue Horton Watkins,2026-09-15,Lafayette (Wildwood),,4,1,W,2.85,2.65,1.15,1.65,2.8,False,False
Ladue Horton Watkins,2026-09-17,Kirkwood,,0,5,L,1.23,1.65,-1.23,-3.35,-4.59,False,False
Ladue Horton Watkins,2026-09-19,Webster Groves,,5,2,W,2.68,1.2,2.32,-0.8,1.52,False,False
Ladue Horton Watkins,2026-09-22,Lindbergh,,2,0,W,2.28,1.52,-0.28,1.52,1.23,False,False
Ladue Horton Watkins,2026-09-24,Ft. Zumwalt South,,4,3,W,2.59,1.55,1.41,-1.45,-0.03,False,False
Ladue Horton Watkins,2026-09-26,Vianney,,1,0,W,1.69,1.63,-0.69,1.63,0.94,False,False
Ladue Horton Watkins,2026-09-29,Ft. Zumwalt West,,2,0,W,2.2,1.11,-0.2,1.11,0.91,False,False
Ladue Horton Watkins,2026-10-01,Marquette,,0,1,L,1.6,2.35,-1.6,1.35,-0.25,False,False
Ladue Horton Watkins,2026-10-03,St. Dominic,,,,,1.06,2.07,,,,False,False
Ladue Horton Watkins,2026-10-08,Rockwood Summit,,,,,2.88,1.78,,,,False,False
Ladue Horton Watkins,2026-10-10,Francis Howell Central,,,,,1.75,2.48,,,,False,False
Ladue Horton Watkins,2026-10-13,Timberland,,,,,2.6,0.38,,,,False,False
Ladue Horton Watkins,2026-10-20,Clayton,,,,,1.99,1.79,,,,False,False
Ladue Horton Watkins,2026-10-22,Oakville,,,,,0.98,1.97,,,,False,False
Ladue Horton Watkins,2026-10-24,Parkway West,,,,,1.56,1.54,,,,False,False
Ladue Horton Watkins,2026-10-28,Parkway Central,,,,,3.0,-0.16,,,,False,False
Ladue Horton Watkins,2026-10-29,Westminster Christian Academy,,,,,3.69,0.72,,,,False,False
Lafayette (Wildwood),2026-08-27,St. Francis Borgia,,4,0,W,6.05,-0.48,-2.05,-0.48,-2.53,False,False
Lafayette (Wildwood),2026-08-31,Pattonville,,5,3,W,4.31,1.78,0.69,-1.22,-0.53,False,False
Lafayette (Wildwood),2026-09-01,Northwest (Cedar Hill),,2,3,L,3.39,2.64,-1.39,-0.36,-1.76,False,False
Lafayette (Wildwood),2026-09-03,Rockwood Summit,,3,1,W,3.42,2.52,-0.42,1.52,1.1,False,False
Lafayette (Wildwood),2026-09-08,MICDS,,4,1,W,3.91,1.01,0.09,0.01,0.1,False,False
Lafayette (Wildwood),2026-09-10,Mehlville,,5,1,W,3.41,0.9,1.59,-0.1,1.49,False,False
Lafayette (Wildwood),2026-09-12,Francis Howell Central,,2,3,L,2.29,3.22,-0.29,0.22,-0.07,False,False
Lafayette (Wildwood),2026-09-15,Ladue Horton Watkins,,1,4,L,2.65,2.85,-1.65,-1.15,-2.8,False,False
Lafayette (Wildwood),2026-09-17,Clayton,,2,0,W,2.54,2.54,-0.54,2.54,2.0,False,False
Lafayette (Wildwood),2026-09-22,Francis Howell North,,7,3,W,3.63,1.89,3.37,-1.11,2.25,False,False
Lafayette (Wildwood),2026-09-23,Parkway South,,4,2,W,3.12,1.68,0.88,-0.32,0.56,False,False
Lafayette (Wildwood),2026-10-01,Parkway West,,2,3,L,2.1,2.29,-0.1,-0.71,-0.81,False,False
Lafayette (Wildwood),2026-10-06,Ft. Zumwalt West,,,,,2.74,1.85,,,,False,False
Lafayette (Wildwood),2026-10-08,Eureka,,,,,3.02,3.01,,,,False,False
Lafayette (Wildwood),2026-10-12,Marquette,,,,,2.14,3.09,,,,False,False
Lafayette (Wildwood),2026-10-13,Westminster Christian Academy,,,,,4.24,1.46,,,,False,False
Lafayette (Wildwood),2026-10-15,Webster Groves,,,,,3.22,1.95,,,,False,False
Lafayette (Wildwood),2026-10-19,Timberland,,,,,3.14,1.13,,,,False,False
Lafayette (Wildwood),2026-10-21,Parkway Central,,,,,3.55,0.59,,,,False,False
Lafayette (Wildwood),2026-10-26,Francis Howell,,,,,2.99,2.16,,,,False,False
Lafayette (Wildwood),2026-10-28,Ft. Zumwalt East,,,,,3.56,0.45,,,,False,False
Laquey with Richland,2026-09-01,Crocker,,3,2,W,3.03,2.2,-0.03,0.2,0.17,False,False
Laquey with Richland,2026-09-03,Iberia,,8,0,W,8.11,-1.23,-0.11,-1.23,-1.35,False,False
Laquey with Richland,2026-09-08,Dixon,,5,0,W,3.78,0.34,1.22,0.34,1.56,False,False
Laquey with Richland,2026-09-10,Pacific,,2,1,W,1.38,1.39,0.62,0.39,1.02,False,False
Laquey with Richland,2026-09-15,New Covenant Academy,,0,2,L,1.45,1.73,-1.45,-0.27,-1.73,False,False
Laquey with Richland,2026-09-23,Hillcrest,,0,2,L,2.24,1.85,-2.24,-0.15,-2.39,False,False
Laquey with Richland,2026-09-28,Aurora,,6,1,W,2.54,0.73,3.46,-0.27,3.19,False,False
Laquey with Richland,2026-10-01,Marshfield,,,,,1.87,1.19,,,,False,False
Laquey with Richland,2026-10-05,Parkview,,,,,1.14,3.17,,,,False,False
Laquey with Richland,2026-10-06,Fatima,,,,,4.68,-0.95,,,,False,False
Laquey with Richland,2026-10-08,Fair Grove,,,,,1.47,4.59,,,,False,False
Laquey with Richland,2026-10-12,Southern Boone,,,,,0.72,3.27,,,,False,False
Laquey with Richland,2026-10-13,Osage,,,,,2.41,2.09,,,,False,False
Laquey with Richland,2026-10-15,Greenwood,,,,,0.8,2.32,,,,False,False
Laquey with Richland,2026-10-19,Central (Springfield),,,,,0.4,2.98,,,,False,False
Laquey with Richland,2026-10-20,Eugene,,,,,4.69,-0.61,,,,False,False
Laquey with Richland,2026-10-28,Marshfield,,,,,1.87,1.19,,,,False,False
Lebanon,2026-08-28,Marshfield,,3,2,W,2.77,1.04,0.23,-0.96,-0.73,False,False
Lebanon,2026-08-29,Aurora,,3,1,W,3.44,0.58,-0.44,-0.42,-0.86,False,False
Lebanon,2026-08-29,Fair Grove,,3,2,W,2.37,4.44,0.63,2.44,3.07,False,False
Lebanon,2026-09-01,Aurora,,3,0,W,3.44,0.58,-0.44,0.58,0.14,False,False
Lebanon,2026-09-03,Crocker,,6,3,W,3.92,2.05,2.08,-0.95,1.12,False,False
Lebanon,2026-09-04,Dixon,,6,1,W,4.67,0.19,1.33,-0.81,0.52,False,False
Lebanon,2026-09-08,New Covenant Academy,,4,0,W,2.35,1.58,1.65,1.58,3.23,False,False
Lebanon,2026-09-10,Central (Springfield),,1,4,L,1.3,2.83,-0.3,-1.17,-1.46,False,False
Lebanon,2026-09-12,Cassville,,1,0,W,1.59,1.58,-0.59,1.58,0.99,False,False
Lebanon,2026-09-18,Bolivar,,2,4,L,1.64,2.6,0.36,-1.4,-1.03,False,False
Lebanon,2026-09-18,New Heights Christian with McAuley Catholic,,1,0,W,1.57,1.39,-0.57,1.39,0.82,False,False
Lebanon,2026-09-19,Oak Park,,0,1,L,1.07,3.04,-1.07,2.04,0.97,False,False
Lebanon,2026-09-22,Webb City,,3,2,W,2.01,1.48,0.99,-0.52,0.47,False,False
Lebanon,2026-09-24,Neosho,,0,7,L,1.11,2.89,-1.11,-4.11,-5.22,False,False
Lebanon,2026-09-28,Greenwood,,0,2,L,1.7,2.17,-1.7,0.17,-1.53,False,False
Lebanon,2026-09-29,Joplin,,1,5,L,0.7,2.91,0.3,-2.09,-1.79,False,False
Lebanon,2026-10-01,Republic,,0,1,L,0.61,2.26,-0.61,1.26,0.66,False,False
Lebanon,2026-10-06,Carthage,,,,,-0.34,3.82,,,,False,False
Lebanon,2026-10-08,Willard,,,,,1.83,2.23,,,,False,False
Lebanon,2026-10-13,Waynesville,,,,,1.65,2.15,,,,False,False
Lebanon,2026-10-15,Glendale,,,,,-1.05,5.41,,,,False,False
Lebanon,2026-10-19,Fair Grove,,,,,2.37,4.44,,,,False,False
Lebanon,2026-10-20,Nixa,,,,,-1.04,5.54,,,,False,False
Lebanon,2026-10-22,Ozark,,,,,0.57,4.79,,,,False,False
Lebanon,2026-10-26,Marshfield,,,,,2.77,1.04,,,,False,False
Lebanon,2026-10-27,Kickapoo,,,,,1.87,3.17,,,,False,False
Lee's Summit,2026-08-29,Carthage,,4,1,W,3.33,-0.77,0.67,-1.77,-1.1,False,False
Lee's Summit,2026-09-03,Van Horn,,2,1,W,2.75,1.46,-0.75,0.46,-0.29,False,False
Lee's Summit,2026-09-08,Park Hill South,,3,0,W,2.29,0.67,0.71,0.67,1.38,False,False
Lee's Summit,2026-09-10,"KC East Christian(Overland Park, KS)",,6,1,W,,,,,,False,False
Lee's Summit,2026-09-17,Lee's Summit North,,7,0,W,3.5,0.45,3.5,0.45,3.95,False,False
Lee's Summit,2026-09-22,Raymore-Peculiar,,4,0,W,3.12,-0.91,0.88,-0.91,-0.03,False,False
Lee's Summit,2026-09-24,Lee's Summit West,,0,1,L,2.28,0.91,-2.28,-0.09,-2.36,False,False
Lee's Summit,2026-09-29,St. Michael the Archangel,,3,0,W,3.88,-0.37,-0.88,-0.37,-1.24,False,False
Lee's Summit,2026-10-08,Liberty North,,,,,1.96,1.54,,,,False,False
Lee's Summit,2026-10-13,Park Hill,,,,,3.2,-0.55,,,,False,False
Lee's Summit,2026-10-15,Blue Springs,,,,,2.86,0.81,,,,False,False
Lee's Summit,2026-10-20,Blue Springs South,,,,,2.48,1.4,,,,False,False
Lee's Summit,2026-10-22,Staley,,,,,3.05,-0.86,,,,False,False
Lee's Summit,2026-10-24,Truman,,,,,6.77,-1.76,,,,False,False
Lee's Summit,2026-10-26,Liberty,,,,,2.68,1.08,,,,False,False
Lee's Summit North,2026-09-01,"Blue Valley HS(Overland Park, KS)",,1,2,L,,,,,,False,False
Lee's Summit North,2026-09-03,"Mill Valley HS(Overland Park , KS)",,0,3,L,,,,,,False,False
Lee's Summit North,2026-09-05,"Manhattan HS(Manhattan, KS)",,1,3,L,,,,,,False,False
Lee's Summit North,2026-09-07,"Blue Valley SW(Overland Park, KS)",,1,7,L,,,,,,False,False
Lee's Summit North,2026-09-10,"Olathe NW HS(Olathe, KS)",,0,7,L,,,,,,False,False
Lee's Summit North,2026-09-12,"Olathe South HS(Olathe, KS)",,0,8,L,,,,,,False,False
Lee's Summit North,2026-09-15,Blue Springs South,,0,2,L,1.4,3.38,-1.4,1.38,-0.02,False,False
Lee's Summit North,2026-09-17,Lee's Summit,,0,7,L,0.45,3.5,-0.45,-3.5,-3.95,False,False
Lee's Summit North,2026-09-22,Rockhurst,,0,3,L,0.05,4.62,-0.05,1.62,1.57,False,False
Lee's Summit North,2026-09-24,Blue Springs,,2,3,L,1.78,2.78,0.22,-0.22,-0.0,False,False
Lee's Summit North,2026-09-29,Central (St. Joseph),,3,0,W,3.12,0.47,-0.12,0.47,0.36,False,False
Lee's Summit North,2026-10-01,Oak Park,,6,0,W,3.66,0.42,2.34,0.42,2.76,False,False
Lee's Summit North,2026-10-06,Lee's Summit West,,,,,1.2,2.89,,,,False,False
Lee's Summit North,2026-10-08,North Kansas City,,,,,3.64,0.72,,,,False,False
Lee's Summit North,2026-10-13,Park Hill South,,,,,1.21,2.65,,,,False,False
Lee's Summit North,2026-10-15,Raymore-Peculiar,,,,,2.05,1.07,,,,False,False
Lee's Summit North,2026-10-20,Liberty,,,,,1.61,3.06,,,,False,False
Lee's Summit North,2026-10-22,Park Hill,,,,,2.12,1.42,,,,False,False
Lee's Summit West,2026-08-29,Liberty,,2,4,L,2.07,1.83,-0.07,-2.17,-2.24,False,False
Lee's Summit West,2026-09-03,Rockhurst,,1,3,L,0.52,3.39,0.48,0.39,0.88,False,False
Lee's Summit West,2026-09-08,Park Hill,,4,0,W,2.58,0.2,1.42,0.2,1.61,False,False
Lee's Summit West,2026-09-10,North Kansas City,,7,0,W,4.1,-0.5,2.9,-0.5,2.4,False,False
Lee's Summit West,2026-09-14,Pembroke Hill,,1,0,W,2.01,1.75,-1.01,1.75,0.74,False,False
Lee's Summit West,2026-09-16,Grain Valley,,5,1,W,4.11,-0.05,0.89,-1.05,-0.16,False,False
Lee's Summit West,2026-09-19,Rock Bridge,,2,3,L,2.52,1.54,-0.52,-1.46,-1.98,False,False
Lee's Summit West,2026-09-22,Park Hill South,,2,1,W,1.68,1.42,0.32,0.42,0.74,False,False
Lee's Summit West,2026-09-24,Lee's Summit,,1,0,W,0.91,2.28,0.09,2.28,2.36,False,False
Lee's Summit West,2026-10-01,Kickapoo,,4,1,W,4.93,-0.68,-0.93,-1.68,-2.61,False,False
Lee's Summit West,2026-10-02,Carthage,,1,0,W,2.72,-0.02,-1.72,-0.02,-1.74,False,False
Lee's Summit West,2026-10-03,Nixa,,,,,2.01,1.69,,,,False,False
Lee's Summit West,2026-10-06,Lee's Summit North,,,,,2.89,1.2,,,,False,False
Lee's Summit West,2026-10-08,Raymore-Peculiar,,,,,2.51,-0.16,,,,False,False
Lee's Summit West,2026-10-13,Blue Springs South,,,,,1.86,2.15,,,,False,False
Lee's Summit West,2026-10-15,Liberty North,,,,,1.34,2.29,,,,False,False
Lee's Summit West,2026-10-20,Staley,,,,,2.43,-0.11,,,,False,False
Lee's Summit West,2026-10-22,Blue Springs,,,,,2.25,1.55,,,,False,False
Liberty,2026-08-29,Lee's Summit West,,4,2,W,1.83,2.07,2.17,0.07,2.24,False,False
Liberty,2026-09-01,Raymore-Peculiar,,3,0,W,2.68,0.25,0.32,0.25,0.57,False,False
Liberty,2026-09-03,Staley,,2,0,W,2.6,0.3,-0.6,0.3,-0.3,False,False
Liberty,2026-09-08,Blue Springs,,3,2,W,2.41,1.96,0.59,-0.04,0.55,False,False
Liberty,2026-09-17,North Kansas City,,3,2,W,4.27,-0.1,-1.27,-2.1,-3.36,False,False
Liberty,2026-09-22,Liberty North,,0,1,L,1.51,2.7,-1.51,1.7,0.19,False,False
Liberty,2026-09-24,Park Hill South,,1,3,L,1.84,1.83,-0.84,-1.17,-2.01,False,False
Liberty,2026-10-01,Platte County,,,,,5.21,-0.56,,,,False,False
Liberty,2026-10-06,Blue Springs South,,,,,2.03,2.56,,,,False,False
Liberty,2026-10-08,Park Hill,,,,,2.75,0.6,,,,False,False
Liberty,2026-10-12,Rockhurst,,,,,0.68,3.8,,,,False,False
Liberty,2026-10-13,Oak Park,,,,,4.29,-0.4,,,,False,False
Liberty,2026-10-15,Central (St. Joseph),,,,,3.75,-0.35,,,,False,False
Liberty,2026-10-20,Lee's Summit North,,,,,3.06,1.61,,,,False,False
Liberty,2026-10-22,Platte County,,,,,5.21,-0.56,,,,False,False
Liberty,2026-10-26,Lee's Summit,,,,,1.08,2.68,,,,False,False
Liberty,2026-10-27,Kearney,,,,,6.25,-0.34,,,,False,False
Liberty (Wentzville),2026-08-28,Kirkwood,,1,4,L,0.33,3.2,0.67,-0.8,-0.12,False,False
Liberty (Wentzville),2026-09-01,Francis Howell North,,3,4,L,2.18,2.7,0.82,-1.3,-0.48,False,False
Liberty (Wentzville),2026-09-03,Francis Howell,,0,3,L,1.54,2.97,-1.54,-0.03,-1.56,False,False
Liberty (Wentzville),2026-09-08,Ft. Zumwalt West,,2,1,W,1.29,2.66,0.71,1.66,2.37,False,False
Liberty (Wentzville),2026-09-10,Francis Howell Central,,1,3,L,0.84,4.03,0.16,1.03,1.19,False,False
Liberty (Wentzville),2026-09-15,Troy Buchanan,,0,3,L,1.53,1.76,-1.53,-1.24,-2.77,False,False
Liberty (Wentzville),2026-09-24,Rock Bridge,,3,2,W,1.71,3.44,1.29,1.44,2.73,False,False
Liberty (Wentzville),2026-10-01,"Quincy(Quincy, IL)",,3,1,W,,,,,,False,False
Liberty (Wentzville),2026-10-05,Timberland,,,,,1.69,1.94,,,,False,False
Liberty (Wentzville),2026-10-13,Oakville,,,,,0.07,3.53,,,,False,False
Liberty (Wentzville),2026-10-15,Helias Catholic,,,,,1.24,2.66,,,,False,False
Liberty (Wentzville),2026-10-20,Rockwood Summit,,,,,1.97,3.33,,,,False,False
Liberty (Wentzville),2026-10-22,Marquette,,,,,0.69,3.91,,,,False,False
Liberty (Wentzville),2026-10-26,Ft. Zumwalt East,,,,,2.11,1.27,,,,False,False
Liberty Christian Sr.,2026-08-27,North Point,,0,9,L,,,,,,False,False
Liberty Christian Sr.,2026-09-14,Wright City,,0,8,L,,,,,,False,False
Liberty Christian Sr.,2026-09-21,Warrenton,,,,,,,,,,False,False
Liberty North,2026-08-27,Kearney,,10,2,W,6.71,-1.07,3.29,-3.07,0.22,False,False
Liberty North,2026-09-01,Van Horn,,3,2,W,2.77,1.89,0.23,-0.11,0.12,False,False
Liberty North,2026-09-03,Oak Park,,8,0,W,4.76,-1.13,3.24,-1.13,2.12,False,False
Liberty North,2026-09-08,Staley,,3,0,W,3.06,-0.43,-0.06,-0.43,-0.49,False,False
Liberty North,2026-09-10,Ozark,,4,0,W,4.26,0.62,-0.26,0.62,0.37,False,False
Liberty North,2026-09-10,Springfield Catholic,,4,0,W,3.75,0.45,0.25,0.45,0.69,False,False
Liberty North,2026-09-11,Glendale,,2,0,W,2.64,1.24,-0.64,1.24,0.61,False,False
Liberty North,2026-09-15,North Kansas City,,,,,4.73,-0.82,,,,False,False
Liberty North,2026-09-17,Park Hill,,5,1,W,3.21,-0.12,1.79,-1.12,0.66,False,False
Liberty North,2026-09-19,"gardner - edgerton(gardner, KS)",,2,3,L,,,,,,False,False
Liberty North,2026-09-22,Liberty,,1,0,W,2.7,1.51,-1.7,1.51,-0.19,False,False
Liberty North,2026-09-29,Rockhurst,,1,5,L,1.14,3.07,-0.14,-1.93,-2.07,False,False
Liberty North,2026-10-06,Central (St. Joseph),,,,,4.21,-1.07,,,,False,False
Liberty North,2026-10-08,Lee's Summit,,,,,1.54,1.96,,,,False,False
Liberty North,2026-10-13,Blue Springs,,,,,2.88,1.23,,,,False,False
Liberty North,2026-10-15,Lee's Summit West,,,,,2.29,1.34,,,,False,False
Liberty North,2026-10-20,Raymore-Peculiar,,,,,3.14,-0.48,,,,False,False
Liberty North,2026-10-22,Blue Springs South,,,,,2.49,1.83,,,,False,False
Liberty North,2026-10-27,Platte County,,,,,5.67,-1.29,,,,False,False
Liberty North,2026-10-29,North Kansas City,,,,,4.73,-0.82,,,,False,False
Lincoln College Prep,2026-08-31,Park Hill,,2,0,W,2.53,2.24,-0.53,2.24,1.72,False,False
Lincoln College Prep,2026-09-01,Smith-Cotton,,5,0,W,4.25,2.14,0.75,2.14,2.89,False,False
Lincoln College Prep,2026-09-02,Blue Springs South,,1,9,L,1.81,4.2,-0.81,-4.8,-5.61,False,False
Lincoln College Prep,2026-09-03,Platte County,,2,5,L,4.99,1.08,-2.99,-3.92,-6.91,False,False
Lincoln College Prep,2026-09-04,"SHAWNEE MISSION WEST(SHAWNEE MISSION, KS)",,5,4,W,,,,,,False,False
Lincoln College Prep,2026-09-08,"ST. THOMAS AQUINAS(OVERLAN PARK, KS)",,5,7,L,,,,,,False,False
Lincoln College Prep,2026-09-10,East (Kansas City),,4,0,W,5.26,2.49,-1.26,2.49,1.23,False,False
Lincoln College Prep,2026-09-17,"FL SCHLAGLE(Kansas City, KS)",,6,0,W,,,,,,False,False
Lincoln College Prep,2026-09-24,St. Michael the Archangel,,7,3,W,3.21,2.43,3.79,-0.57,3.22,False,False
Lincoln College Prep,2026-09-28,Northeast (Kansas City),,1,4,L,2.5,4.26,-1.5,0.26,-1.24,False,False
Lincoln College Prep,2026-10-01,East (Kansas City),,5,3,W,5.26,2.49,-0.26,-0.51,-0.77,False,False
Lincoln College Prep,2026-10-08,Rockhurst,,,,,0.46,5.44,,,,False,False
Lincoln College Prep,2026-10-13,Cristo Rey,,,,,8.02,-1.38,,,,False,False
Lincoln College Prep,2026-10-15,Northeast (Kansas City),,,,,2.5,4.26,,,,False,False
Lincoln College Prep,2026-10-20,Van Horn,,,,,2.08,4.26,,,,False,False
Lincoln College Prep,2026-10-22,Grandview,,,,,5.05,0.66,,,,False,False
Lincoln College Prep,2026-10-26,Ewing Marion Kauffman with University Academy Charter,,,,,7.33,-0.37,,,,False,False
Lindbergh,2026-08-28,"Providence Catholic(New Lenox, IL)",,1,0,W,,,,,,False,False
Lindbergh,2026-08-29,Ladue Horton Watkins,,0,3,L,1.52,2.28,-1.52,-0.72,-2.23,False,False
Lindbergh,2026-08-29,"Quincy Notre Dame(Quincy, IL)",,4,2,W,,,,,,False,False
Lindbergh,2026-09-01,Eureka,,2,3,L,1.88,2.44,0.12,-0.56,-0.44,False,False
Lindbergh,2026-09-03,Christian Brothers College,,1,3,L,0.84,2.16,0.16,-0.84,-0.68,False,False
Lindbergh,2026-09-09,St. Dominic,,3,4,L,0.47,2.24,2.53,-1.76,0.78,False,False
Lindbergh,2026-09-10,Marquette,,1,3,L,1.01,2.52,-0.01,-0.48,-0.48,False,False
Lindbergh,2026-09-12,Priory,,1,0,W,1.84,1.25,-0.84,1.25,0.41,False,False
Lindbergh,2026-09-14,Seckman,,4,0,W,2.62,0.73,1.38,0.73,2.1,False,False
Lindbergh,2026-09-15,Vianney,,2,0,W,1.1,1.81,0.9,1.81,2.7,False,False
Lindbergh,2026-09-17,Rockwood Summit,,1,3,L,2.29,1.95,-1.29,-1.05,-2.33,False,False
Lindbergh,2026-09-22,Ladue Horton Watkins,,0,2,L,1.52,2.28,-1.52,0.28,-1.23,False,False
Lindbergh,2026-09-24,Mehlville,,2,0,W,2.28,0.33,-0.28,0.33,0.05,False,False
Lindbergh,2026-10-01,Kirkwood,,2,1,W,0.64,1.82,1.36,0.82,2.18,False,False
Lindbergh,2026-10-06,Northwest (Cedar Hill),,,,,2.26,2.07,,,,False,False
Lindbergh,2026-10-08,Oakville,,,,,0.39,2.15,,,,False,False
Lindbergh,2026-10-13,Jackson,,,,,2.0,1.84,,,,False,False
Lindbergh,2026-10-15,Marquette,,,,,1.01,2.52,,,,False,False
Lindbergh,2026-10-19,Fox,,,,,4.72,-1.29,,,,False,False
Lindbergh,2026-10-20,Chaminade College Prep,,,,,0.54,2.68,,,,False,False
Lindbergh,2026-10-26,SLUH,,,,,0.38,2.88,,,,False,False
Lindbergh,2026-10-28,De Smet Jesuit,,,,,1.8,1.77,,,,False,False
Logan-Rogersville,2026-08-28,Willard,,4,0,W,4.55,-0.38,-0.55,-0.38,-0.93,False,False
Logan-Rogersville,2026-09-01,Ozark,,4,3,W,3.3,2.17,0.7,-0.83,-0.12,False,False
Logan-Rogersville,2026-09-03,Aurora,,8,0,W,6.16,-2.03,1.84,-2.03,-0.2,False,False
Logan-Rogersville,2026-09-08,Webb City,,8,0,W,4.74,-1.13,3.26,-1.13,2.13,False,False
Logan-Rogersville,2026-09-10,New Heights Christian with McAuley Catholic,,,,,4.29,-1.23,,,,False,False
Logan-Rogersville,2026-09-14,New Covenant Academy,,8,0,W,5.08,-1.03,2.92,-1.03,1.89,False,False
Logan-Rogersville,2026-09-16,West Plains,,8,1,W,5.23,0.56,2.77,-0.44,2.33,False,False
Logan-Rogersville,2026-09-18,Oak Park,,5,0,W,3.79,0.43,1.21,0.43,1.63,False,False
Logan-Rogersville,2026-09-18,Sikeston,,1,2,L,2.26,2.69,-1.26,0.69,-0.57,False,False
Logan-Rogersville,2026-09-19,Bolivar,,2,3,L,4.36,-0.01,-2.36,-3.01,-5.37,False,False
Logan-Rogersville,2026-09-22,Carl Junction,,8,0,W,4.73,-0.34,3.27,-0.34,2.94,False,False
Logan-Rogersville,2026-09-29,Branson,,3,0,W,3.54,0.95,-0.54,0.95,0.41,False,False
Logan-Rogersville,2026-10-01,Glendale,,0,1,L,1.67,2.79,-1.67,1.79,0.12,False,False
Logan-Rogersville,2026-10-02,Neosho,,3,1,W,3.84,0.28,-0.84,-0.72,-1.56,False,False
Logan-Rogersville,2026-10-03,Joplin,,,,,3.43,0.3,,,,False,False
Logan-Rogersville,2026-10-06,Springfield Catholic,,,,,2.79,2.0,,,,False,False
Logan-Rogersville,2026-10-08,Cassville,,,,,4.31,-1.03,,,,False,False
Logan-Rogersville,2026-10-13,Hillcrest,,,,,5.86,-0.91,,,,False,False
Logan-Rogersville,2026-10-15,Monett,,,,,4.0,0.67,,,,False,False
Logan-Rogersville,2026-10-17,Kickapoo,,,,,4.6,0.56,,,,False,False
Logan-Rogersville,2026-10-20,Bolivar,,,,,4.36,-0.01,,,,False,False
Logan-Rogersville,2026-10-22,Parkview,,,,,4.76,0.41,,,,False,False
Logan-Rogersville,2026-10-27,Marshfield,,,,,5.49,-1.58,,,,False,False
Lone Jack,2026-08-27,Chillicothe,,0,2,L,0.99,1.69,-0.99,-0.31,-1.3,False,False
Lone Jack,2026-09-02,Warrensburg,,4,1,W,4.05,1.35,-0.05,0.35,0.3,False,False
Lone Jack,2026-09-03,Maryville,,3,2,W,2.53,2.24,0.47,0.24,0.71,False,False
Lone Jack,2026-09-07,Oak Grove,,3,4,L,1.01,2.74,1.99,-1.26,0.72,False,False
Lone Jack,2026-09-08,Cameron,,1,3,L,3.72,1.46,-2.72,-1.54,-4.26,False,False
Lone Jack,2026-09-10,Pleasant Hill,,0,2,L,0.41,3.2,-0.41,1.2,0.79,False,False
Lone Jack,2026-09-22,Ruskin,,0,1,L,3.39,0.84,-3.39,-0.16,-3.55,False,False
Lone Jack,2026-09-24,Raytown South,,5,0,W,4.06,0.15,0.94,0.15,1.09,False,False
Lone Jack,2026-09-26,Central (Springfield),,0,2,L,0.31,3.29,-0.31,1.29,0.98,False,False
Lone Jack,2026-09-29,William Chrisman,,4,2,W,1.07,1.94,2.93,-0.06,2.86,False,False
Lone Jack,2026-09-29,Pleasant Hill,,,,,0.41,3.2,,,,False,False
Lone Jack,2026-10-02,Barstow,,0,2,L,-0.04,3.38,0.04,1.38,1.42,False,False
Lone Jack,2026-10-06,Excelsior Springs,,,,,0.56,3.95,,,,False,False
Lone Jack,2026-10-09,Crocker,,,,,2.93,2.51,,,,False,False
Lone Jack,2026-10-10,Greenwood,,,,,0.71,2.63,,,,False,False
Lone Jack,2026-10-13,Smithton,,,,,3.26,0.53,,,,False,False
Lone Jack,2026-10-15,Grandview,,,,,1.06,2.92,,,,False,False
Lone Jack,2026-10-19,Knob Noster,,,,,5.8,-1.05,,,,False,False
Lone Jack,2026-10-22,Clinton,,,,,0.76,2.91,,,,False,False
Lone Jack,2026-10-26,La Monte,,,,,3.3,-0.68,,,,False,False
Lone Jack,2026-10-27,Frontier STEM,,,,,3.91,1.29,,,,False,False
Lone Jack,2026-10-29,Stover,,,,,1.84,2.71,,,,False,False
Lutheran (Kansas City),2026-09-01,Barstow,,0,8,L,-2.34,3.37,2.34,-4.63,-2.29,False,False
Lutheran (Kansas City),2026-09-02,Sacred Heart,,0,0,T,0.91,0.21,-0.91,0.21,-0.7,False,False
Lutheran (Kansas City),2026-09-05,Warrensburg,,1,1,T,1.76,1.34,-0.76,0.34,-0.42,False,False
Lutheran (Kansas City),2026-09-10,"Bishop Ward(Kansas City, KS)",,0,7,L,,,,,,False,False
Lutheran (Kansas City),2026-09-14,Heartland (Belton) Sr.,,2,0,W,,,,,,False,False
Lutheran (Kansas City),2026-09-18,"Bishop Seabury(Lawrence, KS)",,3,5,L,,,,,,False,False
Lutheran (Kansas City),2026-09-19,New Covenant Academy,,0,2,L,-0.93,2.03,0.93,0.03,0.96,False,False
Lutheran (Kansas City),2026-09-22,Faith Christian Academy,,0,1,L,-2.09,2.47,2.09,1.47,3.57,False,False
Lutheran (Kansas City),2026-09-24,"Maranatha Christian(Lenexa, KS)",,1,6,L,,,,,,False,False
Lutheran (Kansas City),2026-10-01,Northland Christian,,,,,-0.15,2.83,,,,False,False
Lutheran (Kansas City),2026-10-02,"Kansas City Christian(Prairie Village, KS)",,,,,,,,,,False,False
Lutheran (Kansas City),2026-10-05,"Heritage Christian(Olathe, KS)",,,,,,,,,,False,False
Lutheran (Kansas City),2026-10-08,St. Paul Lutheran (Concordia),,,,,-1.25,3.29,,,,False,False
Lutheran (Kansas City),2026-10-09,Northland Christian,,,,,-0.15,2.83,,,,False,False
Lutheran (Kansas City),2026-10-12,Knob Noster,,,,,3.51,-1.05,,,,False,False
Lutheran (Kansas City),2026-10-13,"TBD(TBD, MO)",,,,,,,,,,False,False
Lutheran (Kansas City),2026-10-20,"TBD(TBD, MO)",,,,,,,,,,False,False
Lutheran (Kansas City),2026-10-22,"TBD(TBD, MO)",,,,,,,,,,False,False
Lutheran (Kansas City),2026-10-27,Bishop LeBlond,,,,,3.98,0.89,,,,False,False
Lutheran (Kansas City),2026-10-29,La Monte,,,,,1.01,-0.68,,,,False,False
Lutheran North,2026-09-08,Collegiate School of Med-Bio Science with McKinley Classical Leadership,,,,,0.99,5.37,,,,False,False
Lutheran North,2026-09-14,Elsberry,,2,3,L,2.57,3.06,-0.57,0.06,-0.51,False,False
Lutheran North,2026-09-15,Hancock,,1,4,L,1.11,4.47,-0.11,0.47,0.36,False,False
Lutheran North,2026-09-17,"Valmeyer(Valmeyer, IL)",,8,1,W,,,,,,False,False
Lutheran North,2026-09-21,McCluer North,,8,0,W,6.29,0.19,1.71,0.19,1.91,False,False
Lutheran North,2026-09-22,Lutheran St. Charles,,0,8,L,-0.6,6.79,0.6,-1.21,-0.61,False,False
Lutheran North,2026-09-25,Westminster Christian Academy,,0,8,L,-0.93,7.71,0.93,-0.29,0.64,False,False
Lutheran North,2026-09-29,Priory,,,,,-2.19,8.07,,,,False,False
Lutheran North,2026-10-01,Crossroads College Preparatory,,,,,3.98,4.24,,,,False,False
Lutheran North,2026-10-02,Jennings,,9,0,W,8.13,-1.06,0.87,-1.06,-0.18,False,False
Lutheran North,2026-10-05,Principia,,,,,-1.65,6.97,,,,False,False
Lutheran North,2026-10-09,Whitfield,,,,,0.31,6.66,,,,False,False
Lutheran North,2026-10-12,Lutheran South,,,,,-0.28,7.2,,,,False,False
Lutheran North,2026-10-13,Gateway with Soldan International Studies,,,,,1.6,4.11,,,,False,False
Lutheran North,2026-10-16,Collegiate School of Med-Bio Science with McKinley Classical Leadership,,,,,0.99,5.37,,,,False,False
Lutheran North,2026-10-19,Lutheran South,,,,,-0.28,7.2,,,,False,False
Lutheran North,2026-10-20,Hazelwood Central,,,,,,,,,,False,False
Lutheran North,2026-10-28,MICDS,,,,,-1.25,7.26,,,,False,False
Lutheran South,2026-08-28,Westminster Christian Academy,,3,2,W,1.8,2.96,1.2,0.96,2.16,False,False
Lutheran South,2026-09-01,Priory,,1,3,L,0.54,3.31,0.46,0.31,0.77,False,False
Lutheran South,2026-09-03,MICDS,,2,4,L,1.47,2.5,0.53,-1.5,-0.97,False,False
Lutheran South,2026-09-08,John Burroughs,,1,5,L,0.43,4.38,0.57,-0.62,-0.05,False,False
Lutheran South,2026-09-10,Veritas Christian Academy,,2,0,W,1.7,2.01,0.3,2.01,2.31,False,False
Lutheran South,2026-09-14,Whitfield,,3,4,L,3.03,1.91,-0.03,-2.09,-2.12,False,False
Lutheran South,2026-09-17,Westminster Christian Academy,,1,6,L,1.8,2.96,-0.8,-3.04,-3.84,False,False
Lutheran South,2026-09-18,Lutheran St. Charles,,1,0,W,2.13,2.04,-1.13,2.04,0.91,False,False
Lutheran South,2026-09-22,Metro,,1,3,L,2.56,2.45,-1.56,-0.55,-2.11,False,False
Lutheran South,2026-09-24,St. Mary's South Side,,3,2,W,2.79,2.91,0.21,0.91,1.12,False,False
Lutheran South,2026-09-26,Affton,,5,4,W,4.08,2.85,0.92,-1.15,-0.23,False,False
Lutheran South,2026-09-29,MICDS,,2,1,W,1.47,2.5,0.53,1.5,2.03,False,False
Lutheran South,2026-10-01,DeSoto,,4,1,W,4.67,1.62,-0.67,0.62,-0.05,False,False
Lutheran South,2026-10-06,Windsor (Imperial),,,,,3.47,0.03,,,,False,False
Lutheran South,2026-10-08,Hillsboro,,,,,4.57,0.53,,,,False,False
Lutheran South,2026-10-12,Lutheran North,,,,,7.2,-0.28,,,,False,False
Lutheran South,2026-10-13,Principia,,,,,1.08,2.21,,,,False,False
Lutheran South,2026-10-15,Priory,,,,,0.54,3.31,,,,False,False
Lutheran South,2026-10-19,Lutheran North,,,,,7.2,-0.28,,,,False,False
Lutheran South,2026-10-22,St. Pius X (Festus),,,,,2.47,0.98,,,,False,False
Lutheran South,2026-10-26,Webster Groves,,,,,0.78,3.44,,,,False,False
Lutheran St. Charles,2026-08-27,Troy Buchanan,,1,2,L,0.13,2.12,0.87,0.12,0.99,False,False
Lutheran St. Charles,2026-09-02,Union,,4,0,W,2.52,0.28,1.48,0.28,1.76,False,False
Lutheran St. Charles,2026-09-04,Ft. Zumwalt North,,1,2,L,1.66,0.75,-0.66,-1.25,-1.91,False,False
Lutheran St. Charles,2026-09-11,North Point,,2,4,L,1.58,3.4,0.42,-0.6,-0.18,False,False
Lutheran St. Charles,2026-09-12,Hannibal,,6,1,W,3.5,1.01,2.5,0.01,2.51,False,False
Lutheran St. Charles,2026-09-12,Rolla,,2,0,W,2.09,0.51,-0.09,0.51,0.41,False,False
Lutheran St. Charles,2026-09-17,Whitfield,,0,1,L,2.62,1.59,-2.62,0.59,-2.04,False,False
Lutheran St. Charles,2026-09-18,Lutheran South,,0,1,L,2.04,2.13,-2.04,1.13,-0.91,False,False
Lutheran St. Charles,2026-09-22,Lutheran North,,8,0,W,6.79,-0.6,1.21,-0.6,0.61,False,False
Lutheran St. Charles,2026-09-25,Helias Catholic,,0,5,L,-0.16,3.02,0.16,-1.98,-1.82,False,False
Lutheran St. Charles,2026-09-25,Battle with Columbia Independent,,2,2,T,1.64,1.7,0.36,-0.3,0.07,False,False
Lutheran St. Charles,2026-09-26,Jefferson City,,5,0,W,3.24,0.93,1.76,0.93,2.69,False,False
Lutheran St. Charles,2026-10-02,Westminster Christian Academy,,,,,1.39,2.63,,,,False,False
Lutheran St. Charles,2026-10-06,St. Mary's South Side,,,,,2.38,2.59,,,,False,False
Lutheran St. Charles,2026-10-08,St. Charles,,,,,0.99,4.3,,,,False,False
Lutheran St. Charles,2026-10-09,Bishop DuBourg,,,,,4.44,0.11,,,,False,False
Lutheran St. Charles,2026-10-12,Father Tolton,,,,,1.04,3.04,,,,False,False
Lutheran St. Charles,2026-10-13,Veritas Christian Academy,,,,,1.28,1.69,,,,False,False
Lutheran St. Charles,2026-10-15,Gateway with Soldan International Studies,,,,,3.92,-0.97,,,,False,False
Lutheran St. Charles,2026-10-19,Ft. Zumwalt East,,,,,0.7,1.62,,,,False,False
Lutheran St. Charles,2026-10-20,North Point,,,,,1.58,3.4,,,,False,False
Lutheran St. Charles,2026-10-22,Holt,,,,,3.33,0.72,,,,False,False
Lutheran St. Charles,2026-10-28,St. Francis Borgia,,,,,3.2,0.69,,,,False,False
Lutheran St. Charles,2026-10-29,Saxony Lutheran with St. Vincent,,,,,1.87,3.01,,,,False,False
"Lutheran St. Charles(St. Charles, MO)",2026-09-26,Jefferson City,,3,0,W,,,,,,False,False
MICDS,2026-08-28,Parkway Central,,2,,,1.16,1.1,,,,False,False
MICDS,2026-09-01,John Burroughs,,1,3,L,0.48,3.4,0.52,0.4,0.92,False,False
MICDS,2026-09-03,Lutheran South,,4,2,W,2.5,1.47,1.5,-0.53,0.97,False,False
MICDS,2026-09-08,Lafayette (Wildwood),,1,4,L,1.01,3.91,-0.01,-0.09,-0.1,False,False
MICDS,2026-09-10,St. Mary's South Side,,1,0,W,2.85,1.94,-1.85,1.94,0.09,False,False
MICDS,2026-09-14,Eureka,,0,7,L,0.63,3.52,-0.63,-3.48,-4.11,False,False
MICDS,2026-09-17,Priory,,1,0,W,0.59,2.34,0.41,2.34,2.74,False,False
MICDS,2026-09-18,Pembroke Hill,,0,5,L,0.27,3.36,-0.27,-1.64,-1.91,False,False
MICDS,2026-09-24,Principia,,3,2,W,1.13,1.24,1.87,-0.76,1.11,False,False
MICDS,2026-09-26,John Burroughs,,1,3,L,0.48,3.4,0.52,0.4,0.92,False,False
MICDS,2026-09-29,Lutheran South,,1,2,L,2.5,1.47,-1.5,-0.53,-2.03,False,False
MICDS,2026-09-30,Metro,,2,1,W,2.61,1.48,-0.61,0.48,-0.14,False,False
MICDS,2026-10-02,Gateway with Soldan International Studies,,,,,4.38,-1.62,,,,False,False
MICDS,2026-10-06,Ritenour,,,,,3.91,-0.99,,,,False,False
MICDS,2026-10-08,Westminster Christian Academy,,,,,1.85,1.98,,,,False,False
MICDS,2026-10-12,Parkway South,,,,,0.74,2.2,,,,False,False
MICDS,2026-10-19,Bayless,,,,,2.38,1.28,,,,False,False
MICDS,2026-10-23,Whitfield,,,,,3.09,0.93,,,,False,False
MICDS,2026-10-28,Lutheran North,,,,,7.26,-1.25,,,,False,False
"Macomb(Macomb , IL)",2026-08-28,Canton,,2,0,W,,,,,,False,False
"Manhattan HS(Manhattan, KS)",2026-09-05,Lee's Summit North,,3,1,W,,,,,,False,False
Maplewood-Richmond Hts.,2026-08-28,STEAM Academy,,8,0,W,5.77,-1.37,2.23,-1.37,0.86,False,False
Maplewood-Richmond Hts.,2026-08-31,Hazelwood West,,1,3,L,,,,,,False,False
Maplewood-Richmond Hts.,2026-09-03,Parkway North,,2,0,W,2.71,1.22,-0.71,1.22,0.51,False,False
Maplewood-Richmond Hts.,2026-09-08,Hancock,,3,0,W,4.08,-0.96,-1.08,-0.96,-2.04,False,False
Maplewood-Richmond Hts.,2026-09-11,Valley Park,,2,0,W,2.76,-0.44,-0.76,-0.44,-1.2,False,False
Maplewood-Richmond Hts.,2026-09-15,Duchesne,,6,0,W,4.0,0.4,2.0,0.4,2.39,False,False
Maplewood-Richmond Hts.,2026-09-18,Bayless,,2,1,W,2.57,1.59,-0.57,0.59,0.02,False,False
Maplewood-Richmond Hts.,2026-09-21,Brentwood,,4,0,W,3.9,0.14,0.1,0.14,0.24,False,False
Maplewood-Richmond Hts.,2026-09-25,Hancock,,7,0,W,4.08,-0.96,2.92,-0.96,1.96,False,False
Maplewood-Richmond Hts.,2026-09-29,Valley Park,,2,1,W,2.76,-0.44,-0.76,-1.44,-2.2,False,False
Maplewood-Richmond Hts.,2026-10-02,Crossroads College Preparatory,,8,0,W,6.96,-1.18,1.04,-1.18,-0.14,False,False
Maplewood-Richmond Hts.,2026-10-06,Bayless,,,,,2.57,1.59,,,,False,False
Maplewood-Richmond Hts.,2026-10-09,Brentwood,,,,,3.9,0.14,,,,False,False
Maplewood-Richmond Hts.,2026-10-14,Festus,,,,,4.24,-1.37,,,,False,False
Maplewood-Richmond Hts.,2026-10-19,Gateway with Soldan International Studies,,,,,4.58,-1.31,,,,False,False
Maplewood-Richmond Hts.,2026-10-22,Crossroads College Preparatory,,,,,6.96,-1.18,,,,False,False
Maranatha Baptist,2026-08-28,Crocker,,0,8,L,,,,,,False,False
Maranatha Baptist,2026-09-03,Crocker,,,,,,,,,,False,False
Maranatha Baptist,2026-09-17,Iberia,,2,3,L,,,,,,False,False
Maranatha Baptist,2026-09-29,Dixon,,2,5,L,,,,,,False,False
"Maranatha Christian(Lenexa, KS)",2026-09-24,Lutheran (Kansas City),,6,1,W,,,,,,False,False
"Maranatha Christian(Shawnee, KS)",2026-09-03,Northland Christian,,8,0,W,,,,,,False,False
"Maranatha Christian(Shawnee, KS)",2026-09-29,Faith Christian Academy,,,,,,,,,,False,False
"Marion(Marion, IL)",2026-09-01,Central (Cape Girardeau),,0,2,L,,,,,,False,False
"Marion(Marion, IL)",2026-09-02,Sikeston,,2,5,L,,,,,,False,False
"Marion(Marion, IL)",2026-10-01,Perryville,,1,5,L,,,,,,False,False
Marquette,2026-08-28,Ft. Zumwalt West,,3,0,W,2.44,0.6,0.56,0.6,1.16,False,False
Marquette,2026-08-31,SLUH,,0,3,L,1.22,2.2,-1.22,-0.8,-2.02,False,False
Marquette,2026-09-02,Parkway West,,3,0,W,1.8,1.04,1.2,1.04,2.24,False,False
Marquette,2026-09-03,"Columbia(Columbia, IL)",,2,4,L,,,,,,False,False
Marquette,2026-09-09,Priory,,5,0,W,2.68,0.57,2.32,0.57,2.89,False,False
Marquette,2026-09-10,Lindbergh,,3,1,W,2.52,1.01,0.48,0.01,0.48,False,False
Marquette,2026-09-12,St. Dominic,,0,1,L,1.3,1.56,-1.3,0.56,-0.74,False,False
Marquette,2026-09-15,Oakville,,2,3,L,1.22,1.46,0.78,-1.54,-0.76,False,False
Marquette,2026-09-19,"Blue Valley West(Kansas City, MO)",,2,3,L,,,,,,False,False
Marquette,2026-09-22,Rockwood Summit,,4,2,W,3.12,1.27,0.88,-0.73,0.15,False,False
Marquette,2026-09-24,Francis Howell,,4,3,W,2.68,0.91,1.32,-2.09,-0.78,False,False
Marquette,2026-09-26,Nixa,,0,1,L,2.36,1.53,-2.36,0.53,-1.83,False,False
Marquette,2026-10-01,Ladue Horton Watkins,,1,0,W,2.35,1.6,-1.35,1.6,0.25,False,False
Marquette,2026-10-06,Eureka,,,,,2.71,1.75,,,,False,False
Marquette,2026-10-08,Kirkwood,,,,,1.47,1.14,,,,False,False
Marquette,2026-10-12,Lafayette (Wildwood),,,,,3.09,2.14,,,,False,False
Marquette,2026-10-15,Lindbergh,,,,,2.52,1.01,,,,False,False
Marquette,2026-10-17,Rock Bridge,,,,,2.86,1.38,,,,False,False
Marquette,2026-10-19,Parkway South,,,,,2.82,0.43,,,,False,False
Marquette,2026-10-20,Francis Howell Central,,,,,1.99,1.97,,,,False,False
Marquette,2026-10-22,Liberty (Wentzville),,,,,3.91,0.69,,,,False,False
Marquette,2026-10-27,Vianney,,,,,1.93,1.12,,,,False,False
"Marquette U High(Milwaukee, WI)",2026-09-11,SLUH,,0,0,T,,,,,,False,False
"Marquette University(Milwaukee, WI)",2026-09-18,Rockhurst,,0,0,T,,,,,,False,False
Marshall,2026-08-28,Northeast (Kansas City),,2,5,L,0.79,3.8,1.21,-1.2,0.01,False,False
Marshall,2026-08-29,Father Tolton,,1,3,L,1.49,2.38,-0.49,-0.62,-1.11,False,False
Marshall,2026-09-01,Harrisonville,,4,1,W,3.16,0.38,0.84,-0.62,0.22,False,False
Marshall,2026-09-03,Chillicothe,,5,0,W,3.27,-1.02,1.73,-1.02,0.7,False,False
Marshall,2026-09-08,Mexico,,8,0,W,6.45,-2.22,1.55,-2.22,-0.67,False,False
Marshall,2026-09-11,Perryville,,3,0,W,3.06,1.23,-0.06,1.23,1.17,False,False
Marshall,2026-09-11,Southern Boone,,4,0,W,2.92,0.87,1.08,0.87,1.95,False,False
Marshall,2026-09-14,Van Horn,,0,3,L,0.38,3.8,-0.38,0.8,0.42,False,False
Marshall,2026-09-16,William Chrisman,,1,0,W,3.36,-0.77,-2.36,-0.77,-3.13,False,False
Marshall,2026-09-17,Oak Grove,,5,0,W,3.3,0.03,1.7,0.03,1.73,False,False
Marshall,2026-09-22,Moberly,,2,0,W,3.49,0.04,-1.49,0.04,-1.45,False,False
Marshall,2026-09-24,Capital City,,1,0,W,2.79,0.9,-1.79,0.9,-0.88,False,False
Marshall,2026-09-29,Warrensburg,,7,0,W,6.34,-1.36,0.66,-1.36,-0.7,False,False
Marshall,2026-10-01,Kirksville,,,,,2.37,0.41,,,,False,False
Marshall,2026-10-06,St. Paul Lutheran (Concordia),,,,,3.33,0.59,,,,False,False
Marshall,2026-10-08,Helias Catholic,,,,,0.29,2.36,,,,False,False
Marshall,2026-10-10,Battle with Columbia Independent,,,,,2.08,1.04,,,,False,False
Marshall,2026-10-14,Hickman,,,,,1.52,2.66,,,,False,False
Marshall,2026-10-15,Smith-Cotton,,,,,2.55,1.68,,,,False,False
Marshall,2026-10-20,Kirksville,,,,,2.37,0.41,,,,False,False
Marshall,2026-10-22,Father Tolton,,,,,1.49,2.38,,,,False,False
Marshall,2026-10-24,Paseo Academy,,,,,5.78,-2.01,,,,False,False
Marshfield,2026-08-28,Lebanon,,2,3,L,1.04,2.77,0.96,-0.23,0.73,False,False
Marshfield,2026-08-29,Aurora,,1,0,W,2.02,0.9,-1.02,0.9,-0.12,False,False
Marshfield,2026-08-29,Fair Grove,,2,6,L,0.95,4.76,1.05,-1.24,-0.2,False,False
Marshfield,2026-09-03,New Heights Christian with McAuley Catholic,,0,2,L,0.16,1.7,-0.16,-0.3,-0.45,False,False
Marshfield,2026-09-08,Willard,,0,1,L,0.41,2.55,-0.41,1.55,1.14,False,False
Marshfield,2026-09-10,Cassville,,1,2,L,0.17,1.9,0.83,-0.1,0.73,False,False
Marshfield,2026-09-12,New Covenant Academy,,1,2,L,0.94,1.9,0.06,-0.1,-0.04,False,False
Marshfield,2026-09-15,Bolivar,,0,4,L,0.22,2.92,-0.22,-1.08,-1.3,False,False
Marshfield,2026-09-18,Iberia,,4,0,W,7.6,-1.06,-3.6,-1.06,-4.66,False,False
Marshfield,2026-09-22,Branson,,0,3,L,-0.59,3.88,0.59,0.88,1.48,False,False
Marshfield,2026-09-29,Greenwood,,0,3,L,0.28,2.49,-0.28,-0.51,-0.8,False,False
Marshfield,2026-10-01,Laquey with Richland,,,,,1.19,1.87,,,,False,False
Marshfield,2026-10-06,Hillcrest,,,,,1.72,2.02,,,,False,False
Marshfield,2026-10-12,New Covenant Academy,,,,,0.94,1.9,,,,False,False
Marshfield,2026-10-13,West Plains,,,,,1.09,3.49,,,,False,False
Marshfield,2026-10-15,Aurora,,,,,2.02,0.9,,,,False,False
Marshfield,2026-10-19,Dixon,,,,,3.26,0.51,,,,False,False
Marshfield,2026-10-20,Carl Junction,,,,,0.59,2.6,,,,False,False
Marshfield,2026-10-22,Crocker,,,,,2.51,2.37,,,,False,False
Marshfield,2026-10-26,Lebanon,,,,,1.04,2.77,,,,False,False
Marshfield,2026-10-27,Logan-Rogersville,,,,,-1.58,5.49,,,,False,False
Marshfield,2026-10-28,Laquey with Richland,,,,,1.19,1.87,,,,False,False
Maryville,2026-09-01,Warrensburg,,5,1,W,4.37,1.96,0.63,0.96,1.59,False,False
Maryville,2026-09-03,Lone Jack,,2,3,L,2.24,2.53,-0.24,-0.47,-0.71,False,False
Maryville,2026-09-05,Sacred Heart,,4,1,W,3.52,0.83,0.48,-0.17,0.31,False,False
Maryville,2026-09-08,Smithville,,2,3,L,0.51,3.34,1.49,0.34,1.83,False,False
Maryville,2026-09-10,Kearney,,2,5,L,2.36,4.17,-0.36,-0.83,-1.19,False,False
Maryville,2026-09-12,Belton,,0,1,L,0.87,4.35,-0.87,3.35,2.48,False,False
Maryville,2026-09-15,Chillicothe,,,,,1.31,2.3,,,,False,False
Maryville,2026-09-23,Savannah,,1,5,L,1.46,3.91,-0.46,-1.09,-1.55,False,False
Maryville,2026-09-24,Cameron,,4,3,W,4.03,2.07,-0.03,-0.93,-0.96,False,False
Maryville,2026-09-29,Chillicothe,,1,2,L,1.31,2.3,-0.31,0.3,-0.0,False,False
Maryville,2026-10-01,Bishop LeBlond,,,,,6.59,1.51,,,,False,False
Maryville,2026-10-06,Benton,,,,,3.12,3.67,,,,False,False
Maryville,2026-10-07,Bishop LeBlond,,,,,6.59,1.51,,,,False,False
Maryville,2026-10-08,Excelsior Springs,,,,,0.88,4.56,,,,False,False
Maryville,2026-10-19,Savannah,,,,,1.46,3.91,,,,False,False
"Maur Hill - Mount(Atchison, KS)",2026-09-09,Benton,,2,3,L,,,,,,False,False
"Maur Hill - Mount(Atchison, KS)",2026-09-28,Benton,,6,1,W,,,,,,False,False
"Maur Hill(Atchison, KS)",2026-10-06,Bishop LeBlond,,,,,,,,,,False,False
McCluer,2026-09-24,University City,,0,3,L,,,,,,False,False
McCluer,2026-09-28,McCluer North,,3,2,W,,,,,,False,False
McCluer,2026-09-29,STEAM Academy,,2,3,L,,,,,,False,False
McCluer,2026-10-06,Gateway Science Charter,,,,,,,,,,False,False
McCluer,2026-10-07,Jennings,,,,,,,,,,False,False
McCluer,2026-10-12,McCluer North,,,,,,,,,,False,False
McCluer,2026-10-19,University City,,,,,,,,,,False,False
McCluer,2026-10-21,STEAM Academy,,,,,,,,,,False,False
McCluer North,2026-09-08,Normandy Collaborative,,1,0,W,,,,,,False,False
McCluer North,2026-09-10,University City,,0,7,L,-2.49,6.9,2.49,-0.1,2.39,False,False
McCluer North,2026-09-15,STEAM Academy,,0,6,L,-1.49,5.86,1.49,-0.14,1.35,False,False
McCluer North,2026-09-21,Lutheran North,,0,8,L,0.19,6.29,-0.19,-1.71,-1.91,False,False
McCluer North,2026-09-23,Jennings,,3,0,W,3.84,0.75,-0.84,0.75,-0.09,False,False
McCluer North,2026-09-25,Hazelwood West,,0,8,L,,,,,,False,False
McCluer North,2026-09-28,McCluer,,2,3,L,,,,,,False,False
McCluer North,2026-09-29,Hazelwood Central,,0,5,L,,,,,,False,False
McCluer North,2026-10-01,Hazelwood East,,0,1,L,,,,,,False,False
McCluer North,2026-10-05,Normandy Collaborative,,,,,,,,,,False,False
McCluer North,2026-10-07,University City,,,,,-2.49,6.9,,,,False,False
McCluer North,2026-10-09,STEAM Academy,,,,,-1.49,5.86,,,,False,False
McCluer North,2026-10-12,McCluer,,,,,,,,,,False,False
McCluer North,2026-10-16,Jennings,,,,,3.84,0.75,,,,False,False
McCluer North,2026-10-19,Hazelwood West,,,,,,,,,,False,False
McCluer North,2026-10-20,Hazelwood West,,,,,,,,,,False,False
McCluer North,2026-10-21,Hazelwood Central,,,,,,,,,,False,False
McCluer North,2026-10-23,Hazelwood East,,,,,,,,,,False,False
"McCracken County HS(McCracken County , KY)",2026-09-12,Christian Brothers College,,1,5,L,,,,,,False,False
"McCracken County(Paducah, KY)",2026-09-25,Notre Dame (Cape Girardeau),,0,2,L,,,,,,False,False
"McCracken(McCracken, KY)",2026-09-11,Chaminade College Prep,,0,3,L,,,,,,False,False
McDonald County,2026-08-27,Neosho,,3,0,W,2.15,1.85,0.85,1.85,2.7,False,False
McDonald County,2026-09-03,Webb City,,4,0,W,3.05,0.44,0.95,0.44,1.39,False,False
McDonald County,2026-09-08,Hillcrest,,5,0,W,4.18,0.66,0.82,0.66,1.48,False,False
McDonald County,2026-09-15,Monett,,2,3,L,2.32,2.24,-0.32,-0.76,-1.07,False,False
McDonald County,2026-09-17,Fair Grove,,2,5,L,3.41,3.4,-1.41,-1.6,-3.01,False,False
McDonald County,2026-09-22,Aurora,,,,,4.48,-0.46,,,,False,False
McDonald County,2026-09-29,Cassville,,,,,2.63,0.54,,,,False,False
McDonald County,2026-10-06,Monett,,,,,2.32,2.24,,,,False,False
McDonald County,2026-10-12,Central (Springfield),,,,,2.34,1.79,,,,False,False
McDonald County,2026-10-13,Aurora,,,,,4.48,-0.46,,,,False,False
McDonald County,2026-10-15,New Heights Christian with McAuley Catholic,,,,,2.61,0.34,,,,False,False
McDonald County,2026-10-19,Carl Junction,,,,,3.04,1.23,,,,False,False
McDonald County,2026-10-20,Cassville,,,,,2.63,0.54,,,,False,False
McDonald County,2026-10-27,Thomas Jefferson Independent Day,,,,,2.79,0.88,,,,False,False
Mehlville,2026-08-28,Vianney,,0,1,L,-0.26,2.39,0.26,1.39,1.65,False,False
Mehlville,2026-09-01,Clayton,,1,3,L,0.04,2.56,0.96,-0.44,0.52,False,False
Mehlville,2026-09-03,Oakville,,0,2,L,-0.97,2.74,0.97,0.74,1.71,False,False
Mehlville,2026-09-08,Northwest (Cedar Hill),,1,4,L,0.9,2.65,0.1,-1.35,-1.25,False,False
Mehlville,2026-09-10,Lafayette (Wildwood),,1,5,L,0.9,3.41,0.1,-1.59,-1.49,False,False
Mehlville,2026-09-12,Eureka,,0,1,L,0.52,3.03,-0.52,2.03,1.5,False,False
Mehlville,2026-09-15,Seckman,,0,1,L,1.27,1.31,-1.27,0.31,-0.95,False,False
Mehlville,2026-09-16,Affton,,3,1,W,4.02,1.38,-1.02,0.38,-0.64,False,False
Mehlville,2026-09-17,Parkway South,,1,1,T,0.63,1.7,0.37,0.7,1.08,False,False
Mehlville,2026-09-23,Parkway West,,0,4,L,-0.39,2.31,0.39,-1.69,-1.3,False,False
Mehlville,2026-09-24,Lindbergh,,0,2,L,0.33,2.28,-0.33,0.28,-0.05,False,False
Mehlville,2026-09-29,SLUH,,1,5,L,-0.97,3.47,1.97,-1.53,0.44,False,False
Mehlville,2026-10-01,"Collinsville(Collinsville, IL)",,3,1,W,,,,,,False,False
Mehlville,2026-10-03,Chaminade College Prep,,,,,-0.82,3.27,,,,False,False
Mehlville,2026-10-08,Parkway Central,,,,,1.05,0.6,,,,False,False
Mehlville,2026-10-09,"Blue Valley Northwest(Overland Park, KS)",,,,,,,,,,False,False
Mehlville,2026-10-10,"St. James(Lenexa, KS)",,,,,,,,,,False,False
Mehlville,2026-10-19,Farmington,,,,,0.86,1.65,,,,False,False
Mehlville,2026-10-21,Webster Groves,,,,,0.73,1.97,,,,False,False
Mehlville,2026-10-27,Fox,,,,,3.36,-0.71,,,,False,False
Metro,2026-09-08,Bishop DuBourg,,7,1,W,4.85,0.54,2.15,-0.46,1.69,False,False
Metro,2026-09-10,Collegiate School of Med-Bio Science with McKinley Classical Leadership,,2,0,W,3.72,0.72,-1.72,0.72,-1.0,False,False
Metro,2026-09-22,Lutheran South,,3,1,W,2.45,2.56,0.55,1.56,2.11,False,False
Metro,2026-09-24,Affton,,4,4,T,4.08,2.96,-0.08,-1.04,-1.12,False,False
Metro,2026-09-26,St. Mary's South Side,,3,4,L,2.8,3.03,0.2,-0.97,-0.77,False,False
Metro,2026-09-28,Gateway with Soldan International Studies,,4,1,W,4.33,-0.53,-0.33,-1.53,-1.87,False,False
Metro,2026-09-30,MICDS,,1,2,L,1.48,2.61,-0.48,0.61,0.14,False,False
Metro,2026-10-06,Roosevelt,,,,,4.72,-0.92,,,,False,False
Metro,2026-10-13,Valley Park,,,,,2.52,0.33,,,,False,False
Metro,2026-10-15,"Belleville West(Belleville, IL)",,,,,,,,,,False,False
Metro,2026-10-20,Principia,,,,,1.08,2.32,,,,False,False
Metro,2026-10-23,Brentwood,,,,,3.65,0.92,,,,False,False
Metro,2026-10-27,Roosevelt,,,,,4.72,-0.92,,,,False,False
Mexico,2026-08-27,Eugene,,2,3,L,3.17,1.94,-1.17,-1.06,-2.23,False,False
Mexico,2026-09-01,Elsberry,,3,2,W,1.62,2.27,1.38,0.27,1.65,False,False
Mexico,2026-09-03,Fulton,,1,2,L,1.2,3.14,-0.2,1.14,0.95,False,False
Mexico,2026-09-08,Marshall,,0,8,L,-2.22,6.45,2.22,-1.55,0.67,False,False
Mexico,2026-09-10,Boonville,,0,8,L,-0.07,5.04,0.07,-2.96,-2.9,False,False
Mexico,2026-09-12,Chillicothe,,1,4,L,-0.44,3.93,1.44,-0.07,1.37,False,False
Mexico,2026-09-15,Kirksville,,0,8,L,-1.35,5.36,1.35,-2.64,-1.29,False,False
Mexico,2026-09-17,Moberly,,1,9,L,-0.23,4.99,1.23,-4.01,-2.78,False,False
Mexico,2026-09-22,Hannibal,,0,8,L,0.23,5.29,-0.23,-2.71,-2.94,False,False
Mexico,2026-09-23,Elsberry,,1,2,L,1.62,2.27,-0.62,0.27,-0.35,False,False
Mexico,2026-09-24,Winfield,,0,4,L,0.66,4.5,-0.66,0.5,-0.16,False,False
Mexico,2026-09-26,Wright City,,0,1,L,1.05,3.11,-1.05,2.11,1.05,False,False
Mexico,2026-09-28,Fatima,,3,0,W,3.16,1.6,-0.16,1.6,1.44,False,False
Mexico,2026-09-29,Southern Boone,,1,7,L,-0.8,5.82,1.8,-1.18,0.62,False,False
Mexico,2026-10-06,Osage,,,,,0.89,4.64,,,,False,False
Mexico,2026-10-08,Christian Fellowship Sr. with Hallsville,,,,,1.26,3.68,,,,False,False
Mexico,2026-10-12,Fulton,,,,,1.2,3.14,,,,False,False
Mexico,2026-10-13,Kirksville,,,,,-1.35,5.36,,,,False,False
Mexico,2026-10-19,Moberly,,,,,-0.23,4.99,,,,False,False
Mexico,2026-10-20,Wright City,,,,,1.05,3.11,,,,False,False
Mexico,2026-10-23,Missouri Military Academy,,,,,0.21,4.77,,,,False,False
Mexico,2026-10-26,Canton,,,,,4.54,2.95,,,,False,False
"Mill Valley HS(Overland Park , KS)",2026-09-03,Lee's Summit North,,3,0,W,,,,,,False,False
Missouri Military Academy,2026-08-27,Sacred Heart,,4,0,W,3.82,-0.06,0.18,-0.06,0.13,False,False
Missouri Military Academy,2026-09-08,Eugene,,7,0,W,5.21,-0.58,1.79,-0.58,1.21,False,False
Missouri Military Academy,2026-09-15,Canton,,9,1,W,6.57,0.43,2.43,-0.57,1.86,False,False
Missouri Military Academy,2026-09-25,Moberly,,0,2,L,1.81,2.48,-1.81,0.48,-1.34,False,False
Missouri Military Academy,2026-09-26,Kirksville,,0,4,L,0.69,2.84,-0.69,-1.16,-1.84,False,False
Missouri Military Academy,2026-09-26,Paseo Academy,,7,1,W,4.1,0.42,2.9,-0.58,2.32,False,False
Missouri Military Academy,2026-09-28,Troy Buchanan,,1,3,L,-1.1,3.89,2.1,0.89,2.99,False,False
Missouri Military Academy,2026-09-29,Kirksville,,0,2,L,0.69,2.84,-0.69,0.84,0.16,False,False
Missouri Military Academy,2026-10-06,Warrenton,,,,,1.44,3.63,,,,False,False
Missouri Military Academy,2026-10-08,Canton,,,,,6.57,0.43,,,,False,False
Missouri Military Academy,2026-10-09,Christian Fellowship Sr. with Hallsville,,,,,3.3,1.16,,,,False,False
Missouri Military Academy,2026-10-12,North Point,,,,,0.35,5.17,,,,False,False
Missouri Military Academy,2026-10-13,Southern Boone,,,,,1.24,3.31,,,,False,False
Missouri Military Academy,2026-10-15,Elsberry,,,,,3.65,-0.25,,,,False,False
Missouri Military Academy,2026-10-20,Ft. Zumwalt North,,,,,0.43,2.52,,,,False,False
Missouri Military Academy,2026-10-22,Battle with Columbia Independent,,,,,0.4,3.47,,,,False,False
Missouri Military Academy,2026-10-23,Mexico,,,,,4.77,0.21,,,,False,False
Moberly,2026-08-28,Clinton,,1,0,W,1.59,2.19,-0.59,2.19,1.6,False,False
Moberly,2026-08-29,Paseo Academy,,6,1,W,4.32,-0.02,1.68,-1.02,0.66,False,False
Moberly,2026-09-01,Eugene,,8,0,W,5.43,-1.02,2.57,-1.02,1.55,False,False
Moberly,2026-09-03,Canton,,8,0,W,6.8,-0.01,1.2,-0.01,1.19,False,False
Moberly,2026-09-08,Southern Boone,,1,5,L,1.46,2.87,-0.46,-2.13,-2.6,False,False
Moberly,2026-09-10,Kirksville,,1,2,L,0.91,2.4,0.09,0.4,0.49,False,False
Moberly,2026-09-17,Mexico,,9,1,W,4.99,-0.23,4.01,-1.23,2.78,False,False
Moberly,2026-09-18,Christian Fellowship Sr. with Hallsville,,3,0,W,3.52,0.72,-0.52,0.72,0.2,False,False
Moberly,2026-09-22,Marshall,,0,2,L,0.04,3.49,-0.04,1.49,1.45,False,False
Moberly,2026-09-25,Missouri Military Academy,,2,0,W,2.48,1.81,-0.48,1.81,1.34,False,False
Moberly,2026-09-26,Hillsboro,,4,3,W,3.15,1.54,0.85,-1.46,-0.61,False,False
Moberly,2026-09-26,Paseo Academy,,4,2,W,4.32,-0.02,-0.32,-2.02,-2.34,False,False
Moberly,2026-09-29,Fulton,,1,2,L,3.46,0.18,-2.46,-1.82,-4.27,False,False
Moberly,2026-10-01,"Sumner(Kansas City, KS)",,,,,,,,,,False,False
Moberly,2026-10-06,Chillicothe,,,,,1.82,0.97,,,,False,False
Moberly,2026-10-08,Kirksville,,,,,0.91,2.4,,,,False,False
Moberly,2026-10-10,Hannibal,,,,,2.49,2.34,,,,False,False
Moberly,2026-10-13,Hannibal,,,,,2.49,2.34,,,,False,False
Moberly,2026-10-15,Smithton,,,,,4.09,-0.19,,,,False,False
Moberly,2026-10-17,Hickman,,,,,0.07,4.65,,,,False,False
Moberly,2026-10-19,Mexico,,,,,4.99,-0.23,,,,False,False
Moberly,2026-10-22,Fulton,,,,,3.46,0.18,,,,False,False
Moberly,2026-10-24,Father Tolton,,,,,0.03,4.37,,,,False,False
Moberly,2026-10-27,Helias Catholic,,,,,-1.17,4.35,,,,False,False
Moberly,2026-10-29,Boonville,,,,,2.19,2.08,,,,False,False
Monett,2026-08-27,Republic,,1,0,W,1.44,1.09,-0.44,1.09,0.65,False,False
Monett,2026-08-28,Branson,,1,2,L,1.65,2.39,-0.65,0.39,-0.27,False,False
Monett,2026-08-29,Hillcrest,,5,1,W,3.97,0.53,1.03,-0.47,0.56,False,False
Monett,2026-09-01,Bolivar,,3,4,L,2.47,1.43,0.53,-2.57,-2.04,False,False
Monett,2026-09-03,Nixa,,0,4,L,-0.21,4.36,0.21,0.36,0.57,False,False
Monett,2026-09-08,Joplin,,3,2,W,1.54,1.73,1.46,-0.27,1.2,False,False
Monett,2026-09-08,Thomas Jefferson Independent Day,,1,2,L,2.59,0.75,-1.59,-1.25,-2.84,False,False
Monett,2026-09-10,Carthage,,0,1,L,0.49,2.65,-0.49,1.65,1.15,False,False
Monett,2026-09-11,West Plains,,4,1,W,3.34,1.99,0.66,0.99,1.66,False,False
Monett,2026-09-14,Springfield Catholic,,1,3,L,0.9,3.44,0.1,0.44,0.54,False,False
Monett,2026-09-15,McDonald County,,3,2,W,2.24,2.32,0.76,0.32,1.07,False,False
Monett,2026-09-22,Cassville,,2,1,W,2.42,0.4,-0.42,-0.6,-1.02,False,False
Monett,2026-09-24,New Covenant Academy,,2,0,W,3.18,0.4,-1.18,0.4,-0.78,False,False
Monett,2026-09-29,Aurora,,3,0,W,4.27,-0.6,-1.27,-0.6,-1.87,False,False
Monett,2026-10-02,Clinton,,,,,2.58,1.27,,,,False,False
Monett,2026-10-06,McDonald County,,,,,2.24,2.32,,,,False,False
Monett,2026-10-08,Branson,,,,,1.65,2.39,,,,False,False
Monett,2026-10-13,Cassville,,,,,2.42,0.4,,,,False,False
Monett,2026-10-15,Logan-Rogersville,,,,,0.67,4.0,,,,False,False
Monett,2026-10-20,Aurora,,,,,4.27,-0.6,,,,False,False
Monett,2026-10-22,Central (Springfield),,,,,2.13,1.66,,,,False,False
Monett,2026-10-26,Carl Junction,,,,,2.84,1.1,,,,False,False
Monett,2026-10-27,Parkview,,,,,2.87,1.84,,,,False,False
"Murphysboro HS(Murphysboro, IL)",2026-09-04,Jackson,,0,5,L,,,,,,False,False
"Murphysboro(Murphysboro, IL)",2026-08-28,Poplar Bluff,,3,2,W,,,,,,False,False
"Murphysboro(Murphysboro, IL)",2026-08-29,Sikeston,,2,5,L,,,,,,False,False
"Murphysboro(Murphysboro, IL)",2026-10-01,Central (Cape Girardeau),,2,0,W,,,,,,False,False
Neosho,2026-08-27,McDonald County,,0,3,L,1.85,2.15,-1.85,-0.85,-2.7,False,False
Neosho,2026-08-29,Hannibal,,1,0,W,3.09,1.26,-2.09,1.26,-0.84,False,False
Neosho,2026-08-29,Rolla,,2,0,W,1.69,0.76,0.31,0.76,1.07,False,False
Neosho,2026-09-01,Carl Junction,,4,1,W,2.45,0.94,1.55,-0.06,1.49,False,False
Neosho,2026-09-03,Kickapoo,,1,2,L,2.32,1.83,-1.32,-0.17,-1.48,False,False
Neosho,2026-09-15,Nixa,,1,9,L,-0.6,4.2,1.6,-4.8,-3.2,False,False
Neosho,2026-09-22,Glendale,,0,7,L,-0.61,4.07,0.61,-2.93,-2.32,False,False
Neosho,2026-09-24,Lebanon,,7,0,W,2.89,1.11,4.11,1.11,5.22,False,False
Neosho,2026-09-29,Ozark,,0,3,L,1.01,3.45,-1.01,0.45,-0.56,False,False
Neosho,2026-10-01,Branson,,1,2,L,1.26,2.23,-0.26,0.23,-0.04,False,False
Neosho,2026-10-02,Logan-Rogersville,,1,3,L,0.28,3.84,0.72,0.84,1.56,False,False
Neosho,2026-10-06,Waynesville,,,,,2.09,0.81,,,,False,False
Neosho,2026-10-08,Kickapoo,,,,,2.32,1.83,,,,False,False
Neosho,2026-10-13,Carthage,,,,,0.1,2.49,,,,False,False
Neosho,2026-10-15,Webb City,,,,,2.46,0.15,,,,False,False
Neosho,2026-10-20,Willard,,,,,2.27,0.89,,,,False,False
Neosho,2026-10-22,Republic,,,,,1.05,0.92,,,,False,False
Neosho,2026-10-27,Joplin,,,,,1.14,1.57,,,,False,False
Neosho,2026-10-28,Springfield Catholic,,,,,0.51,3.27,,,,False,False
New Covenant Academy,2026-08-29,West Plains,,1,2,L,1.63,3.07,-0.63,1.07,0.44,False,False
New Covenant Academy,2026-09-03,Trinity Academy,,1,3,L,,,,,,False,False
New Covenant Academy,2026-09-04,Willard,,1,2,L,0.95,2.13,0.05,0.13,0.18,False,False
New Covenant Academy,2026-09-08,Lebanon,,0,4,L,1.58,2.35,-1.58,-1.65,-3.23,False,False
New Covenant Academy,2026-09-11,Central (Springfield),,0,3,L,0.42,2.73,-0.42,-0.27,-0.69,False,False
New Covenant Academy,2026-09-12,Marshfield,,2,1,W,1.9,0.94,0.1,-0.06,0.04,False,False
New Covenant Academy,2026-09-14,Logan-Rogersville,,0,8,L,-1.03,5.08,1.03,-2.92,-1.89,False,False
New Covenant Academy,2026-09-15,Laquey with Richland,,2,0,W,1.73,1.45,0.27,1.45,1.73,False,False
New Covenant Academy,2026-09-17,Thomas Jefferson Independent Day,,3,2,W,0.88,1.83,2.12,-0.17,1.95,False,False
New Covenant Academy,2026-09-18,Barstow,,0,3,L,0.07,2.82,-0.07,-0.18,-0.25,False,False
New Covenant Academy,2026-09-19,Lutheran (Kansas City),,2,0,W,2.03,-0.93,-0.03,-0.93,-0.96,False,False
New Covenant Academy,2026-09-24,Monett,,0,2,L,0.4,3.18,-0.4,1.18,0.78,False,False
New Covenant Academy,2026-10-05,Crocker,,,,,3.05,1.95,,,,False,False
New Covenant Academy,2026-10-08,Parkview,,,,,1.17,2.92,,,,False,False
New Covenant Academy,2026-10-12,Marshfield,,,,,1.9,0.94,,,,False,False
New Covenant Academy,2026-10-13,Bolivar,,,,,0.77,2.5,,,,False,False
New Covenant Academy,2026-10-20,Greenwood,,,,,0.83,2.07,,,,False,False
New Covenant Academy,2026-10-22,New Heights Christian with McAuley Catholic,,,,,0.7,1.29,,,,False,False
New Covenant Academy,2026-10-23,Fair Grove,,,,,1.5,4.34,,,,False,False
New Covenant Academy,2026-10-26,Dixon,,,,,3.8,0.09,,,,False,False
New Covenant Academy,2026-10-27,Springfield Catholic,,,,,-0.81,4.51,,,,False,False
New Heights Christian with McAuley Catholic,2026-08-27,Parkview,,3,1,W,0.97,2.14,2.03,1.14,3.16,False,False
New Heights Christian with McAuley Catholic,2026-09-01,Central (Springfield),,0,1,L,0.23,1.95,-0.23,0.95,0.72,False,False
New Heights Christian with McAuley Catholic,2026-09-03,Marshfield,,2,0,W,1.7,0.16,0.3,0.16,0.45,False,False
New Heights Christian with McAuley Catholic,2026-09-08,Greenwood,,0,3,L,0.63,1.29,-0.63,-1.71,-2.34,False,False
New Heights Christian with McAuley Catholic,2026-09-10,Logan-Rogersville,,,,,-1.23,4.29,,,,False,False
New Heights Christian with McAuley Catholic,2026-09-18,Lebanon,,0,1,L,1.39,1.57,-1.39,0.57,-0.82,False,False
New Heights Christian with McAuley Catholic,2026-09-18,Willard,,1,2,L,0.76,1.35,0.24,-0.65,-0.41,False,False
New Heights Christian with McAuley Catholic,2026-09-19,Trinity Academy,,2,3,L,,,,,,False,False
New Heights Christian with McAuley Catholic,2026-09-24,Carl Junction,,0,2,L,0.94,1.4,-0.94,-0.6,-1.54,False,False
New Heights Christian with McAuley Catholic,2026-09-28,Bolivar,,1,2,L,0.57,1.72,0.43,-0.28,0.15,False,False
New Heights Christian with McAuley Catholic,2026-10-01,Cassville,,1,0,W,0.52,0.7,0.48,0.7,1.18,False,False
New Heights Christian with McAuley Catholic,2026-10-03,Sacred Heart,,,,,3.13,-1.12,,,,False,False
New Heights Christian with McAuley Catholic,2026-10-06,"Pittsburg(Pittsburg, KS)",,,,,,,,,,False,False
New Heights Christian with McAuley Catholic,2026-10-13,Thomas Jefferson Independent Day,,,,,0.69,1.05,,,,False,False
New Heights Christian with McAuley Catholic,2026-10-15,McDonald County,,,,,0.34,2.61,,,,False,False
New Heights Christian with McAuley Catholic,2026-10-20,Trinity Academy,,,,,,,,,,False,False
New Heights Christian with McAuley Catholic,2026-10-22,New Covenant Academy,,,,,1.29,0.7,,,,False,False
New Heights Christian with McAuley Catholic,2026-10-26,Fair Grove,,,,,1.3,3.56,,,,False,False
New Heights Christian with McAuley Catholic,2026-10-27,Aurora,,,,,2.37,-0.3,,,,False,False
Nixa,2026-08-28,Hickman,,2,3,L,3.31,1.41,-1.31,-1.59,-2.9,False,False
Nixa,2026-08-29,Rock Bridge,,3,2,W,2.55,1.89,0.45,-0.11,0.35,False,False
Nixa,2026-09-01,Branson,,3,0,W,3.91,0.07,-0.91,0.07,-0.84,False,False
Nixa,2026-09-03,Monett,,4,0,W,4.36,-0.21,-0.36,-0.21,-0.57,False,False
Nixa,2026-09-08,Springfield Catholic,,3,2,W,3.15,1.12,-0.15,-0.88,-1.03,False,False
Nixa,2026-09-11,Summit Christian Academy,,5,0,W,3.93,-0.2,1.07,-0.2,0.87,False,False
Nixa,2026-09-15,Neosho,,9,1,W,4.2,-0.6,4.8,-1.6,3.2,False,False
Nixa,2026-09-18,Chaminade College Prep,,0,1,L,1.06,2.52,-1.06,1.52,0.46,False,False
Nixa,2026-09-22,Carthage,,3,0,W,2.75,0.33,0.25,0.33,0.58,False,False
Nixa,2026-09-24,Willard,,8,0,W,4.91,-1.26,3.09,-1.26,1.83,False,False
Nixa,2026-09-25,Parkway South,,2,1,W,2.5,0.94,-0.5,-0.06,-0.56,False,False
Nixa,2026-09-26,Marquette,,1,0,W,1.53,2.36,-0.53,2.36,1.83,False,False
Nixa,2026-09-29,Republic,,7,0,W,3.69,-1.23,3.31,-1.23,2.08,False,False
Nixa,2026-10-01,Jackson,,3,1,W,2.52,1.67,0.48,0.67,1.16,False,False
Nixa,2026-10-02,Washington,,0,6,L,4.92,-1.02,-4.92,-7.02,-11.93,False,False
Nixa,2026-10-03,Lee's Summit West,,,,,1.69,2.01,,,,False,False
Nixa,2026-10-06,Webb City,,,,,5.1,-2.01,,,,False,False
Nixa,2026-10-08,Joplin,,,,,3.79,-0.58,,,,False,False
Nixa,2026-10-13,Glendale,,,,,2.03,1.91,,,,False,False
Nixa,2026-10-15,Kickapoo,,,,,4.96,-0.32,,,,False,False
Nixa,2026-10-20,Lebanon,,,,,5.54,-1.04,,,,False,False
Nixa,2026-10-22,Waynesville,,,,,4.73,-1.35,,,,False,False
Nixa,2026-10-27,Ozark,,,,,3.66,1.29,,,,False,False
Normandy Collaborative,2026-09-08,McCluer North,,0,1,L,,,,,,False,False
Normandy Collaborative,2026-09-17,University City,,0,8,L,,,,,,False,False
Normandy Collaborative,2026-09-21,STEAM Academy,,0,8,L,,,,,,False,False
Normandy Collaborative,2026-09-29,Jennings,,4,2,W,,,,,,False,False
Normandy Collaborative,2026-10-05,McCluer North,,,,,,,,,,False,False
Normandy Collaborative,2026-10-12,University City,,,,,,,,,,False,False
Normandy Collaborative,2026-10-14,STEAM Academy,,,,,,,,,,False,False
Normandy Collaborative,2026-10-21,Jennings,,,,,,,,,,False,False
North County,2026-08-27,Hillsboro,,0,3,L,0.75,4.18,-0.75,1.18,0.44,False,False
North County,2026-09-01,Festus,,0,1,L,0.17,2.94,-0.17,1.94,1.77,False,False
North County,2026-09-02,Pacific,,0,5,L,-0.28,3.63,0.28,-1.37,-1.09,False,False
North County,2026-09-03,Fredericktown,,0,2,L,0.92,3.68,-0.92,1.68,0.76,False,False
North County,2026-09-09,Perryville,,1,7,L,-0.8,5.87,1.8,-1.13,0.67,False,False
North County,2026-09-10,Sullivan,,1,6,L,-0.21,4.63,1.21,-1.37,-0.16,False,False
North County,2026-09-24,DeSoto,,3,4,L,0.85,5.28,2.15,1.28,3.42,False,False
North County,2026-09-28,Fredericktown,,0,7,L,0.92,3.68,-0.92,-3.32,-4.24,False,False
North County,2026-10-03,Farmington,,,,,-2.9,6.77,,,,False,False
North County,2026-10-05,Pacific,,,,,-0.28,3.63,,,,False,False
North County,2026-10-08,Sikeston,,,,,-3.02,7.69,,,,False,False
North County,2026-10-13,Kennett,,,,,4.55,2.36,,,,False,False
North County,2026-10-19,Festus,,,,,0.17,2.94,,,,False,False
North County,2026-10-20,Saxony Lutheran with St. Vincent,,,,,-1.54,6.98,,,,False,False
North County,2026-10-21,Gateway Science Charter,,,,,0.51,4.49,,,,False,False
North County,2026-10-22,Festus,,,,,0.17,2.94,,,,False,False
North County,2026-10-26,Dexter,,,,,3.63,1.6,,,,False,False
North County,2026-10-28,Windsor (Imperial),,,,,-0.34,3.68,,,,False,False
North Kansas City,2026-09-01,Grandview,,1,2,L,2.94,1.05,-1.94,-0.95,-2.89,False,False
North Kansas City,2026-09-02,Winnetonka,,8,0,W,3.91,0.21,4.09,0.21,4.3,False,False
North Kansas City,2026-09-07,St. Pius X (Kansas City),,2,1,W,2.98,2.62,-0.98,1.62,0.65,False,False
North Kansas City,2026-09-08,Fort Osage,,2,3,L,1.2,2.35,0.8,-0.65,0.14,False,False
North Kansas City,2026-09-10,Lee's Summit West,,0,7,L,-0.5,4.1,0.5,-2.9,-2.4,False,False
North Kansas City,2026-09-15,Liberty North,,,,,-0.82,4.73,,,,False,False
North Kansas City,2026-09-17,Liberty,,2,3,L,-0.1,4.27,2.1,1.27,3.36,False,False
North Kansas City,2026-09-22,Blue Springs,,0,6,L,0.08,3.99,-0.08,-2.01,-2.09,False,False
North Kansas City,2026-09-25,Smith-Cotton,,0,2,L,2.14,2.53,-2.14,0.53,-1.61,False,False
North Kansas City,2026-09-26,Hickman,,3,4,L,1.12,3.5,1.88,-0.5,1.38,False,False
North Kansas City,2026-09-29,Raymore-Peculiar,,1,3,L,0.34,2.28,0.66,-0.72,-0.07,False,False
North Kansas City,2026-10-01,Park Hill,,0,1,L,0.42,2.63,-0.42,1.63,1.21,False,False
North Kansas City,2026-10-06,Staley,,,,,0.27,2.33,,,,False,False
North Kansas City,2026-10-08,Lee's Summit North,,,,,0.72,3.64,,,,False,False
North Kansas City,2026-10-13,Central (St. Joseph),,,,,1.42,1.68,,,,False,False
North Kansas City,2026-10-15,Oak Park,,,,,1.96,1.63,,,,False,False
North Kansas City,2026-10-20,Park Hill South,,,,,-0.49,3.86,,,,False,False
North Kansas City,2026-10-21,Grain Valley,,,,,1.94,2.39,,,,False,False
North Kansas City,2026-10-26,Belton,,,,,2.43,1.87,,,,False,False
North Kansas City,2026-10-29,Liberty North,,,,,-0.82,4.73,,,,False,False
North Kansas City,2026-10-29,Winnetonka,,,,,3.91,0.21,,,,False,False
North Point,2026-08-27,Liberty Christian Sr.,,9,0,W,,,,,,False,False
North Point,2026-09-01,Ft. Zumwalt East,,1,2,L,2.39,1.49,-1.39,-0.51,-1.9,False,False
North Point,2026-09-03,Timberland,,1,2,L,1.98,2.17,-0.98,0.17,-0.81,False,False
North Point,2026-09-08,Ft. Zumwalt North,,4,0,W,3.35,0.62,0.65,0.62,1.27,False,False
North Point,2026-09-10,Washington,,5,0,W,4.37,0.76,0.63,0.76,1.39,False,False
North Point,2026-09-11,Lutheran St. Charles,,4,2,W,3.4,1.58,0.6,-0.42,0.18,False,False
North Point,2026-09-12,Hannibal,,8,0,W,5.19,0.88,2.81,0.88,3.69,False,False
North Point,2026-09-12,Rolla,,4,0,W,3.78,0.38,0.22,0.38,0.59,False,False
North Point,2026-09-15,Ft. Zumwalt South,,3,4,L,1.97,3.33,1.03,-0.67,0.36,False,False
North Point,2026-09-21,St. Charles,,1,4,L,2.68,4.17,-1.68,0.17,-1.51,False,False
North Point,2026-09-22,Pattonville,,4,3,W,3.15,2.81,0.85,-0.19,0.67,False,False
North Point,2026-09-25,Veritas Christian Academy,,2,1,W,2.97,1.55,-0.97,0.55,-0.42,False,False
North Point,2026-09-29,St. Francis Borgia,,6,1,W,4.89,0.56,1.11,-0.44,0.67,False,False
North Point,2026-10-01,Wright City,,8,0,W,6.01,-1.31,1.99,-1.31,0.68,False,False
North Point,2026-10-06,Parkway Central,,,,,2.38,1.62,,,,False,False
North Point,2026-10-08,Ft. Zumwalt West,,,,,1.58,2.89,,,,False,False
North Point,2026-10-12,Missouri Military Academy,,,,,5.17,0.35,,,,False,False
North Point,2026-10-14,Warrenton,,,,,4.36,1.73,,,,False,False
North Point,2026-10-20,Lutheran St. Charles,,,,,3.4,1.58,,,,False,False
North Point,2026-10-22,Troy Buchanan,,,,,1.81,1.98,,,,False,False
North Point,2026-10-27,Francis Howell North,,,,,2.47,2.92,,,,False,False
North Point,2026-10-29,Parkway North,,,,,3.74,1.43,,,,False,False
Northeast (Kansas City),2026-08-28,Marshall,,5,2,W,3.8,0.79,1.2,-1.21,-0.01,False,False
Northeast (Kansas City),2026-08-29,Oak Park,,2,1,W,4.67,0.08,-2.67,-0.92,-3.59,False,False
Northeast (Kansas City),2026-08-31,St. Michael the Archangel,,3,0,W,3.81,1.27,-0.81,1.27,0.46,False,False
Northeast (Kansas City),2026-09-03,Bishop LeBlond,,8,0,W,10.86,-2.51,-2.86,-2.51,-5.38,False,False
Northeast (Kansas City),2026-09-08,Van Horn,,2,3,L,2.68,3.1,-0.68,0.1,-0.59,False,False
Northeast (Kansas City),2026-09-10,Benton,,8,0,W,7.39,-0.35,0.61,-0.35,0.25,False,False
Northeast (Kansas City),2026-09-14,Central (Kansas City),,8,0,W,7.06,0.02,0.94,0.02,0.96,False,False
Northeast (Kansas City),2026-09-17,East (Kansas City),,9,3,W,5.86,1.33,3.14,-1.67,1.47,False,False
Northeast (Kansas City),2026-09-21,Paseo Academy,,9,0,W,8.08,-2.72,0.92,-2.72,-1.8,False,False
Northeast (Kansas City),2026-09-22,Harrisonville,,7,0,W,5.46,-0.32,1.54,-0.32,1.21,False,False
Northeast (Kansas City),2026-09-28,Lincoln College Prep,,4,1,W,4.26,2.5,-0.26,1.5,1.24,False,False
Northeast (Kansas City),2026-10-01,Ewing Marion Kauffman with University Academy Charter,,9,0,W,7.93,-1.53,1.07,-1.53,-0.45,False,False
Northeast (Kansas City),2026-10-05,East (Kansas City),,,,,5.86,1.33,,,,False,False
Northeast (Kansas City),2026-10-08,"Washington(Kansas City, KS)",,,,,,,,,,False,False
Northeast (Kansas City),2026-10-13,Rockhurst,,,,,1.06,4.28,,,,False,False
Northeast (Kansas City),2026-10-15,Lincoln College Prep,,,,,4.26,2.5,,,,False,False
Northeast (Kansas City),2026-10-20,Guadalupe Centers Charter,,,,,5.97,-1.1,,,,False,False
Northland Christian,2026-09-01,Frontier STEM,,5,1,W,4.82,1.51,0.18,0.51,0.69,False,False
Northland Christian,2026-09-03,"Maranatha Christian(Shawnee, KS)",,0,8,L,,,,,,False,False
Northland Christian,2026-09-15,"Kansas City Christian(Prairie Village, KS)",,1,5,L,,,,,,False,False
Northland Christian,2026-09-18,Faith Christian Academy,,1,3,L,1.11,2.7,-0.11,-0.3,-0.41,False,False
Northland Christian,2026-09-22,"Bishop Ward(Kansas city, KS)",,1,6,L,,,,,,False,False
Northland Christian,2026-09-24,"Bishop Seabury(Lawrence, KS)",,,,,,,,,,False,False
Northland Christian,2026-09-29,"Heritage Christian(Olathe, KS)",,1,9,L,,,,,,False,False
Northland Christian,2026-10-01,Lutheran (Kansas City),,,,,2.83,-0.15,,,,False,False
Northland Christian,2026-10-06,Ewing Marion Kauffman with University Academy Charter,,,,,4.25,2.11,,,,False,False
Northland Christian,2026-10-09,Lutheran (Kansas City),,,,,2.83,-0.15,,,,False,False
Northland Christian,2026-10-13,"TBA(Kansas City, MO)",,,,,,,,,,False,False
Northland Christian,2026-10-15,Guadalupe Centers Charter,,,,,2.29,2.53,,,,False,False
Northland Christian,2026-10-20,"TBA(Kansas City, MO)",,,,,,,,,,False,False
Northland Christian,2026-10-22,"TBA(Kansas City, KS)",,,,,,,,,,False,False
Northland Christian,2026-10-26,Savannah,,,,,2.06,3.52,,,,False,False
Northwest (Cedar Hill),2026-08-27,St. Charles,,4,3,W,3.08,3.13,0.92,0.13,1.05,False,False
Northwest (Cedar Hill),2026-08-28,Farmington,,0,1,L,2.59,1.63,-2.59,0.63,-1.97,False,False
Northwest (Cedar Hill),2026-09-01,Lafayette (Wildwood),,3,2,W,2.64,3.39,0.36,1.39,1.76,False,False
Northwest (Cedar Hill),2026-09-03,Eureka,,5,6,L,2.26,3.01,2.74,-2.99,-0.25,False,False
Northwest (Cedar Hill),2026-09-08,Mehlville,,4,1,W,2.65,0.9,1.35,-0.1,1.25,False,False
Northwest (Cedar Hill),2026-09-10,Republic,,0,1,L,3.55,-0.49,-3.55,-1.49,-5.04,False,False
Northwest (Cedar Hill),2026-09-11,Ozark,,4,2,W,3.51,2.03,0.49,0.03,0.52,False,False
Northwest (Cedar Hill),2026-09-12,Glendale,,1,4,L,1.89,2.65,-0.89,-1.35,-2.24,False,False
Northwest (Cedar Hill),2026-09-15,Jackson,,2,1,W,2.38,2.41,-0.38,1.41,1.04,False,False
Northwest (Cedar Hill),2026-09-17,Oakville,,0,1,L,0.76,2.72,-0.76,1.72,0.95,False,False
Northwest (Cedar Hill),2026-09-22,Parkway North,,3,1,W,4.14,0.4,-1.14,-0.6,-1.75,False,False
Northwest (Cedar Hill),2026-09-23,Ritenour,,5,1,W,5.54,-1.51,-0.54,-2.51,-3.04,False,False
Northwest (Cedar Hill),2026-09-28,Affton,,7,0,W,5.76,1.36,1.24,1.36,2.6,False,False
Northwest (Cedar Hill),2026-10-01,Camdenton,,4,0,W,4.08,0.63,-0.08,0.63,0.54,False,False
Northwest (Cedar Hill),2026-10-02,Hannibal,,7,0,W,5.59,-0.16,1.41,-0.16,1.25,False,False
Northwest (Cedar Hill),2026-10-06,Lindbergh,,,,,2.07,2.26,,,,False,False
Northwest (Cedar Hill),2026-10-08,Fox,,,,,5.1,-0.73,,,,False,False
Northwest (Cedar Hill),2026-10-09,Hillsboro,,,,,6.25,-0.96,,,,False,False
Northwest (Cedar Hill),2026-10-12,Fox,,,,,5.1,-0.73,,,,False,False
Northwest (Cedar Hill),2026-10-19,Vianney,,,,,1.48,2.37,,,,False,False
Northwest (Cedar Hill),2026-10-22,Seckman,,,,,3.0,1.29,,,,False,False
Northwest (Cedar Hill),2026-10-28,Pattonville,,,,,3.55,1.78,,,,False,False
Notre Dame (Cape Girardeau),2026-08-29,John Burroughs,,2,0,W,2.28,1.99,-0.28,1.99,1.71,False,False
Notre Dame (Cape Girardeau),2026-09-01,Perryville,,5,1,W,4.88,-0.17,0.12,-1.17,-1.05,False,False
Notre Dame (Cape Girardeau),2026-09-04,Poplar Bluff,,7,0,W,5.3,0.89,1.7,0.89,2.59,False,False
Notre Dame (Cape Girardeau),2026-09-08,Central (Cape Girardeau),,8,0,W,4.86,-2.67,3.14,-2.67,0.47,False,False
Notre Dame (Cape Girardeau),2026-09-11,Kirkwood,,0,2,L,1.19,1.49,-1.19,-0.51,-1.7,False,False
Notre Dame (Cape Girardeau),2026-09-15,Saxony Lutheran with St. Vincent,,3,1,W,4.13,0.94,-1.13,-0.06,-1.2,False,False
Notre Dame (Cape Girardeau),2026-09-17,Farmington,,3,1,W,2.77,0.73,0.23,-0.27,-0.04,False,False
Notre Dame (Cape Girardeau),2026-09-21,SLUH,,1,3,L,0.93,2.55,0.07,-0.45,-0.38,False,False
Notre Dame (Cape Girardeau),2026-09-24,Dexter,,9,0,W,9.3,-4.44,-0.3,-4.44,-4.74,False,False
Notre Dame (Cape Girardeau),2026-09-25,"McCracken County(Paducah, KY)",,2,0,W,,,,,,False,False
Notre Dame (Cape Girardeau),2026-09-26,"Evansville Reitz Memorial(Evansville, IN)",,1,0,W,,,,,,False,False
Notre Dame (Cape Girardeau),2026-09-28,St. Pius X (Festus),,8,0,W,4.33,-1.41,3.67,-1.41,2.26,False,False
Notre Dame (Cape Girardeau),2026-09-30,"Carbondale(Carbondale, IL)",,6,0,W,,,,,,False,False
Notre Dame (Cape Girardeau),2026-10-06,Poplar Bluff,,,,,5.3,0.89,,,,False,False
Notre Dame (Cape Girardeau),2026-10-08,Fredericktown,,,,,6.59,-2.36,,,,False,False
Notre Dame (Cape Girardeau),2026-10-09,Rolla,,,,,4.36,-1.56,,,,False,False
Notre Dame (Cape Girardeau),2026-10-15,DeSoto,,,,,6.52,-0.77,,,,False,False
Notre Dame (Cape Girardeau),2026-10-17,Priory,,,,,2.39,0.92,,,,False,False
Notre Dame (Cape Girardeau),2026-10-19,Sikeston,,,,,2.65,1.65,,,,False,False
Notre Dame (Cape Girardeau),2026-10-27,Jackson,,,,,2.55,1.51,,,,False,False
"O'Fallon Township(O'Fallon, IL)",2026-10-01,Parkway South,,,,,,,,,,False,False
"O'Fallon(O'Fallon, IL)",2026-09-29,Timberland,,0,5,L,,,,,,False,False
"O'Fallon(O'Fallon, IL)",2026-10-03,Ft. Zumwalt South,,,,,,,,,,False,False
"O'fallon Township(O'Fallon, IL)",2026-09-10,De Smet Jesuit,,0,1,L,,,,,,False,False
Oak Grove,2026-09-01,William Chrisman,,2,1,W,1.89,1.03,0.11,0.03,0.14,False,False
Oak Grove,2026-09-03,Raytown South,,6,0,W,4.88,-0.75,1.12,-0.75,0.37,False,False
Oak Grove,2026-09-07,Lone Jack,,4,3,W,2.74,1.01,1.26,-1.99,-0.72,False,False
Oak Grove,2026-09-08,Pleasant Hill,,1,1,T,1.23,2.29,-0.23,1.29,1.07,False,False
Oak Grove,2026-09-10,Cameron,,3,0,W,4.54,0.55,-1.54,0.55,-0.98,False,False
Oak Grove,2026-09-15,Summit Christian Academy,,0,4,L,0.68,2.85,-0.68,-1.15,-1.83,False,False
Oak Grove,2026-09-16,Guadalupe Centers Charter,,3,0,W,2.2,1.41,0.8,1.41,2.21,False,False
Oak Grove,2026-09-17,Marshall,,0,5,L,0.03,3.3,-0.03,-1.7,-1.73,False,False
Oak Grove,2026-09-22,Warrensburg,,3,2,W,4.87,0.44,-1.87,-1.56,-3.43,False,False
Oak Grove,2026-09-24,Odessa,,3,0,W,3.98,0.08,-0.98,0.08,-0.9,False,False
Oak Grove,2026-09-28,Excelsior Springs,,1,2,L,1.38,3.05,-0.38,1.05,0.66,False,False
Oak Grove,2026-09-29,Fort Osage,,1,3,L,0.14,3.31,0.86,0.31,1.17,False,False
Oak Grove,2026-10-01,Harrisonville,,,,,1.69,2.19,,,,False,False
Oak Grove,2026-10-05,Boonville,,,,,2.18,1.89,,,,False,False
Oak Grove,2026-10-06,Clinton,,,,,1.58,2.0,,,,False,False
Oak Grove,2026-10-08,Knob Noster,,,,,6.62,-1.95,,,,False,False
Oak Grove,2026-10-14,St. Paul Lutheran (Concordia),,,,,1.86,2.4,,,,False,False
Oak Grove,2026-10-15,Center,,,,,2.21,2.61,,,,False,False
Oak Grove,2026-10-20,Pleasant Hill,,,,,1.23,2.29,,,,False,False
Oak Grove,2026-10-22,Smith-Cotton,,,,,1.08,3.49,,,,False,False
Oak Grove,2026-10-24,Harrisonville,,,,,1.69,2.19,,,,False,False
Oak Grove,2026-10-26,Summit Christian Academy,,,,,0.68,2.85,,,,False,False
Oak Grove,2026-10-28,La Monte,,,,,4.12,-1.58,,,,False,False
Oak Park,2026-08-28,Father Tolton,,2,3,L,0.78,3.25,1.22,0.25,1.47,False,False
Oak Park,2026-08-29,Northeast (Kansas City),,1,2,L,0.08,4.67,0.92,2.67,3.59,False,False
Oak Park,2026-09-01,Grain Valley,,3,1,W,1.64,2.41,1.36,1.41,2.78,False,False
Oak Park,2026-09-03,Liberty North,,0,8,L,-1.13,4.76,1.13,-3.24,-2.12,False,False
Oak Park,2026-09-08,Platte County,,4,1,W,2.58,1.49,1.42,0.49,1.92,False,False
Oak Park,2026-09-10,Winnetonka,,3,1,W,3.61,0.24,-0.61,-0.76,-1.37,False,False
Oak Park,2026-09-15,Ruskin,,5,1,W,4.97,-1.0,0.03,-2.0,-1.97,False,False
Oak Park,2026-09-17,Staley,,0,2,L,-0.04,2.36,0.04,0.36,0.39,False,False
Oak Park,2026-09-18,Logan-Rogersville,,0,5,L,0.43,3.79,-0.43,-1.21,-1.63,False,False
Oak Park,2026-09-18,Trinity Academy,,3,0,W,,,,,,False,False
Oak Park,2026-09-19,Lebanon,,1,0,W,3.04,1.07,-2.04,1.07,-0.97,False,False
Oak Park,2026-09-22,William Chrisman,,2,1,W,2.65,0.1,-0.65,-0.9,-1.55,False,False
Oak Park,2026-09-24,Kearney,,1,0,W,3.62,1.72,-2.62,1.72,-0.9,False,False
Oak Park,2026-09-28,Park Hill,,1,5,L,0.12,2.66,0.88,-2.34,-1.45,False,False
Oak Park,2026-10-01,Lee's Summit North,,0,6,L,0.42,3.66,-0.42,-2.34,-2.76,False,False
Oak Park,2026-10-06,Willard,,,,,2.41,0.85,,,,False,False
Oak Park,2026-10-07,Raytown,,,,,4.59,3.37,,,,False,False
Oak Park,2026-10-13,Liberty,,,,,-0.4,4.29,,,,False,False
Oak Park,2026-10-15,North Kansas City,,,,,1.63,1.96,,,,False,False
Oak Park,2026-10-20,Central (St. Joseph),,,,,1.11,1.71,,,,False,False
Oak Park,2026-10-22,Park Hill South,,,,,-0.79,3.89,,,,False,False
Oak Park,2026-10-27,Park Hill South,,,,,-0.79,3.89,,,,False,False
Oakville,2026-09-01,Jackson,,1,0,W,2.46,0.54,-1.46,0.54,-0.92,False,False
Oakville,2026-09-03,Mehlville,,2,0,W,2.74,-0.97,-0.74,-0.97,-1.71,False,False
Oakville,2026-09-08,Francis Howell,,2,0,W,2.31,0.29,-0.31,0.29,-0.02,False,False
Oakville,2026-09-10,Vianney,,0,1,L,1.56,0.5,-1.56,-0.5,-2.05,False,False
Oakville,2026-09-15,Marquette,,3,2,W,1.46,1.22,1.54,-0.78,0.76,False,False
Oakville,2026-09-17,Northwest (Cedar Hill),,1,0,W,2.72,0.76,-1.72,0.76,-0.95,False,False
Oakville,2026-09-22,Eureka,,3,1,W,2.34,1.14,0.66,0.14,0.8,False,False
Oakville,2026-09-24,Kirkwood,,1,0,W,1.1,0.52,-0.1,0.52,0.42,False,False
Oakville,2026-09-26,SLUH,,0,1,L,0.84,1.58,-0.84,0.58,-0.26,False,False
Oakville,2026-09-28,Parkway Central,,5,0,W,2.87,-1.29,2.13,-1.29,0.85,False,False
Oakville,2026-10-01,Rockwood Summit,,6,1,W,2.74,0.65,3.26,-0.35,2.91,False,False
Oakville,2026-10-03,Christian Brothers College,,,,,1.29,0.86,,,,False,False
Oakville,2026-10-06,Parkway West,,,,,1.42,0.42,,,,False,False
Oakville,2026-10-08,Lindbergh,,,,,2.15,0.39,,,,False,False
Oakville,2026-10-10,Priory,,,,,2.3,-0.05,,,,False,False
Oakville,2026-10-13,Liberty (Wentzville),,,,,3.53,0.07,,,,False,False
Oakville,2026-10-20,Fox,,,,,5.18,-2.6,,,,False,False
Oakville,2026-10-22,Ladue Horton Watkins,,,,,1.97,0.98,,,,False,False
Oakville,2026-10-26,Seckman,,,,,3.08,-0.58,,,,False,False
Odessa,2026-08-28,Paseo Academy,,0,1,L,2.56,1.94,-2.56,0.94,-1.62,False,False
Odessa,2026-08-29,Bolivar,,2,10,L,-0.28,4.3,2.28,-5.7,-3.41,False,False
Odessa,2026-09-02,William Chrisman,,2,3,L,0.14,3.18,1.86,0.18,2.04,False,False
Odessa,2026-09-03,Benton,,1,5,L,1.87,4.3,-0.87,-0.7,-1.57,False,False
Odessa,2026-09-08,Summit Christian Academy,,2,10,L,-1.08,4.99,3.08,-5.01,-1.93,False,False
Odessa,2026-09-10,Savannah,,1,4,L,0.21,4.54,0.79,0.54,1.33,False,False
Odessa,2026-09-15,Green Ridge with Cole Camp,,3,1,W,3.12,1.08,-0.12,0.08,-0.04,False,False
Odessa,2026-09-17,Knob Noster,,4,0,W,4.87,0.19,-0.87,0.19,-0.67,False,False
Odessa,2026-09-23,Smithton,,3,2,W,2.32,1.77,0.68,-0.23,0.44,False,False
Odessa,2026-09-24,Oak Grove,,0,3,L,0.08,3.98,-0.08,0.98,0.9,False,False
Odessa,2026-09-28,Cameron,,3,1,W,2.78,2.7,0.22,1.7,1.92,False,False
Odessa,2026-10-01,Pleasant Hill,,,,,-0.53,4.44,,,,False,False
Odessa,2026-10-06,Warrensburg,,,,,3.12,2.59,,,,False,False
Odessa,2026-10-08,Center,,,,,0.46,4.76,,,,False,False
Odessa,2026-10-14,Ewing Marion Kauffman with University Academy Charter,,,,,2.4,3.13,,,,False,False
Odessa,2026-10-15,Harrisonville,,,,,-0.06,4.33,,,,False,False
Odessa,2026-10-20,Clinton,,,,,-0.18,4.15,,,,False,False
Odessa,2026-10-21,St. Paul Lutheran (Concordia),,,,,0.1,4.54,,,,False,False
Odessa,2026-10-26,Raytown South,,,,,3.13,1.39,,,,False,False
Odessa,2026-10-27,Pleasant Hill,,,,,-0.53,4.44,,,,False,False
"Olathe NW HS(Olathe, KS)",2026-09-10,Lee's Summit North,,7,0,W,,,,,,False,False
"Olathe Northwest(Olathe, KS)",2026-09-07,Rockhurst,,0,2,L,,,,,,False,False
"Olathe South HS(Olathe, KS)",2026-09-12,Lee's Summit North,,8,0,W,,,,,,False,False
"Olathe West(Olathe, KS)",2026-08-28,Pembroke Hill,,4,1,W,,,,,,False,False
"Olathe West(Olathe, KS)",2026-09-01,Park Hill,,2,1,W,,,,,,False,False
Orchard Farm,2026-08-27,"Belleville West(Belleville, IL)",,1,0,W,,,,,,False,False
Orchard Farm,2026-08-29,"Alton Marquette(Alton, IL)",,1,3,L,,,,,,False,False
Orchard Farm,2026-08-29,"Collinsville(Collinsville, IL)",,3,2,W,,,,,,False,False
Orchard Farm,2026-09-01,Winfield,,6,0,W,4.13,-1.24,1.87,-1.24,0.63,False,False
Orchard Farm,2026-09-03,St. Charles West,,6,0,W,2.96,-1.48,3.04,-1.48,1.56,False,False
Orchard Farm,2026-09-04,"Althoff Catholic(belleville, IL)",,0,3,L,,,,,,False,False
Orchard Farm,2026-09-05,"Rochester(Rochester, IL)",,3,1,W,,,,,,False,False
Orchard Farm,2026-09-08,Warrenton,,2,1,W,2.87,0.41,-0.87,-0.59,-1.46,False,False
Orchard Farm,2026-09-10,St. Charles,,3,1,W,1.2,2.85,1.8,1.85,3.65,False,False
Orchard Farm,2026-09-15,Holt,,3,0,W,3.54,-0.74,-0.54,-0.74,-1.28,False,False
Orchard Farm,2026-09-22,Westminster Christian Academy,,0,1,L,1.59,1.18,-1.59,0.18,-1.41,False,False
Orchard Farm,2026-09-24,St. Louis United,,2,0,W,,,,,,False,False
Orchard Farm,2026-09-29,Duchesne,,2,0,W,3.55,-0.72,-1.55,-0.72,-2.26,False,False
Orchard Farm,2026-10-02,St. Pius X (Festus),,,,,2.27,-0.8,,,,False,False
Orchard Farm,2026-10-06,Clayton,,,,,-0.11,2.25,,,,False,False
Orchard Farm,2026-10-08,Troy Buchanan,,,,,0.33,0.66,,,,False,False
Orchard Farm,2026-10-13,"Collinsville HS(Collinsville, IL)",,,,,,,,,,False,False
Orchard Farm,2026-10-15,Washington,,,,,2.89,-0.56,,,,False,False
Orchard Farm,2026-10-20,Collegiate School of Med-Bio Science with McKinley Classical Leadership,,,,,3.51,-1.16,,,,False,False
Orchard Farm,2026-10-26,Jefferson City,,,,,3.45,-0.52,,,,False,False
Osage,2026-08-27,Battle with Columbia Independent,,0,7,L,0.27,4.14,-0.27,-2.86,-3.13,False,False
Osage,2026-09-01,Southern Boone,,2,3,L,1.11,3.98,0.89,0.98,1.87,False,False
Osage,2026-09-08,Sullivan,,3,4,L,1.84,3.1,1.16,-0.9,0.26,False,False
Osage,2026-09-10,Bolivar,,0,2,L,1.13,3.46,-1.13,1.46,0.33,False,False
Osage,2026-09-14,Sacred Heart,,8,0,W,3.68,0.61,4.32,0.61,4.93,False,False
Osage,2026-09-15,Clinton,,3,4,L,1.23,3.3,1.77,-0.7,1.07,False,False
Osage,2026-09-17,Camdenton,,0,7,L,0.63,4.24,-0.63,-2.76,-3.39,False,False
Osage,2026-09-21,Jefferson City,,0,3,L,1.88,3.37,-1.88,0.37,-1.5,False,False
Osage,2026-09-24,Smith-Cotton,,0,4,L,0.74,4.79,-0.74,0.79,0.05,False,False
Osage,2026-09-29,Boonville,,0,1,L,1.84,3.19,-1.84,2.19,0.35,False,False
Osage,2026-10-02,Central (Springfield),,0,5,L,0.78,3.69,-0.78,-1.31,-2.1,False,False
Osage,2026-10-05,Capital City,,,,,0.98,4.01,,,,False,False
Osage,2026-10-06,Mexico,,,,,4.64,0.89,,,,False,False
Osage,2026-10-08,Crocker,,,,,3.41,2.9,,,,False,False
Osage,2026-10-13,Laquey with Richland,,,,,2.09,2.41,,,,False,False
Osage,2026-10-15,Father Tolton,,,,,-0.32,5.48,,,,False,False
Osage,2026-10-19,Helias Catholic,,,,,-1.52,5.46,,,,False,False
Osage,2026-10-22,Fatima,,,,,5.06,-0.25,,,,False,False
Osage,2026-10-27,Fulton,,,,,3.1,1.3,,,,False,False
Osage,2026-10-29,Eugene,,,,,5.08,0.09,,,,False,False
Ozark,2026-08-27,Capital City,,5,2,W,3.83,1.28,1.17,-0.72,0.45,False,False
Ozark,2026-09-01,Logan-Rogersville,,3,4,L,2.17,3.3,0.83,-0.7,0.12,False,False
Ozark,2026-09-03,Helias Catholic,,0,1,L,1.33,2.73,-1.33,1.73,0.4,False,False
Ozark,2026-09-08,Branson,,4,5,L,3.16,1.68,0.84,-3.32,-2.47,False,False
Ozark,2026-09-10,Liberty North,,0,4,L,0.62,4.26,-0.62,0.26,-0.37,False,False
Ozark,2026-09-11,Northwest (Cedar Hill),,2,4,L,2.03,3.51,-0.03,-0.49,-0.52,False,False
Ozark,2026-09-15,Waynesville,,2,0,W,3.98,0.27,-1.98,0.27,-1.71,False,False
Ozark,2026-09-17,Chaminade College Prep,,1,4,L,0.31,4.13,0.69,0.13,0.82,False,False
Ozark,2026-09-22,Willard,,8,0,W,4.16,0.35,3.84,0.35,4.19,False,False
Ozark,2026-09-24,Carthage,,1,0,W,2.0,1.94,-1.0,1.94,0.95,False,False
Ozark,2026-09-28,Springfield Catholic,,2,3,L,2.4,2.73,-0.4,-0.27,-0.67,False,False
Ozark,2026-09-29,Neosho,,3,0,W,3.45,1.01,-0.45,1.01,0.56,False,False
Ozark,2026-10-02,Hickman,,,,,2.56,3.03,,,,False,False
Ozark,2026-10-03,Washington,,,,,4.17,0.6,,,,False,False
Ozark,2026-10-06,Republic,,,,,2.94,0.38,,,,False,False
Ozark,2026-10-08,Webb City,,,,,4.35,-0.4,,,,False,False
Ozark,2026-10-09,Rock Bridge,,,,,1.8,3.51,,,,False,False
Ozark,2026-10-10,Hickman,,,,,2.56,3.03,,,,False,False
Ozark,2026-10-13,Kickapoo,,,,,4.21,1.29,,,,False,False
Ozark,2026-10-16,"Blue Valley North(Lenexa , KS)",,,,,,,,,,False,False
Ozark,2026-10-17,Rockhurst,,,,,-0.2,5.36,,,,False,False
Ozark,2026-10-19,Glendale,,,,,1.29,3.53,,,,False,False
Ozark,2026-10-22,Lebanon,,,,,4.79,0.57,,,,False,False
Ozark,2026-10-27,Nixa,,,,,1.29,3.66,,,,False,False
Ozark,2026-10-29,Joplin,,,,,3.04,1.03,,,,False,False
Pacific,2026-09-01,Fredericktown,,4,1,W,2.28,1.12,1.72,0.12,1.84,False,False
Pacific,2026-09-02,North County,,5,0,W,3.63,-0.28,1.37,-0.28,1.09,False,False
Pacific,2026-09-03,Festus,,2,0,W,1.52,0.38,0.48,0.38,0.86,False,False
Pacific,2026-09-09,Wright City,,1,3,L,2.27,0.23,-1.27,-2.77,-4.04,False,False
Pacific,2026-09-10,Laquey with Richland,,1,2,L,1.39,1.38,-0.39,-0.62,-1.02,False,False
Pacific,2026-09-14,Rolla,,2,1,W,0.04,1.92,1.96,0.92,2.88,False,False
Pacific,2026-09-15,Fredericktown,,1,0,W,2.28,1.12,-1.28,1.12,-0.16,False,False
Pacific,2026-09-17,St. Charles West,,0,1,L,0.7,1.38,-0.7,0.38,-0.32,False,False
Pacific,2026-09-21,Washington,,0,2,L,0.63,2.3,-0.63,0.3,-0.32,False,False
Pacific,2026-09-22,Warrenton,,1,3,L,0.61,3.28,0.39,0.28,0.66,False,False
Pacific,2026-09-29,Sullivan,,1,2,L,1.15,2.07,-0.15,0.07,-0.08,False,False
Pacific,2026-10-01,Union,,0,2,L,0.46,1.69,-0.46,-0.31,-0.77,False,False
Pacific,2026-10-05,North County,,,,,3.63,-0.28,,,,False,False
Pacific,2026-10-06,Sullivan,,,,,1.15,2.07,,,,False,False
Pacific,2026-10-08,St. Francis Borgia,,,,,1.15,2.1,,,,False,False
Pacific,2026-10-13,St. Louis United,,,,,,,,,,False,False
Pacific,2026-10-19,Winfield,,,,,1.87,1.63,,,,False,False
Pacific,2026-10-22,Union,,,,,0.46,1.69,,,,False,False
Pacific,2026-10-26,Gateway with Soldan International Studies,,,,,1.86,0.45,,,,False,False
Park Hill,2026-08-31,Lincoln College Prep,,0,2,L,2.24,2.53,-2.24,0.53,-1.72,False,False
Park Hill,2026-09-01,"Olathe West(Olathe, KS)",,1,2,L,,,,,,False,False
Park Hill,2026-09-02,Platte County,,4,0,W,3.58,-0.05,0.42,-0.05,0.37,False,False
Park Hill,2026-09-03,Blue Springs South,,0,4,L,0.4,3.07,-0.4,-0.93,-1.32,False,False
Park Hill,2026-09-08,Lee's Summit West,,0,4,L,0.2,2.58,-0.2,-1.42,-1.61,False,False
Park Hill,2026-09-15,Central (St. Joseph),,1,0,W,2.11,0.17,-1.11,0.17,-0.95,False,False
Park Hill,2026-09-17,Liberty North,,1,5,L,-0.12,3.21,1.12,-1.79,-0.66,False,False
Park Hill,2026-09-22,Staley,,2,0,W,0.97,0.81,1.03,0.81,1.85,False,False
Park Hill,2026-09-23,Smithville,,6,0,W,2.77,-0.66,3.23,-0.66,2.57,False,False
Park Hill,2026-09-24,Van Horn,,0,2,L,0.67,3.13,-0.67,1.13,0.46,False,False
Park Hill,2026-09-28,Oak Park,,5,1,W,2.66,0.12,2.34,-0.88,1.45,False,False
Park Hill,2026-09-29,Blue Springs South,,1,2,L,0.4,3.07,0.6,1.07,1.68,False,False
Park Hill,2026-10-01,North Kansas City,,1,0,W,2.63,0.42,-1.63,0.42,-1.21,False,False
Park Hill,2026-10-08,Liberty,,,,,0.6,2.75,,,,False,False
Park Hill,2026-10-13,Lee's Summit,,,,,-0.55,3.2,,,,False,False
Park Hill,2026-10-15,Park Hill South,,,,,0.21,2.34,,,,False,False
Park Hill,2026-10-20,Blue Springs,,,,,0.78,2.48,,,,False,False
Park Hill,2026-10-22,Lee's Summit North,,,,,1.42,2.12,,,,False,False
Park Hill,2026-10-27,Staley,,,,,0.97,0.81,,,,False,False
Park Hill South,2026-09-01,Rockhurst,,0,2,L,0.28,3.41,-0.28,1.41,1.13,False,False
Park Hill South,2026-09-03,Truman,,8,0,W,5.91,-1.0,2.09,-1.0,1.09,False,False
Park Hill South,2026-09-08,Lee's Summit,,0,3,L,0.67,2.29,-0.67,-0.71,-1.38,False,False
Park Hill South,2026-09-09,St. Michael the Archangel,,1,3,L,3.02,0.4,-2.02,-2.6,-4.63,False,False
Park Hill South,2026-09-15,Raymore-Peculiar,,2,0,W,2.27,-0.14,-0.27,-0.14,-0.41,False,False
Park Hill South,2026-09-18,Blue Springs South,,2,1,W,1.62,2.17,0.38,1.17,1.54,False,False
Park Hill South,2026-09-22,Lee's Summit West,,1,2,L,1.42,1.68,-0.42,-0.32,-0.74,False,False
Park Hill South,2026-09-24,Liberty,,3,1,W,1.83,1.84,1.17,0.84,2.01,False,False
Park Hill South,2026-09-29,Staley,,3,0,W,2.19,-0.09,0.81,-0.09,0.71,False,False
Park Hill South,2026-10-05,"Blue Valley Southwest(Overland Park, KS)",,,,,,,,,,False,False
Park Hill South,2026-10-06,Smithville,,,,,3.99,-1.56,,,,False,False
Park Hill South,2026-10-08,Central (St. Joseph),,,,,3.34,-0.74,,,,False,False
Park Hill South,2026-10-13,Lee's Summit North,,,,,2.65,1.21,,,,False,False
Park Hill South,2026-10-15,Park Hill,,,,,2.34,0.21,,,,False,False
Park Hill South,2026-10-19,"St. Thomas Aquinas(Overland Park, KS)",,,,,,,,,,False,False
Park Hill South,2026-10-20,North Kansas City,,,,,3.86,-0.49,,,,False,False
Park Hill South,2026-10-22,Oak Park,,,,,3.89,-0.79,,,,False,False
Park Hill South,2026-10-23,Rock Bridge,,,,,2.28,1.56,,,,False,False
Park Hill South,2026-10-24,Hickman,,,,,3.04,1.08,,,,False,False
Park Hill South,2026-10-27,Oak Park,,,,,3.89,-0.79,,,,False,False
Parkview,2026-08-27,New Heights Christian with McAuley Catholic,,1,3,L,2.14,0.97,-1.14,-2.03,-3.16,False,False
Parkview,2026-09-03,Hillcrest,,4,0,W,3.7,1.29,0.3,1.29,1.59,False,False
Parkview,2026-09-05,Hickman,,1,3,L,0.79,4.5,0.21,1.5,1.7,False,False
Parkview,2026-09-08,Republic,,1,3,L,1.17,1.85,-0.17,-1.15,-1.32,False,False
Parkview,2026-09-11,Camdenton,,2,1,W,1.71,2.97,0.29,1.97,2.26,False,False
Parkview,2026-09-11,Trinity Academy,,0,1,L,,,,,,False,False
Parkview,2026-09-12,Aurora,,5,0,W,4.01,0.17,0.99,0.17,1.16,False,False
Parkview,2026-09-14,Cassville,,3,0,W,2.16,1.17,0.84,1.17,2.01,False,False
Parkview,2026-09-15,Willard,,2,1,W,2.39,1.82,-0.39,0.82,0.43,False,False
Parkview,2026-09-17,Greenwood,,3,0,W,2.27,1.76,0.73,1.76,2.49,False,False
Parkview,2026-09-24,Aurora,,4,1,W,4.01,0.17,-0.01,-0.83,-0.84,False,False
Parkview,2026-09-30,Fair Grove,,2,8,L,2.94,4.03,-0.94,-3.97,-4.91,False,False
Parkview,2026-10-05,Laquey with Richland,,,,,3.17,1.14,,,,False,False
Parkview,2026-10-07,Kickapoo,,,,,2.44,2.76,,,,False,False
Parkview,2026-10-08,New Covenant Academy,,,,,2.92,1.17,,,,False,False
Parkview,2026-10-10,Branson,,,,,1.39,3.15,,,,False,False
Parkview,2026-10-14,Fair Grove,,,,,2.94,4.03,,,,False,False
Parkview,2026-10-16,Rolla,,,,,1.81,1.69,,,,False,False
Parkview,2026-10-20,Central (Springfield),,,,,1.86,2.42,,,,False,False
Parkview,2026-10-22,Logan-Rogersville,,,,,0.41,4.76,,,,False,False
Parkview,2026-10-27,Monett,,,,,1.84,2.87,,,,False,False
Parkview,2026-10-29,Waynesville,,,,,2.21,1.74,,,,False,False
Parkway Central,2026-08-28,MICDS,,,2,,1.1,1.16,,,,False,False
Parkway Central,2026-09-01,Whitfield,,5,0,W,2.66,0.57,2.34,0.57,2.91,False,False
Parkway Central,2026-09-03,Principia,,0,1,L,0.71,0.87,-0.71,-0.13,-0.84,False,False
Parkway Central,2026-09-08,Ft. Zumwalt East,,1,0,W,0.74,0.6,0.26,0.6,0.86,False,False
Parkway Central,2026-09-14,Christian Brothers College,,0,2,L,-0.84,2.88,0.84,0.88,1.72,False,False
Parkway Central,2026-09-15,Pattonville,,0,1,L,1.5,1.93,-1.5,0.93,-0.57,False,False
Parkway Central,2026-09-17,Eureka,,0,6,L,0.21,3.16,-0.21,-2.84,-3.05,False,False
Parkway Central,2026-09-23,Webster Groves,,0,2,L,0.41,2.1,-0.41,0.1,-0.31,False,False
Parkway Central,2026-09-28,Oakville,,0,5,L,-1.29,2.87,1.29,-2.13,-0.85,False,False
Parkway Central,2026-10-03,Clayton,,,,,-0.27,2.69,,,,False,False
Parkway Central,2026-10-06,North Point,,,,,1.62,2.38,,,,False,False
Parkway Central,2026-10-08,Mehlville,,,,,0.6,1.05,,,,False,False
Parkway Central,2026-10-09,Westminster Christian Academy,,,,,1.43,1.61,,,,False,False
Parkway Central,2026-10-12,Parkway North,,,,,2.09,0.55,,,,False,False
Parkway Central,2026-10-14,Parkway West,,,,,-0.71,2.44,,,,False,False
Parkway Central,2026-10-15,John Burroughs,,,,,0.05,3.04,,,,False,False
Parkway Central,2026-10-21,Lafayette (Wildwood),,,,,0.59,3.55,,,,False,False
Parkway Central,2026-10-22,Francis Howell North,,,,,0.82,2.04,,,,False,False
Parkway Central,2026-10-27,Parkway South,,,,,0.31,1.83,,,,False,False
Parkway Central,2026-10-28,Ladue Horton Watkins,,,,,-0.16,3.0,,,,False,False
Parkway North,2026-08-27,"Collinsville(Collinsville, IL)",,1,4,L,,,,,,False,False
Parkway North,2026-08-29,"Belleville West(Belleville, IL)",,1,3,L,,,,,,False,False
Parkway North,2026-08-29,"Civic Memorial(Bethalto, IL)",,0,2,L,,,,,,False,False
Parkway North,2026-09-03,Maplewood-Richmond Hts.,,0,2,L,1.22,2.71,-1.22,0.71,-0.51,False,False
Parkway North,2026-09-09,"Alton(Alton, IL)",,0,1,L,,,,,,False,False
Parkway North,2026-09-10,Seckman,,0,8,L,0.76,2.8,-0.76,-5.2,-5.96,False,False
Parkway North,2026-09-17,Roosevelt,,3,0,W,4.16,-1.01,-1.16,-1.01,-2.17,False,False
Parkway North,2026-09-22,Northwest (Cedar Hill),,1,3,L,0.4,4.14,0.6,1.14,1.75,False,False
Parkway North,2026-09-25,Whitfield,,1,0,W,2.47,1.92,-1.47,1.92,0.45,False,False
Parkway North,2026-09-28,Hazelwood West,,4,1,W,,,,,,False,False
Parkway North,2026-10-01,Holt,,2,1,W,3.18,1.05,-1.18,0.05,-1.13,False,False
Parkway North,2026-10-02,Capital City,,6,1,W,2.19,1.91,3.81,0.91,4.71,False,False
Parkway North,2026-10-05,Duchesne,,,,,3.19,1.08,,,,False,False
Parkway North,2026-10-07,Fox,,,,,2.86,0.78,,,,False,False
Parkway North,2026-10-08,Pattonville,,,,,1.31,3.28,,,,False,False
Parkway North,2026-10-12,Parkway Central,,,,,0.55,2.09,,,,False,False
Parkway North,2026-10-14,Hillsboro,,,,,4.01,0.55,,,,False,False
Parkway North,2026-10-15,Affton,,,,,3.52,2.87,,,,False,False
Parkway North,2026-10-20,St. Charles,,,,,0.84,4.64,,,,False,False
Parkway North,2026-10-21,Ritenour,,,,,3.3,0.0,,,,False,False
Parkway North,2026-10-27,St. Charles West,,,,,2.61,0.31,,,,False,False
Parkway North,2026-10-29,North Point,,,,,1.43,3.74,,,,False,False
Parkway South,2026-09-01,Seckman,,,,,2.05,1.02,,,,False,False
Parkway South,2026-09-03,Pattonville,,2,1,W,2.6,1.5,-0.6,0.5,-0.09,False,False
Parkway South,2026-09-10,Webster Groves,,1,2,L,1.51,1.68,-0.51,-0.32,-0.84,False,False
Parkway South,2026-09-15,Clayton,,3,4,L,0.82,2.26,2.18,-1.74,0.44,False,False
Parkway South,2026-09-17,Mehlville,,1,1,T,1.7,0.63,-0.7,-0.37,-1.08,False,False
Parkway South,2026-09-23,Lafayette (Wildwood),,2,4,L,1.68,3.12,0.32,-0.88,-0.56,False,False
Parkway South,2026-09-25,Nixa,,1,2,L,0.94,2.5,0.06,0.5,0.56,False,False
Parkway South,2026-09-29,Ft. Zumwalt South,,1,0,W,1.42,2.02,-0.42,2.02,1.6,False,False
Parkway South,2026-10-01,"O'Fallon Township(O'Fallon, IL)",,,,,,,,,,False,False
Parkway South,2026-10-03,SLUH,,,,,-0.19,3.18,,,,False,False
Parkway South,2026-10-08,Parkway West,,,,,0.39,2.02,,,,False,False
Parkway South,2026-10-12,MICDS,,,,,2.2,0.74,,,,False,False
Parkway South,2026-10-19,Marquette,,,,,0.43,2.82,,,,False,False
Parkway South,2026-10-21,Eureka,,,,,1.3,2.73,,,,False,False
Parkway South,2026-10-27,Parkway Central,,,,,1.83,0.31,,,,False,False
Parkway South,2026-10-28,Kirkwood,,,,,0.06,2.12,,,,False,False
Parkway West,2026-08-28,Ft. Zumwalt South,,3,0,W,2.03,1.0,0.97,1.0,1.98,False,False
Parkway West,2026-08-31,Francis Howell Central,,0,2,L,1.19,1.93,-1.19,-0.07,-1.26,False,False
Parkway West,2026-09-01,Kirkwood,,1,0,W,0.67,1.1,0.33,1.1,1.43,False,False
Parkway West,2026-09-02,Marquette,,0,3,L,1.04,1.8,-1.04,-1.2,-2.24,False,False
Parkway West,2026-09-08,Ritenour,,9,1,W,5.19,-2.8,3.81,-3.8,0.01,False,False
Parkway West,2026-09-10,Eureka,,2,1,W,1.91,1.71,0.09,0.71,0.8,False,False
Parkway West,2026-09-15,Rockwood Summit,,1,1,T,2.32,1.23,-1.32,0.23,-1.09,False,False
Parkway West,2026-09-16,Webster Groves,,3,2,W,2.12,0.65,0.88,-1.35,-0.46,False,False
Parkway West,2026-09-22,Chaminade College Prep,,0,2,L,0.57,1.96,-0.57,-0.04,-0.61,False,False
Parkway West,2026-09-23,Mehlville,,4,0,W,2.31,-0.39,1.69,-0.39,1.3,False,False
Parkway West,2026-09-24,Seckman,,,,,2.65,-0.0,,,,False,False
Parkway West,2026-09-28,Francis Howell North,,1,0,W,2.53,0.59,-1.53,0.59,-0.94,False,False
Parkway West,2026-09-29,Ft. Zumwalt East,,4,0,W,2.45,-0.84,1.55,-0.84,0.71,False,False
Parkway West,2026-10-01,Lafayette (Wildwood),,3,2,W,2.29,2.1,0.71,0.1,0.81,False,False
Parkway West,2026-10-05,Seckman,,,,,2.65,-0.0,,,,False,False
Parkway West,2026-10-06,Oakville,,,,,0.42,1.42,,,,False,False
Parkway West,2026-10-08,Parkway South,,,,,2.02,0.39,,,,False,False
Parkway West,2026-10-13,Francis Howell North,,,,,2.53,0.59,,,,False,False
Parkway West,2026-10-14,Parkway Central,,,,,2.44,-0.71,,,,False,False
Parkway West,2026-10-20,Timberland,,,,,2.04,-0.17,,,,False,False
Parkway West,2026-10-22,Clayton,,,,,1.43,1.24,,,,False,False
Parkway West,2026-10-24,Ladue Horton Watkins,,,,,1.54,1.56,,,,False,False
Parkway West,2026-10-26,Pattonville,,,,,3.21,0.48,,,,False,False
Paseo Academy,2026-08-28,Odessa,,1,0,W,1.94,2.56,-0.94,2.56,1.62,False,False
Paseo Academy,2026-08-29,Moberly,,1,6,L,-0.02,4.32,1.02,-1.68,-0.66,False,False
Paseo Academy,2026-09-01,Cristo Rey,,1,3,L,2.8,2.44,-1.8,-0.56,-2.36,False,False
Paseo Academy,2026-09-03,Capital City,,0,8,L,-0.72,5.19,0.72,-2.81,-2.09,False,False
Paseo Academy,2026-09-08,East (Kansas City),,0,8,L,0.05,6.32,-0.05,-1.68,-1.73,False,False
Paseo Academy,2026-09-11,Calvary Lutheran,,6,5,W,7.45,1.8,-1.45,-3.2,-4.65,False,False
Paseo Academy,2026-09-17,Raytown South,,4,2,W,2.84,1.72,1.16,-0.28,0.88,False,False
Paseo Academy,2026-09-21,Northeast (Kansas City),,0,9,L,-2.72,8.08,2.72,-0.92,1.8,False,False
Paseo Academy,2026-09-25,Christian Fellowship Sr. with Hallsville,,2,1,W,1.47,3.01,0.53,2.01,2.54,False,False
Paseo Academy,2026-09-26,Moberly,,2,4,L,-0.02,4.32,2.02,0.32,2.34,False,False
Paseo Academy,2026-09-26,Missouri Military Academy,,1,7,L,0.42,4.1,0.58,-2.9,-2.32,False,False
Paseo Academy,2026-10-05,Knob Noster,,,,,4.58,0.53,,,,False,False
Paseo Academy,2026-10-08,Ewing Marion Kauffman with University Academy Charter,,,,,2.11,3.46,,,,False,False
Paseo Academy,2026-10-13,Stover,,,,,0.61,4.28,,,,False,False
Paseo Academy,2026-10-15,Frontier STEM,,,,,2.69,2.86,,,,False,False
Paseo Academy,2026-10-17,Thomas Jefferson Independent Day,,,,,-0.46,3.96,,,,False,False
Paseo Academy,2026-10-20,La Monte,,,,,2.08,0.9,,,,False,False
Paseo Academy,2026-10-22,"FL Schlagle(Kansas City, KS)",,,,,,,,,,False,False
Paseo Academy,2026-10-24,Marshall,,,,,-2.01,5.78,,,,False,False
Paseo Academy,2026-10-27,Ruskin,,,,,2.17,2.41,,,,False,False
Paseo Academy,2026-10-29,Central (Kansas City),,,,,1.24,5.0,,,,False,False
Pattonville,2026-08-31,Lafayette (Wildwood),,3,5,L,1.78,4.31,1.22,-0.69,0.53,False,False
Pattonville,2026-09-01,Troy Buchanan,,1,2,L,1.36,1.86,-0.36,-0.14,-0.5,False,False
Pattonville,2026-09-03,Parkway South,,1,2,L,1.5,2.6,-0.5,0.6,0.09,False,False
Pattonville,2026-09-08,Westminster Christian Academy,,3,1,W,2.62,2.38,0.38,1.38,1.76,False,False
Pattonville,2026-09-10,Fox,,5,1,W,4.24,0.19,0.76,-0.81,-0.05,False,False
Pattonville,2026-09-15,Parkway Central,,1,0,W,1.93,1.5,-0.93,1.5,0.57,False,False
Pattonville,2026-09-17,Ritenour,,7,2,W,4.68,-0.59,2.32,-2.59,-0.27,False,False
Pattonville,2026-09-18,Hazelwood West,,10,3,W,,,,,,False,False
Pattonville,2026-09-22,North Point,,3,4,L,2.81,3.15,0.19,-0.85,-0.67,False,False
Pattonville,2026-09-24,St. Charles,,1,5,L,2.22,4.05,-1.22,-0.95,-2.17,False,False
Pattonville,2026-09-25,St. Charles West,,4,0,W,3.99,-0.28,0.01,-0.28,-0.27,False,False
Pattonville,2026-09-28,Duchesne,,5,1,W,4.58,0.48,0.42,-0.52,-0.09,False,False
Pattonville,2026-10-01,St. Charles West,,5,0,W,3.99,-0.28,1.01,-0.28,0.73,False,False
Pattonville,2026-10-06,St. Charles,,,,,2.22,4.05,,,,False,False
Pattonville,2026-10-08,Parkway North,,,,,3.28,1.31,,,,False,False
Pattonville,2026-10-12,Holt,,,,,4.57,0.46,,,,False,False
Pattonville,2026-10-15,Ft. Zumwalt North,,,,,2.89,0.49,,,,False,False
Pattonville,2026-10-19,Seckman,,,,,2.14,2.21,,,,False,False
Pattonville,2026-10-21,Affton,,,,,4.9,2.27,,,,False,False
Pattonville,2026-10-26,Parkway West,,,,,0.48,3.21,,,,False,False
Pattonville,2026-10-28,Northwest (Cedar Hill),,,,,1.78,3.55,,,,False,False
"Pattonville(St. Charles, MO)",2026-09-25,St. Charles West,,4,0,W,,,,,,False,False
Pembroke Hill,2026-08-28,"Olathe West(Olathe, KS)",,1,4,L,,,,,,False,False
Pembroke Hill,2026-09-04,Springfield Catholic,,4,0,W,3.21,1.11,0.79,1.11,1.9,False,False
Pembroke Hill,2026-09-05,Kickapoo,,3,2,W,5.02,-0.33,-2.02,-2.33,-4.35,False,False
Pembroke Hill,2026-09-10,"St. Thomas Aquinas(Overland Park, KS)",,2,1,W,,,,,,False,False
Pembroke Hill,2026-09-14,Lee's Summit West,,0,1,L,1.75,2.01,-1.75,1.01,-0.74,False,False
Pembroke Hill,2026-09-18,MICDS,,5,0,W,3.36,0.27,1.64,0.27,1.91,False,False
Pembroke Hill,2026-09-19,John Burroughs,,3,4,L,2.31,2.15,0.69,-1.85,-1.16,False,False
Pembroke Hill,2026-09-25,Raytown,,5,3,W,7.15,1.25,-2.15,-1.75,-3.89,False,False
Pembroke Hill,2026-09-29,Blue Springs,,3,1,W,2.34,1.9,0.66,0.9,1.56,False,False
Pembroke Hill,2026-10-06,Rockhurst,,,,,0.6,3.74,,,,False,False
Pembroke Hill,2026-10-09,Hickman,,,,,3.37,1.41,,,,False,False
Pembroke Hill,2026-10-10,Rock Bridge,,,,,2.61,1.89,,,,False,False
Pembroke Hill,2026-10-13,St. Michael the Archangel,,,,,3.35,0.73,,,,False,False
Pembroke Hill,2026-10-20,Barstow,,,,,4.09,-0.57,,,,False,False
Pembroke Hill,2026-10-22,Van Horn,,,,,2.23,2.55,,,,False,False
Pembroke Hill,2026-10-27,Summit Christian Academy,,,,,3.99,-0.2,,,,False,False
Pembroke Hill,2026-10-29,Harrisonville,,,,,5.01,-0.86,,,,False,False
"Peoria Notre Dame(Peoria, IL)",2026-09-11,Christian Brothers College,,1,1,T,,,,,,False,False
"Peoria Notre Dame(Peoria, IL)",2026-09-12,Chaminade College Prep,,0,1,L,,,,,,False,False
Perryville,2026-08-29,Sullivan,,2,0,W,3.39,1.56,-1.39,1.56,0.17,False,False
Perryville,2026-09-01,Notre Dame (Cape Girardeau),,1,5,L,-0.17,4.88,1.17,-0.12,1.05,False,False
Perryville,2026-09-03,DeSoto,,4,3,W,4.44,2.2,-0.44,-0.8,-1.24,False,False
Perryville,2026-09-08,Windsor (Imperial),,1,0,W,3.25,0.61,-2.25,0.61,-1.64,False,False
Perryville,2026-09-09,North County,,7,1,W,5.87,-0.8,1.13,-1.8,-0.67,False,False
Perryville,2026-09-11,Marshall,,0,3,L,1.23,3.06,-1.23,0.06,-1.17,False,False
Perryville,2026-09-11,Southern Boone,,2,1,W,2.65,2.44,-0.65,1.44,0.78,False,False
Perryville,2026-09-15,Festus,,8,0,W,3.76,-0.13,4.24,-0.13,4.11,False,False
Perryville,2026-09-17,Hillsboro,,5,2,W,4.34,1.11,0.66,-0.89,-0.23,False,False
Perryville,2026-09-22,Festus,,8,0,W,3.76,-0.13,4.24,-0.13,4.11,False,False
Perryville,2026-09-24,Jackson,,0,7,L,0.47,4.48,-0.47,-2.52,-2.99,False,False
Perryville,2026-09-29,Clayton,,1,7,L,-0.13,4.61,1.13,-2.39,-1.26,False,False
Perryville,2026-10-01,"Marion(Marion, IL)",,5,1,W,,,,,,False,False
Perryville,2026-10-06,Sikeston,,,,,0.57,4.61,,,,False,False
Perryville,2026-10-08,Saxony Lutheran with St. Vincent,,,,,2.06,3.9,,,,False,False
Perryville,2026-10-13,DeSoto,,,,,4.44,2.2,,,,False,False
Perryville,2026-10-15,Farmington,,,,,0.69,3.7,,,,False,False
Perryville,2026-10-19,Fredericktown,,,,,4.52,0.61,,,,False,False
Perryville,2026-10-20,Seckman,,,,,1.09,3.36,,,,False,False
Perryville,2026-10-22,Central (Cape Girardeau),,,,,2.78,0.29,,,,False,False
Perryville,2026-10-26,Hillsboro,,,,,4.34,1.11,,,,False,False
Perryville,2026-10-27,Kennett,,,,,8.15,-0.72,,,,False,False
Perryville,2026-10-29,Windsor (Imperial),,,,,3.25,0.61,,,,False,False
"Pittsburg HS(Pittsburg, KS)",2026-09-01,Joplin,,1,5,L,,,,,,False,False
"Pittsburg(Pittsburg, KS)",2026-09-28,Carl Junction,,4,2,W,,,,,,False,False
"Pittsburg(Pittsburg, KS)",2026-10-01,Webb City,,2,1,W,,,,,,False,False
"Pittsburg(Pittsburg, KS)",2026-10-06,New Heights Christian with McAuley Catholic,,,,,,,,,,False,False
Platte County,2026-08-31,Blue Springs South,,1,9,L,-0.77,5.53,1.77,-3.47,-1.7,False,False
Platte County,2026-09-02,Park Hill,,0,4,L,-0.05,3.58,0.05,-0.42,-0.37,False,False
Platte County,2026-09-03,Lincoln College Prep,,5,2,W,1.08,4.99,3.92,2.99,6.91,False,False
Platte County,2026-09-08,Oak Park,,1,4,L,1.49,2.58,-0.49,-1.42,-1.92,False,False
Platte County,2026-09-16,Smithville,,1,0,W,1.6,1.8,-0.6,1.8,1.2,False,False
Platte County,2026-09-21,Kearney,,3,2,W,3.45,2.63,-0.45,0.63,0.18,False,False
Platte County,2026-09-22,Blue Springs South,,0,7,L,-0.77,5.53,0.77,-1.47,-0.7,False,False
Platte County,2026-09-24,Benton,,4,1,W,4.22,2.14,-0.22,1.14,0.92,False,False
Platte County,2026-09-28,Grain Valley,,1,6,L,1.48,3.33,-0.48,-2.67,-3.14,False,False
Platte County,2026-09-29,Winnetonka,,,,,3.44,1.16,,,,False,False
Platte County,2026-09-30,Winnetonka,,,,,3.44,1.16,,,,False,False
Platte County,2026-10-01,Liberty,,,,,-0.56,5.21,,,,False,False
Platte County,2026-10-05,Raytown,,,,,4.43,4.29,,,,False,False
Platte County,2026-10-07,Staley,,,,,-0.2,3.27,,,,False,False
Platte County,2026-10-12,Fort Osage,,,,,0.74,3.29,,,,False,False
Platte County,2026-10-14,William Chrisman,,,,,2.49,1.02,,,,False,False
Platte County,2026-10-19,Truman,,,,,3.52,2.37,,,,False,False
Platte County,2026-10-21,Belton,,,,,1.97,2.82,,,,False,False
Platte County,2026-10-22,Liberty,,,,,-0.56,5.21,,,,False,False
Platte County,2026-10-27,Liberty North,,,,,-1.29,5.67,,,,False,False
Pleasant Hill,2026-08-27,Grandview,,4,1,W,2.34,1.4,1.66,0.4,2.07,False,False
Pleasant Hill,2026-09-01,Truman,,3,2,W,3.39,1.78,-0.39,-0.22,-0.61,False,False
Pleasant Hill,2026-09-03,"Christ Preparatory(Lenexa , KS)",,0,7,L,,,,,,False,False
Pleasant Hill,2026-09-07,Cameron,,6,1,W,5.0,-0.05,1.0,-1.05,-0.05,False,False
Pleasant Hill,2026-09-08,Oak Grove,,1,1,T,2.29,1.23,-1.29,0.23,-1.07,False,False
Pleasant Hill,2026-09-10,Lone Jack,,2,0,W,3.2,0.41,-1.2,0.41,-0.79,False,False
Pleasant Hill,2026-09-16,Raymore-Peculiar,,0,1,L,-0.26,2.63,0.26,1.63,1.89,False,False
Pleasant Hill,2026-09-17,Center,,2,3,L,2.67,2.0,-0.67,-1.0,-1.67,False,False
Pleasant Hill,2026-09-23,St. Paul Lutheran (Concordia),,3,2,W,2.32,1.79,0.68,-0.21,0.47,False,False
Pleasant Hill,2026-09-24,Warrensburg,,6,0,W,5.33,-0.16,0.67,-0.16,0.5,False,False
Pleasant Hill,2026-09-29,Lone Jack,,,,,3.2,0.41,,,,False,False
Pleasant Hill,2026-10-01,Odessa,,,,,4.44,-0.53,,,,False,False
Pleasant Hill,2026-10-08,Clinton,,,,,2.04,1.39,,,,False,False
Pleasant Hill,2026-10-13,Harrisonville,,,,,2.15,1.58,,,,False,False
Pleasant Hill,2026-10-15,Knob Noster,,,,,7.08,-2.56,,,,False,False
Pleasant Hill,2026-10-20,Oak Grove,,,,,2.29,1.23,,,,False,False
Pleasant Hill,2026-10-22,La Monte,,,,,4.58,-2.19,,,,False,False
Pleasant Hill,2026-10-27,Odessa,,,,,4.44,-0.53,,,,False,False
Poplar Bluff,2026-08-28,"Murphysboro(Murphysboro, IL)",,2,3,L,,,,,,False,False
Poplar Bluff,2026-08-29,"Harrisburg(Harrisburg, IL)",,4,1,W,,,,,,False,False
Poplar Bluff,2026-09-04,Notre Dame (Cape Girardeau),,0,7,L,0.89,5.3,-0.89,-1.7,-2.59,False,False
Poplar Bluff,2026-09-15,Kennett,,8,0,W,9.21,-0.29,-1.21,-0.29,-1.5,False,False
Poplar Bluff,2026-09-21,DeSoto,,8,2,W,5.5,2.62,2.5,0.62,3.12,False,False
Poplar Bluff,2026-09-24,Sikeston,,2,6,L,1.63,5.04,0.37,-0.96,-0.6,False,False
Poplar Bluff,2026-10-02,Rolla,,2,1,W,3.34,1.83,-1.34,0.83,-0.51,False,False
Poplar Bluff,2026-10-03,Jefferson City,,,,,4.48,2.26,,,,False,False
Poplar Bluff,2026-10-06,Notre Dame (Cape Girardeau),,,,,0.89,5.3,,,,False,False
Poplar Bluff,2026-10-09,Farmington,,,,,1.75,4.12,,,,False,False
Poplar Bluff,2026-10-12,St. Pius X (Festus),,,,,3.31,1.98,,,,False,False
Poplar Bluff,2026-10-15,Central (Cape Girardeau),,,,,3.84,0.72,,,,False,False
Poplar Bluff,2026-10-19,Jackson,,,,,1.53,4.9,,,,False,False
Poplar Bluff,2026-10-22,Kennett,,,,,9.21,-0.29,,,,False,False
Poplar Bluff,2026-10-27,Saxony Lutheran with St. Vincent,,,,,3.11,4.33,,,,False,False
Principia,2026-08-28,Priory,,0,3,L,0.3,1.94,-0.3,-1.06,-1.36,False,False
Principia,2026-08-29,Veritas Christian Academy,,1,2,L,1.46,0.64,-0.46,-1.36,-1.82,False,False
Principia,2026-09-01,Westminster Christian Academy,,2,1,W,1.56,1.58,0.44,0.58,1.02,False,False
Principia,2026-09-03,Parkway Central,,1,0,W,0.87,0.71,0.13,0.71,0.84,False,False
Principia,2026-09-11,Bayless,,1,0,W,2.09,0.89,-1.09,0.89,-0.2,False,False
Principia,2026-09-22,Bishop DuBourg,,2,0,W,4.61,-0.94,-2.61,-0.94,-3.55,False,False
Principia,2026-09-24,MICDS,,2,3,L,1.24,1.13,0.76,-1.87,-1.11,False,False
Principia,2026-09-29,Westminster Christian Academy,,2,0,W,1.56,1.58,0.44,1.58,2.02,False,False
Principia,2026-10-02,John Burroughs,,1,2,L,0.19,3.01,0.81,1.01,1.82,False,False
Principia,2026-10-05,Lutheran North,,,,,6.97,-1.65,,,,False,False
Principia,2026-10-08,Whitfield,,,,,2.8,0.54,,,,False,False
Principia,2026-10-10,St. Louis United,,,,,,,,,,False,False
Principia,2026-10-13,Lutheran South,,,,,2.21,1.08,,,,False,False
Principia,2026-10-16,Gateway Science Charter,,,,,4.09,-0.53,,,,False,False
Principia,2026-10-17,Springfield Catholic,,,,,1.09,1.98,,,,False,False
Principia,2026-10-20,Metro,,,,,2.32,1.08,,,,False,False
Principia,2026-10-22,Timberland,,,,,0.47,1.25,,,,False,False
Principia,2026-10-27,Priory,,,,,0.3,1.94,,,,False,False
Priory,2026-08-28,Principia,,3,0,W,1.94,0.3,1.06,0.3,1.36,False,False
Priory,2026-09-01,Lutheran South,,3,1,W,3.31,0.54,-0.31,-0.46,-0.77,False,False
Priory,2026-09-03,John Burroughs,,1,2,L,1.29,2.47,-0.29,0.47,0.18,False,False
Priory,2026-09-05,Veritas Christian Academy,,2,0,W,2.56,0.1,-0.56,0.1,-0.46,False,False
Priory,2026-09-09,Marquette,,0,5,L,0.57,2.68,-0.57,-2.32,-2.89,False,False
Priory,2026-09-10,St. Dominic,,2,1,W,0.03,2.39,1.97,1.39,3.37,False,False
Priory,2026-09-12,Lindbergh,,0,1,L,1.25,1.84,-1.25,0.84,-0.41,False,False
Priory,2026-09-15,Westminster Christian Academy,,3,2,W,2.66,1.05,0.34,-0.95,-0.62,False,False
Priory,2026-09-17,MICDS,,0,1,L,2.34,0.59,-2.34,-0.41,-2.74,False,False
Priory,2026-09-18,Fox,,7,0,W,4.28,-1.14,2.72,-1.14,1.58,False,False
Priory,2026-09-22,Christian Brothers College,,0,1,L,0.4,2.31,-0.4,1.31,0.91,False,False
Priory,2026-09-24,Whitfield,,2,1,W,3.9,-0.0,-1.9,-1.0,-2.9,False,False
Priory,2026-09-26,Farmington,,4,1,W,1.78,1.21,2.22,0.21,2.43,False,False
Priory,2026-09-29,Lutheran North,,,,,8.07,-2.19,,,,False,False
Priory,2026-10-01,"Father McGivney(Glen Carbon, IL)",,,,,,,,,,False,False
Priory,2026-10-06,SLUH,,,,,-0.06,3.03,,,,False,False
Priory,2026-10-07,Bayless,,,,,3.19,0.35,,,,False,False
Priory,2026-10-10,Oakville,,,,,-0.05,2.3,,,,False,False
Priory,2026-10-12,Webster Groves,,,,,1.65,1.53,,,,False,False
Priory,2026-10-15,Lutheran South,,,,,3.31,0.54,,,,False,False
Priory,2026-10-17,Notre Dame (Cape Girardeau),,,,,0.92,2.39,,,,False,False
Priory,2026-10-20,John Burroughs,,,,,1.29,2.47,,,,False,False
Priory,2026-10-24,Chaminade College Prep,,,,,0.1,2.83,,,,False,False
Priory,2026-10-27,Principia,,,,,1.94,0.3,,,,False,False
"Providence Catholic(New Lenox, IL)",2026-08-28,Lindbergh,,0,1,L,,,,,,False,False
"Providence Catholic(New Lenox, IL)",2026-08-29,Ladue Horton Watkins,,1,3,L,,,,,,False,False
"QHS(Quincy, IL)",2026-09-21,Canton,,2,1,W,,,,,,False,False
"QHS(Quincy, IL)",2026-10-14,Canton,,,,,,,,,,False,False
"QND(Quincy, IL)",2026-09-16,Canton,,3,0,W,,,,,,False,False
"QND(Quincy, IL)",2026-09-30,Canton,,1,3,L,,,,,,False,False
"Quincy Notre Dame(Quincy, IL)",2026-08-28,Ladue Horton Watkins,,0,7,L,,,,,,False,False
"Quincy Notre Dame(Quincy, IL)",2026-08-29,Lindbergh,,2,4,L,,,,,,False,False
"Quincy Notre Dame(Quincy, IL)",2026-09-01,Hannibal,,3,4,L,,,,,,False,False
"Quincy(Quincy, IL)",2026-09-17,Hannibal,,1,0,W,,,,,,False,False
"Quincy(Quincy, IL)",2026-09-25,Jefferson City,,3,1,W,,,,,,False,False
"Quincy(Quincy, IL)",2026-09-26,Battle with Columbia Independent,,2,1,W,,,,,,False,False
"Quincy(Quincy, IL)",2026-10-01,Liberty (Wentzville),,1,3,L,,,,,,False,False
"Quincy(Quincy, IL)",2026-10-10,Kirksville,,,,,,,,,,False,False
Raymore-Peculiar,2026-09-01,Liberty,,0,3,L,0.25,2.68,-0.25,-0.32,-0.57,False,False
Raymore-Peculiar,2026-09-03,Belton,,3,0,W,2.78,0.28,0.22,0.28,0.5,False,False
Raymore-Peculiar,2026-09-05,Carthage,,2,1,W,0.9,0.83,1.1,-0.17,0.93,False,False
Raymore-Peculiar,2026-09-08,Grain Valley,,1,0,W,2.29,0.8,-1.29,0.8,-0.49,False,False
Raymore-Peculiar,2026-09-10,"Blue Valley Northwest(Overland Park, KS)",,0,2,L,,,,,,False,False
Raymore-Peculiar,2026-09-15,Park Hill South,,0,2,L,-0.14,2.27,0.14,0.27,0.41,False,False
Raymore-Peculiar,2026-09-16,Pleasant Hill,,1,0,W,2.63,-0.26,-1.63,-0.26,-1.89,False,False
Raymore-Peculiar,2026-09-22,Lee's Summit,,0,4,L,-0.91,3.12,0.91,-0.88,0.03,False,False
Raymore-Peculiar,2026-09-23,Blue Springs South,,0,2,L,0.04,3.0,-0.04,1.0,0.96,False,False
Raymore-Peculiar,2026-09-29,North Kansas City,,3,1,W,2.28,0.34,0.72,-0.66,0.07,False,False
Raymore-Peculiar,2026-10-01,Grandview,,3,0,W,3.28,-0.54,-0.28,-0.54,-0.82,False,False
Raymore-Peculiar,2026-10-06,Blue Springs,,,,,0.43,2.4,,,,False,False
Raymore-Peculiar,2026-10-08,Lee's Summit West,,,,,-0.16,2.51,,,,False,False
Raymore-Peculiar,2026-10-13,Staley,,,,,0.61,0.74,,,,False,False
Raymore-Peculiar,2026-10-15,Lee's Summit North,,,,,1.07,2.05,,,,False,False
Raymore-Peculiar,2026-10-20,Liberty North,,,,,-0.48,3.14,,,,False,False
Raytown,2026-09-01,Smithville,,2,1,W,3.48,3.82,-1.48,2.82,1.34,False,False
Raytown,2026-09-02,Smith-Cotton,,9,10,L,3.55,5.49,5.45,-4.51,0.94,False,False
Raytown,2026-09-10,"Sumner academy(Kansas City , KS)",,1,8,L,,,,,,False,False
Raytown,2026-09-16,Winnetonka,,,,,5.32,3.17,,,,False,False
Raytown,2026-09-21,Grain Valley,,1,6,L,3.35,5.35,-2.35,-0.65,-3.0,False,False
Raytown,2026-09-25,Pembroke Hill,,3,5,L,1.25,7.15,1.75,2.15,3.89,False,False
Raytown,2026-09-28,Fort Osage,,0,5,L,2.61,5.31,-2.61,0.31,-2.31,False,False
Raytown,2026-09-30,Raytown South,,9,0,W,7.35,1.25,1.65,1.25,2.89,False,False
Raytown,2026-10-01,Belton,,,,,3.84,4.83,,,,False,False
Raytown,2026-10-05,Platte County,,,,,4.29,4.43,,,,False,False
Raytown,2026-10-06,St. Pius X (Kansas City),,,,,4.39,5.58,,,,False,False
Raytown,2026-10-07,Oak Park,,,,,3.37,4.59,,,,False,False
Raytown,2026-10-12,Ruskin,,,,,6.68,1.93,,,,False,False
Raytown,2026-10-14,Truman,,,,,5.4,4.38,,,,False,False
Raytown,2026-10-19,William Chrisman,,,,,4.36,3.03,,,,False,False
Raytown,2026-10-21,Grandview,,,,,4.35,4.01,,,,False,False
Raytown,2026-10-27,Van Horn,,,,,1.38,7.6,,,,False,False
Raytown South,2026-09-01,Knob Noster,,6,0,W,4.03,1.1,1.97,1.1,3.06,False,False
Raytown South,2026-09-03,Oak Grove,,0,6,L,-0.75,4.88,0.75,-1.12,-0.37,False,False
Raytown South,2026-09-10,Ewing Marion Kauffman with University Academy Charter,,0,3,L,1.57,4.03,-1.57,1.03,-0.54,False,False
Raytown South,2026-09-14,"J.C. Harmon(Kansas City, KS)",,0,8,L,,,,,,False,False
Raytown South,2026-09-15,Center,,1,4,L,-0.38,5.66,1.38,1.66,3.04,False,False
Raytown South,2026-09-17,Paseo Academy,,2,4,L,1.72,2.84,0.28,-1.16,-0.88,False,False
Raytown South,2026-09-21,Grandview,,0,5,L,-0.71,5.06,0.71,0.06,0.77,False,False
Raytown South,2026-09-23,Truman,,0,7,L,0.34,5.43,-0.34,-1.57,-1.91,False,False
Raytown South,2026-09-24,Lone Jack,,0,5,L,0.15,4.06,-0.15,-0.94,-1.09,False,False
Raytown South,2026-09-28,Ruskin,,1,2,L,1.62,2.98,-0.62,0.98,0.36,False,False
Raytown South,2026-09-30,Raytown,,0,9,L,1.25,7.35,-1.25,-1.65,-2.89,False,False
Raytown South,2026-10-05,William Chrisman,,,,,-0.69,4.08,,,,False,False
Raytown South,2026-10-07,Fort Osage,,,,,-2.44,6.36,,,,False,False
Raytown South,2026-10-12,Kearney,,,,,0.27,5.7,,,,False,False
Raytown South,2026-10-14,Belton,,,,,-1.21,5.88,,,,False,False
Raytown South,2026-10-19,Winnetonka,,,,,0.26,4.22,,,,False,False
Raytown South,2026-10-21,Smithville,,,,,-1.58,4.87,,,,False,False
Raytown South,2026-10-26,Odessa,,,,,1.39,3.13,,,,False,False
"Regis Jesuit(Denver, CO)",2026-09-17,Rockhurst,,1,4,L,,,,,,False,False
Republic,2026-08-27,Monett,,0,1,L,1.09,1.44,-1.09,0.44,-0.65,False,False
Republic,2026-08-28,Branson,,2,1,W,0.63,1.72,1.37,0.72,2.09,False,False
Republic,2026-08-29,Cassville,,1,0,W,1.4,-0.26,-0.4,-0.26,-0.66,False,False
Republic,2026-09-01,Springfield Catholic,,0,7,L,-0.12,2.77,0.12,-4.23,-4.11,False,False
Republic,2026-09-03,Farmington,,1,3,L,-0.54,2.54,1.54,-0.46,1.08,False,False
Republic,2026-09-08,Parkview,,3,1,W,1.85,1.17,1.15,0.17,1.32,False,False
Republic,2026-09-10,Northwest (Cedar Hill),,1,0,W,-0.49,3.55,1.49,3.55,5.04,False,False
Republic,2026-09-12,Summit Christian Academy,,1,0,W,0.66,1.45,0.34,1.45,1.79,False,False
Republic,2026-09-14,Central (Springfield),,0,1,L,1.11,0.99,-1.11,-0.01,-1.12,False,False
Republic,2026-09-18,Capital City,,1,0,W,1.3,1.31,-0.3,1.31,1.01,False,False
Republic,2026-09-19,Battle with Columbia Independent,,1,2,L,0.6,1.45,0.4,-0.55,-0.15,False,False
Republic,2026-09-22,Kickapoo,,2,1,W,1.68,1.33,0.32,0.33,0.64,False,False
Republic,2026-09-24,Waynesville,,0,2,L,1.46,0.31,-1.46,-1.69,-3.15,False,False
Republic,2026-09-26,Camdenton,,1,2,L,0.95,1.54,0.05,-0.46,-0.42,False,False
Republic,2026-09-29,Nixa,,0,7,L,-1.23,3.69,1.23,-3.31,-2.08,False,False
Republic,2026-10-01,Lebanon,,1,0,W,2.26,0.61,-1.26,0.61,-0.66,False,False
Republic,2026-10-06,Ozark,,,,,0.38,2.94,,,,False,False
Republic,2026-10-08,Glendale,,,,,-1.24,3.56,,,,False,False
Republic,2026-10-10,"Emporia(Emporia, KS)",,,,,,,,,,False,False
Republic,2026-10-13,Willard,,,,,1.64,0.39,,,,False,False
Republic,2026-10-15,Carthage,,,,,-0.53,1.98,,,,False,False
Republic,2026-10-20,Joplin,,,,,0.51,1.07,,,,False,False
Republic,2026-10-22,Neosho,,,,,0.92,1.05,,,,False,False
Republic,2026-10-27,Webb City,,,,,1.82,-0.36,,,,False,False
Ritenour,2026-09-04,Gateway Legacy Sr. H.,,,,,,,,,,False,False
Ritenour,2026-09-08,Parkway West,,1,9,L,-2.8,5.19,3.8,-3.81,-0.01,False,False
Ritenour,2026-09-10,Affton,,1,3,L,1.62,4.26,-0.62,1.26,0.64,False,False
Ritenour,2026-09-11,Hazelwood West,,2,3,L,,,,,,False,False
Ritenour,2026-09-17,Pattonville,,2,7,L,-0.59,4.68,2.59,-2.32,0.27,False,False
Ritenour,2026-09-21,Collegiate School of Med-Bio Science with McKinley Classical Leadership,,0,1,L,1.25,2.02,-1.25,1.02,-0.23,False,False
Ritenour,2026-09-23,Northwest (Cedar Hill),,1,5,L,-1.51,5.54,2.51,0.54,3.04,False,False
Ritenour,2026-10-01,Fox,,1,3,L,0.95,2.18,0.05,-0.82,-0.78,False,False
Ritenour,2026-10-05,Holt,,,,,1.28,2.45,,,,False,False
Ritenour,2026-10-06,MICDS,,,,,-0.99,3.91,,,,False,False
Ritenour,2026-10-08,Seckman,,,,,-1.14,4.2,,,,False,False
Ritenour,2026-10-13,St. Mary's South Side,,,,,0.33,4.32,,,,False,False
Ritenour,2026-10-21,Parkway North,,,,,0.0,3.3,,,,False,False
"Rochester(Rochester, IL)",2026-09-05,Orchard Farm,,1,3,L,,,,,,False,False
Rock Bridge,2026-08-28,Kickapoo,,8,0,W,4.81,0.18,3.19,0.18,3.37,False,False
Rock Bridge,2026-08-29,Nixa,,2,3,L,1.89,2.55,0.11,-0.45,-0.35,False,False
Rock Bridge,2026-09-02,Father Tolton,,4,0,W,3.13,1.64,0.87,1.64,2.51,False,False
Rock Bridge,2026-09-08,Battle with Columbia Independent,,4,1,W,3.72,0.3,0.28,-0.7,-0.42,False,False
Rock Bridge,2026-09-08,Stover,,0,2,L,5.76,-0.74,-5.76,-2.74,-8.5,False,False
Rock Bridge,2026-09-12,Ft. Zumwalt South,,1,2,L,2.37,2.07,-1.37,0.07,-1.3,False,False
Rock Bridge,2026-09-15,Jefferson City,,8,0,W,5.33,-0.47,2.67,-0.47,2.21,False,False
Rock Bridge,2026-09-19,Lee's Summit West,,3,2,W,1.54,2.52,1.46,0.52,1.98,False,False
Rock Bridge,2026-09-22,Hickman,,4,2,W,3.16,1.92,0.84,-0.08,0.76,False,False
Rock Bridge,2026-09-24,Liberty (Wentzville),,2,3,L,3.44,1.71,-1.44,-1.29,-2.73,False,False
Rock Bridge,2026-09-26,"Blue Valley Southwest(Overland Park, KS)",,1,2,L,,,,,,False,False
Rock Bridge,2026-09-29,Smith-Cotton,,2,0,W,4.19,0.95,-2.19,0.95,-1.24,False,False
Rock Bridge,2026-10-05,Christian Fellowship Sr. with Hallsville,,,,,6.62,-2.01,,,,False,False
Rock Bridge,2026-10-06,Camdenton,,,,,4.08,0.4,,,,False,False
Rock Bridge,2026-10-09,Ozark,,,,,3.51,1.8,,,,False,False
Rock Bridge,2026-10-10,Pembroke Hill,,,,,1.89,2.61,,,,False,False
Rock Bridge,2026-10-13,Capital City,,,,,4.43,0.17,,,,False,False
Rock Bridge,2026-10-15,Francis Howell,,,,,2.22,1.93,,,,False,False
Rock Bridge,2026-10-17,Marquette,,,,,1.38,2.86,,,,False,False
Rock Bridge,2026-10-20,Helias Catholic,,,,,1.93,1.62,,,,False,False
Rock Bridge,2026-10-23,Park Hill South,,,,,1.56,2.28,,,,False,False
Rock Bridge,2026-10-24,Kirkwood,,,,,1.01,2.16,,,,False,False
Rockhurst,2026-09-01,Park Hill South,,2,0,W,3.41,0.28,-1.41,0.28,-1.13,False,False
Rockhurst,2026-09-03,Lee's Summit West,,3,1,W,3.39,0.52,-0.39,-0.48,-0.88,False,False
Rockhurst,2026-09-07,"Olathe Northwest(Olathe, KS)",,2,0,W,,,,,,False,False
Rockhurst,2026-09-10,"Blue Valley Southwest(Overland Park, KS)",,4,1,W,,,,,,False,False
Rockhurst,2026-09-12,"Blue Valley North(Overland Park, KS)",,3,1,W,,,,,,False,False
Rockhurst,2026-09-17,"Regis Jesuit(Denver, CO)",,4,1,W,,,,,,False,False
Rockhurst,2026-09-18,"Marquette University(Milwaukee, WI)",,0,0,T,,,,,,False,False
Rockhurst,2026-09-22,Lee's Summit North,,3,0,W,4.62,0.05,-1.62,0.05,-1.57,False,False
Rockhurst,2026-09-29,Liberty North,,5,1,W,3.07,1.14,1.93,0.14,2.07,False,False
Rockhurst,2026-10-03,"St Thomas Aquinas(Overland Park, KS)",,,,,,,,,,False,False
Rockhurst,2026-10-06,Pembroke Hill,,,,,3.74,0.6,,,,False,False
Rockhurst,2026-10-08,Lincoln College Prep,,,,,5.44,0.46,,,,False,False
Rockhurst,2026-10-12,Liberty,,,,,3.8,0.68,,,,False,False
Rockhurst,2026-10-13,Northeast (Kansas City),,,,,4.28,1.06,,,,False,False
Rockhurst,2026-10-16,Glendale,,,,,3.74,0.41,,,,False,False
Rockhurst,2026-10-17,Ozark,,,,,5.36,-0.2,,,,False,False
Rockhurst,2026-10-20,"St James(Lenexa, KS)",,,,,,,,,,False,False
Rockhurst,2026-10-22,East (Kansas City),,,,,7.05,-0.7,,,,False,False
Rockhurst,2026-10-26,Blue Springs South,,,,,3.59,1.0,,,,False,False
Rockwood Summit,2026-08-27,Jackson,,2,3,L,2.26,2.44,-0.26,-0.56,-0.82,False,False
Rockwood Summit,2026-09-01,Christian Brothers College,,1,2,L,1.1,2.76,-0.1,0.76,0.66,False,False
Rockwood Summit,2026-09-03,Lafayette (Wildwood),,1,3,L,2.52,3.42,-1.52,0.42,-1.1,False,False
Rockwood Summit,2026-09-09,Chaminade College Prep,,1,4,L,0.8,3.28,0.2,-0.72,-0.52,False,False
Rockwood Summit,2026-09-11,Ft. Zumwalt East,,3,0,W,2.68,0.48,0.32,0.48,0.8,False,False
Rockwood Summit,2026-09-14,Farmington,,3,2,W,2.48,1.66,0.52,-0.34,0.18,False,False
Rockwood Summit,2026-09-15,Parkway West,,1,1,T,1.23,2.32,-0.23,1.32,1.09,False,False
Rockwood Summit,2026-09-17,Lindbergh,,3,1,W,1.95,2.29,1.05,1.29,2.33,False,False
Rockwood Summit,2026-09-22,Marquette,,2,4,L,1.27,3.12,0.73,-0.88,-0.15,False,False
Rockwood Summit,2026-09-25,Webster Groves,,2,1,W,2.35,1.98,-0.35,0.98,0.63,False,False
Rockwood Summit,2026-09-29,Vianney,,1,3,L,1.36,2.4,-0.36,-0.6,-0.96,False,False
Rockwood Summit,2026-10-01,Oakville,,1,6,L,0.65,2.74,0.35,-3.26,-2.91,False,False
Rockwood Summit,2026-10-03,Kirkwood,,,,,0.9,2.42,,,,False,False
Rockwood Summit,2026-10-08,Ladue Horton Watkins,,,,,1.78,2.88,,,,False,False
Rockwood Summit,2026-10-12,Ft. Zumwalt South,,,,,2.26,2.33,,,,False,False
Rockwood Summit,2026-10-15,Capital City,,,,,4.32,0.43,,,,False,False
Rockwood Summit,2026-10-20,Liberty (Wentzville),,,,,3.33,1.97,,,,False,False
Rockwood Summit,2026-10-26,Eureka,,,,,2.14,3.03,,,,False,False
Rockwood Summit,2026-10-28,Ft. Zumwalt West,,,,,1.87,1.88,,,,False,False
Rolla,2026-08-29,Hannibal,,0,0,T,2.3,1.39,-2.3,1.39,-0.91,False,False
Rolla,2026-08-29,Neosho,,0,2,L,0.76,1.69,-0.76,-0.31,-1.07,False,False
Rolla,2026-09-01,Camdenton,,2,3,L,0.79,2.18,1.21,-0.82,0.39,False,False
Rolla,2026-09-08,Bolivar,,2,0,W,1.28,1.4,0.72,1.4,2.11,False,False
Rolla,2026-09-11,Hannibal,,3,3,T,2.3,1.39,0.7,-1.61,-0.91,False,False
Rolla,2026-09-12,Lutheran St. Charles,,0,2,L,0.51,2.09,-0.51,0.09,-0.41,False,False
Rolla,2026-09-12,North Point,,0,4,L,0.38,3.78,-0.38,-0.22,-0.59,False,False
Rolla,2026-09-14,Pacific,,1,2,L,1.92,0.04,-0.92,-1.96,-2.88,False,False
Rolla,2026-09-17,Jefferson City,,3,1,W,2.03,1.31,0.97,0.31,1.28,False,False
Rolla,2026-09-19,Capital City,,0,1,L,1.14,1.95,-1.14,0.95,-0.19,False,False
Rolla,2026-09-22,Waynesville,,3,2,W,1.29,0.94,1.71,-1.06,0.65,False,False
Rolla,2026-09-24,Springfield Catholic,,0,3,L,-0.29,3.4,0.29,0.4,0.69,False,False
Rolla,2026-09-30,Helias Catholic,,1,4,L,-1.36,3.4,2.36,-0.6,1.77,False,False
Rolla,2026-10-02,Poplar Bluff,,1,2,L,1.83,3.34,-0.83,1.34,0.51,False,False
Rolla,2026-10-05,West Plains,,,,,2.15,1.96,,,,False,False
Rolla,2026-10-06,Union,,,,,1.31,0.66,,,,False,False
Rolla,2026-10-09,Notre Dame (Cape Girardeau),,,,,-1.56,4.36,,,,False,False
Rolla,2026-10-16,Parkview,,,,,1.69,1.81,,,,False,False
Rolla,2026-10-22,St. Francis Borgia,,,,,2.0,1.07,,,,False,False
Rolla Sr. High Home Sch,2026-09-22,Iberia,,1,2,L,,,,,,False,False
Rolla Sr. High Home Sch,2026-09-29,Calvary Lutheran,,4,2,W,,,,,,False,False
Rolla Sr. High Home Sch,2026-10-20,Crocker,,,,,,,,,,False,False
Rolla Sr. High Home Sch,2026-10-30,Calvary Lutheran,,,,,,,,,,False,False
Roosevelt,2026-09-03,Collegiate School of Med-Bio Science with McKinley Classical Leadership,,0,1,L,0.24,2.89,-0.24,1.89,1.65,False,False
Roosevelt,2026-09-15,St. Pius X (Festus),,1,4,L,-1.0,3.25,2.0,-0.75,1.25,False,False
Roosevelt,2026-09-17,Parkway North,,0,3,L,-1.01,4.16,1.01,1.16,2.17,False,False
Roosevelt,2026-09-21,Gateway Science Charter,,0,4,L,0.85,3.11,-0.85,-0.89,-1.74,False,False
Roosevelt,2026-09-29,Collegiate School of Med-Bio Science with McKinley Classical Leadership,,1,3,L,0.24,2.89,0.76,-0.11,0.65,False,False
Roosevelt,2026-10-01,Gateway with Soldan International Studies,,0,1,L,0.85,1.63,-0.85,0.63,-0.22,False,False
Roosevelt,2026-10-06,Metro,,,,,-0.92,4.72,,,,False,False
Roosevelt,2026-10-13,"Roxana(Roxana, IL)",,,,,,,,,,False,False
Roosevelt,2026-10-14,"Collinsville(Collinsville, IL)",,,,,,,,,,False,False
Roosevelt,2026-10-15,"Granite City(Granite City, IL)",,,,,,,,,,False,False
Roosevelt,2026-10-20,Gateway Legacy Sr. H.,,,,,,,,,,False,False
Roosevelt,2026-10-22,St. Charles West,,,,,-0.31,2.56,,,,False,False
Roosevelt,2026-10-27,Metro,,,,,-0.92,4.72,,,,False,False
Roosevelt,2026-10-29,Brentwood,,,,,0.17,3.08,,,,False,False
"Roxana(Roxana, IL)",2026-10-13,Roosevelt,,,,,,,,,,False,False
Ruskin,2026-09-01,Excelsior Springs,,0,4,L,-0.52,5.42,0.52,1.42,1.94,False,False
Ruskin,2026-09-03,Kearney,,1,9,L,0.96,5.03,0.04,-3.97,-3.93,False,False
Ruskin,2026-09-10,Center,,1,4,L,0.31,4.99,0.69,0.99,1.68,False,False
Ruskin,2026-09-15,Oak Park,,1,5,L,-1.0,4.97,2.0,-0.03,1.97,False,False
Ruskin,2026-09-21,Truman,,1,9,L,1.03,4.76,-0.03,-4.24,-4.26,False,False
Ruskin,2026-09-22,Lone Jack,,1,0,W,0.84,3.39,0.16,3.39,3.55,False,False
Ruskin,2026-09-28,Raytown South,,2,1,W,2.98,1.62,-0.98,0.62,-0.36,False,False
Ruskin,2026-09-30,William Chrisman,,,,,-0.01,3.41,,,,False,False
Ruskin,2026-10-05,Grandview,,,,,-0.02,4.39,,,,False,False
Ruskin,2026-10-07,Kearney,,,,,0.96,5.03,,,,False,False
Ruskin,2026-10-08,Belton,,,,,-0.53,5.21,,,,False,False
Ruskin,2026-10-12,Raytown,,,,,1.93,6.68,,,,False,False
Ruskin,2026-10-14,Winnetonka,,,,,0.95,3.55,,,,False,False
Ruskin,2026-10-19,Smithville,,,,,-0.89,4.2,,,,False,False
Ruskin,2026-10-21,Central (Kansas City),,,,,1.38,4.91,,,,False,False
Ruskin,2026-10-27,Paseo Academy,,,,,2.41,2.17,,,,False,False
Ruskin,2026-10-29,Smith-Cotton,,,,,-0.82,5.87,,,,False,False
"SHAWNEE MISSION WEST(SHAWNEE MISSION, KS)",2026-09-04,Lincoln College Prep,,4,5,L,,,,,,False,False
SLUH,2026-08-29,Chaminade College Prep,,2,2,T,1.73,1.38,0.27,-0.62,-0.35,False,False
SLUH,2026-08-31,Marquette,,3,0,W,2.2,1.22,0.8,1.22,2.02,False,False
SLUH,2026-09-01,St. Mary's South Side,,7,0,W,5.29,-0.45,1.71,-0.45,1.26,False,False
SLUH,2026-09-04,Glendale,,3,0,W,2.71,0.77,0.29,0.77,1.07,False,False
SLUH,2026-09-08,Webster Groves,,1,0,W,3.28,0.07,-2.28,0.07,-2.2,False,False
SLUH,2026-09-11,"Marquette U High(Milwaukee, WI)",,0,0,T,,,,,,False,False
SLUH,2026-09-12,"Union Grove HS(Milwaukee, WI)",,2,0,W,,,,,,False,False
SLUH,2026-09-15,St. Dominic,,1,3,L,1.66,0.94,-0.66,-2.06,-2.72,False,False
SLUH,2026-09-17,Vianney,,3,0,W,2.29,0.5,0.71,0.5,1.21,False,False
SLUH,2026-09-21,Notre Dame (Cape Girardeau),,3,1,W,2.55,0.93,0.45,-0.07,0.38,False,False
SLUH,2026-09-24,De Smet Jesuit,,2,0,W,2.99,0.46,-0.99,0.46,-0.53,False,False
SLUH,2026-09-26,Oakville,,1,0,W,1.58,0.84,-0.58,0.84,0.26,False,False
SLUH,2026-09-29,Mehlville,,5,1,W,3.47,-0.97,1.53,-1.97,-0.44,False,False
SLUH,2026-10-01,Ft. Zumwalt South,,3,0,W,3.19,0.42,-0.19,0.42,0.24,False,False
SLUH,2026-10-03,Parkway South,,,,,3.18,-0.19,,,,False,False
SLUH,2026-10-06,Priory,,,,,3.03,-0.06,,,,False,False
SLUH,2026-10-08,Christian Brothers College,,,,,2.03,0.85,,,,False,False
SLUH,2026-10-10,"Wichita SE(Wichita, KS)",,,,,,,,,,False,False
SLUH,2026-10-12,"Triad HS(Triad , IL)",,,,,,,,,,False,False
SLUH,2026-10-26,Lindbergh,,,,,2.88,0.38,,,,False,False
"ST. THOMAS AQUINAS(OVERLAN PARK, KS)",2026-09-08,Lincoln College Prep,,7,5,W,,,,,,False,False
STEAM Academy,2026-08-28,Maplewood-Richmond Hts.,,0,8,L,-1.37,5.77,1.37,-2.23,-0.86,False,False
STEAM Academy,2026-09-03,Hancock,,1,2,L,0.68,2.78,0.32,0.78,1.1,False,False
STEAM Academy,2026-09-10,Hazelwood West,,3,8,L,,,,,,False,False
STEAM Academy,2026-09-15,McCluer North,,6,0,W,5.86,-1.49,0.14,-1.49,-1.35,False,False
STEAM Academy,2026-09-21,Normandy Collaborative,,8,0,W,,,,,,False,False
STEAM Academy,2026-09-23,University City,,1,4,L,1.37,3.41,-0.37,-0.59,-0.96,False,False
STEAM Academy,2026-09-24,Hazelwood Central,,2,4,L,,,,,,False,False
STEAM Academy,2026-09-29,McCluer,,3,2,W,,,,,,False,False
STEAM Academy,2026-10-01,Sullivan,,0,3,L,0.46,4.05,-0.46,1.05,0.59,False,False
STEAM Academy,2026-10-05,Jennings,,,,,7.7,-2.74,,,,False,False
STEAM Academy,2026-10-07,Hazelwood West,,,,,,,,,,False,False
STEAM Academy,2026-10-09,McCluer North,,,,,5.86,-1.49,,,,False,False
STEAM Academy,2026-10-12,Hazelwood East,,,,,,,,,,False,False
STEAM Academy,2026-10-14,Normandy Collaborative,,,,,,,,,,False,False
STEAM Academy,2026-10-16,University City,,,,,1.37,3.41,,,,False,False
STEAM Academy,2026-10-19,Hazelwood Central,,,,,,,,,,False,False
STEAM Academy,2026-10-21,McCluer,,,,,,,,,,False,False
STEAM Academy,2026-10-23,Gateway with Soldan International Studies,,,,,1.18,2.43,,,,False,False
STEAM Academy,2026-10-26,Collegiate School of Med-Bio Science with McKinley Classical Leadership,,,,,0.56,3.68,,,,False,False
Sacred Heart,2026-08-27,Missouri Military Academy,,0,4,L,-0.06,3.82,0.06,-0.18,-0.13,False,False
Sacred Heart,2026-09-02,Lutheran (Kansas City),,0,0,T,0.21,0.91,-0.21,0.91,0.7,False,False
Sacred Heart,2026-09-03,Barstow,,0,8,L,-1.75,4.67,1.75,-3.33,-1.59,False,False
Sacred Heart,2026-09-05,Maryville,,1,4,L,0.83,3.52,0.17,-0.48,-0.31,False,False
Sacred Heart,2026-09-08,Father Tolton,,0,8,L,-2.5,6.37,2.5,-1.63,0.88,False,False
Sacred Heart,2026-09-10,Christian Fellowship Sr. with Hallsville,,0,3,L,0.99,2.73,-0.99,-0.27,-1.26,False,False
Sacred Heart,2026-09-14,Osage,,0,8,L,0.61,3.68,-0.61,-4.32,-4.93,False,False
Sacred Heart,2026-09-15,Stover,,0,6,L,0.13,3.99,-0.13,-2.01,-2.14,False,False
Sacred Heart,2026-09-17,La Monte,,1,0,W,1.6,0.61,-0.6,0.61,0.02,False,False
Sacred Heart,2026-09-22,Green Ridge with Cole Camp,,4,0,W,2.35,1.13,1.65,1.13,2.78,False,False
Sacred Heart,2026-09-29,Smithton,,1,0,W,1.56,1.81,-0.56,1.81,1.26,False,False
Sacred Heart,2026-10-02,Greenwood,,0,4,L,-0.99,3.91,0.99,-0.09,0.91,False,False
Sacred Heart,2026-10-03,New Heights Christian with McAuley Catholic,,,,,-1.12,3.13,,,,False,False
Sacred Heart,2026-10-14,Ewing Marion Kauffman with University Academy Charter,,,,,1.63,3.17,,,,False,False
Sacred Heart,2026-10-16,Knob Noster,,,,,4.1,0.24,,,,False,False
Sacred Heart,2026-10-20,Chillicothe,,,,,-0.72,2.98,,,,False,False
Sacred Heart,2026-10-23,Dixon,,,,,1.98,1.94,,,,False,False
Sacred Heart,2026-10-26,Southern Boone,,,,,-1.07,4.87,,,,False,False
Sacred Heart,2026-10-27,Fatima,,,,,2.88,0.64,,,,False,False
"Sacred Heart Griffin(Springfield, IL)",2026-10-10,Christian Brothers College,,,,,,,,,,False,False
"Saint Thomas Aquinas(Overland Park , KS)",2026-09-03,East (Kansas City),,3,0,W,,,,,,False,False
Savannah,2026-08-27,Smithville,,0,3,L,1.57,1.95,-1.57,-1.05,-2.62,False,False
Savannah,2026-09-01,Kearney,,4,2,W,3.42,2.78,0.58,0.78,1.36,False,False
Savannah,2026-09-02,Excelsior Springs,,1,2,L,1.95,3.18,-0.95,1.18,0.23,False,False
Savannah,2026-09-08,Central (St. Joseph),,1,4,L,0.91,2.77,0.09,-1.23,-1.14,False,False
Savannah,2026-09-10,Odessa,,4,1,W,4.54,0.21,-0.54,-0.79,-1.33,False,False
Savannah,2026-09-16,Cameron,,6,1,W,5.1,0.69,0.9,-0.31,0.59,False,False
Savannah,2026-09-22,Bishop LeBlond,,8,0,W,7.65,0.13,0.35,0.13,0.47,False,False
Savannah,2026-09-23,Maryville,,5,1,W,3.91,1.46,1.09,0.46,1.55,False,False
Savannah,2026-09-29,Cameron,,8,0,W,5.1,0.69,2.9,0.69,3.59,False,False
Savannah,2026-10-01,"Atchison(Atchison, KS)",,5,1,W,,,,,,False,False
Savannah,2026-10-07,Benton,,,,,4.18,2.29,,,,False,False
Savannah,2026-10-12,Chillicothe,,,,,2.37,0.91,,,,False,False
Savannah,2026-10-14,Excelsior Springs,,,,,1.95,3.18,,,,False,False
Savannah,2026-10-19,Maryville,,,,,3.91,1.46,,,,False,False
Savannah,2026-10-20,Bishop LeBlond,,,,,7.65,0.13,,,,False,False
Savannah,2026-10-22,Frontier STEM,,,,,5.29,0.51,,,,False,False
Savannah,2026-10-26,Northland Christian,,,,,3.52,2.06,,,,False,False
Savannah,2026-10-28,Chillicothe,,,,,2.37,0.91,,,,False,False
Saxony Lutheran with St. Vincent,2026-08-27,St. Mary's South Side,,4,2,W,3.67,2.75,0.33,0.75,1.07,False,False
Saxony Lutheran with St. Vincent,2026-09-01,Farmington,,2,3,L,1.79,2.95,0.21,-0.05,0.16,False,False
Saxony Lutheran with St. Vincent,2026-09-03,Dexter,,7,0,W,8.33,-2.22,-1.33,-2.22,-3.55,False,False
Saxony Lutheran with St. Vincent,2026-09-08,Fredericktown,,7,0,W,5.62,-0.13,1.38,-0.13,1.24,False,False
Saxony Lutheran with St. Vincent,2026-09-10,St. Pius X (Festus),,2,3,L,3.35,0.82,-1.35,-2.18,-3.54,False,False
Saxony Lutheran with St. Vincent,2026-09-15,Notre Dame (Cape Girardeau),,1,3,L,0.94,4.13,0.06,1.13,1.2,False,False
Saxony Lutheran with St. Vincent,2026-09-17,"Anna-Jonesboro(Anna, IL)",,5,0,W,,,,,,False,False
Saxony Lutheran with St. Vincent,2026-09-21,Sikeston,,2,3,L,1.68,3.87,0.32,0.87,1.19,False,False
Saxony Lutheran with St. Vincent,2026-09-28,Kennett,,8,0,W,9.25,-1.46,-1.25,-1.46,-2.71,False,False
Saxony Lutheran with St. Vincent,2026-10-01,Dexter,,8,0,W,8.33,-2.22,-0.33,-2.22,-2.55,False,False
Saxony Lutheran with St. Vincent,2026-10-08,Perryville,,,,,3.9,2.06,,,,False,False
Saxony Lutheran with St. Vincent,2026-10-13,Central (Cape Girardeau),,,,,3.89,-0.45,,,,False,False
Saxony Lutheran with St. Vincent,2026-10-15,Jackson,,,,,1.58,3.74,,,,False,False
Saxony Lutheran with St. Vincent,2026-10-20,North County,,,,,6.98,-1.54,,,,False,False
Saxony Lutheran with St. Vincent,2026-10-22,Bayless,,,,,3.2,2.09,,,,False,False
Saxony Lutheran with St. Vincent,2026-10-27,Poplar Bluff,,,,,4.33,3.11,,,,False,False
Saxony Lutheran with St. Vincent,2026-10-29,Lutheran St. Charles,,,,,3.01,1.87,,,,False,False
Seckman,2026-09-01,Parkway South,,,,,1.02,2.05,,,,False,False
Seckman,2026-09-03,Ft. Zumwalt East,,0,1,L,1.45,0.82,-1.45,-0.18,-1.64,False,False
Seckman,2026-09-08,Eureka,,0,3,L,0.91,3.37,-0.91,0.37,-0.54,False,False
Seckman,2026-09-10,Parkway North,,8,0,W,2.8,0.76,5.2,0.76,5.96,False,False
Seckman,2026-09-14,Lindbergh,,0,4,L,0.73,2.62,-0.73,-1.38,-2.1,False,False
Seckman,2026-09-15,Mehlville,,1,0,W,1.31,1.27,-0.31,1.27,0.95,False,False
Seckman,2026-09-17,"WATERLOO HIGH SCHOOL(WATERLOO, IL)",,,,,,,,,,False,False
Seckman,2026-09-21,Jackson,,1,2,L,1.03,2.78,-0.03,0.78,0.74,False,False
Seckman,2026-09-22,Farmington,,0,3,L,1.25,1.99,-1.25,-1.01,-2.26,False,False
Seckman,2026-09-24,Parkway West,,,,,-0.0,2.65,,,,False,False
Seckman,2026-09-28,Fox,,5,1,W,3.75,-0.36,1.25,-1.36,-0.12,False,False
Seckman,2026-10-05,Parkway West,,,,,-0.0,2.65,,,,False,False
Seckman,2026-10-08,Ritenour,,,,,4.2,-1.14,,,,False,False
Seckman,2026-10-12,St. Francis Borgia,,,,,3.95,-0.12,,,,False,False
Seckman,2026-10-19,Pattonville,,,,,2.21,2.14,,,,False,False
Seckman,2026-10-20,Perryville,,,,,3.36,1.09,,,,False,False
Seckman,2026-10-22,Northwest (Cedar Hill),,,,,1.29,3.0,,,,False,False
Seckman,2026-10-26,Oakville,,,,,-0.58,3.08,,,,False,False
Seckman,2026-10-27,St. Mary's South Side,,,,,3.13,1.79,,,,False,False
Seckman,2026-10-29,Affton,,,,,4.42,1.72,,,,False,False
"Shawnee Mission West(Overland Park, KS)",2026-09-01,East (Kansas City),,4,3,W,,,,,,False,False
Sikeston,2026-08-28,"Carbondale(Carbondale, IL)",,3,2,W,,,,,,False,False
Sikeston,2026-08-29,"Murphysboro(Murphysboro, IL)",,5,2,W,,,,,,False,False
Sikeston,2026-09-02,"Marion(Marion, IL)",,5,2,W,,,,,,False,False
Sikeston,2026-09-05,West Plains,,9,1,W,5.36,0.26,3.64,-0.74,2.9,False,False
Sikeston,2026-09-08,DeSoto,,8,0,W,6.26,-0.02,1.74,-0.02,1.72,False,False
Sikeston,2026-09-10,"Carbondale(Carbondale , IL)",,4,2,W,,,,,,False,False
Sikeston,2026-09-11,Bishop DuBourg,,6,2,W,6.44,-1.22,-0.44,-3.22,-3.66,False,False
Sikeston,2026-09-15,Central (Cape Girardeau),,8,0,W,4.6,-1.93,3.4,-1.93,1.47,False,False
Sikeston,2026-09-18,Logan-Rogersville,,2,1,W,2.69,2.26,-0.69,1.26,0.57,False,False
Sikeston,2026-09-18,Trinity Academy,,5,1,W,,,,,,False,False
Sikeston,2026-09-19,Willard,,6,0,W,4.68,-0.68,1.32,-0.68,0.64,False,False
Sikeston,2026-09-21,Saxony Lutheran with St. Vincent,,3,2,W,3.87,1.68,-0.87,-0.32,-1.19,False,False
Sikeston,2026-09-24,Poplar Bluff,,6,2,W,5.04,1.63,0.96,-0.37,0.6,False,False
Sikeston,2026-09-28,Jackson,,1,2,L,2.29,2.26,-1.29,0.26,-1.03,False,False
Sikeston,2026-10-01,"Anna Jonesboro(Anna Jonesboro, IL)",,3,1,W,,,,,,False,False
Sikeston,2026-10-06,Perryville,,,,,4.61,0.57,,,,False,False
Sikeston,2026-10-08,North County,,,,,7.69,-3.02,,,,False,False
Sikeston,2026-10-12,Farmington,,,,,2.5,1.47,,,,False,False
Sikeston,2026-10-15,Festus,,,,,5.58,-2.35,,,,False,False
Sikeston,2026-10-19,Notre Dame (Cape Girardeau),,,,,1.65,2.65,,,,False,False
Sikeston,2026-10-20,Kennett,,,,,9.96,-2.94,,,,False,False
Sikeston,2026-10-22,Hillsboro,,,,,6.16,-1.12,,,,False,False
Sikeston,2026-10-26,Fredericktown,,,,,6.33,-1.62,,,,False,False
Smith-Cotton,2026-08-27,Clinton,,4,1,W,3.23,1.25,0.77,0.25,1.02,False,False
Smith-Cotton,2026-08-27,Stover,,2,1,W,4.31,1.05,-2.31,0.05,-2.27,False,False
Smith-Cotton,2026-08-28,Bolivar,,3,1,W,3.12,1.4,-0.12,0.4,0.28,False,False
Smith-Cotton,2026-08-29,Harrisonville,,3,1,W,3.35,1.43,-0.35,0.43,0.09,False,False
Smith-Cotton,2026-09-01,Lincoln College Prep,,0,5,L,2.14,4.25,-2.14,-0.75,-2.89,False,False
Smith-Cotton,2026-09-02,Raytown,,10,9,W,5.49,3.55,4.51,-5.45,-0.94,False,False
Smith-Cotton,2026-09-08,Jefferson City,,5,1,W,3.87,1.32,1.13,0.32,1.44,False,False
Smith-Cotton,2026-09-10,Blue Springs South,,0,7,L,0.29,4.79,-0.29,-2.21,-2.5,False,False
Smith-Cotton,2026-09-14,Southern Boone,,4,1,W,3.1,1.92,0.9,0.92,1.82,False,False
Smith-Cotton,2026-09-15,Capital City,,4,3,W,2.98,1.96,1.02,-1.04,-0.02,False,False
Smith-Cotton,2026-09-17,Warrensburg,,8,0,W,6.53,-0.31,1.47,-0.31,1.16,False,False
Smith-Cotton,2026-09-21,La Monte,,4,1,W,5.77,-2.34,-1.77,-3.34,-5.11,False,False
Smith-Cotton,2026-09-22,Camdenton,,2,1,W,2.63,2.18,-0.63,1.18,0.55,False,False
Smith-Cotton,2026-09-24,Osage,,4,0,W,4.79,0.74,-0.79,0.74,-0.05,False,False
Smith-Cotton,2026-09-25,North Kansas City,,2,0,W,2.53,2.14,-0.53,2.14,1.61,False,False
Smith-Cotton,2026-09-26,Summit Christian Academy,,1,2,L,2.33,2.09,-1.33,0.09,-1.24,False,False
Smith-Cotton,2026-09-29,Rock Bridge,,0,2,L,0.95,4.19,-0.95,2.19,1.24,False,False
Smith-Cotton,2026-10-06,Helias Catholic,,,,,0.48,3.41,,,,False,False
Smith-Cotton,2026-10-08,William Chrisman,,,,,3.55,0.28,,,,False,False
Smith-Cotton,2026-10-12,Green Ridge with Cole Camp,,,,,6.53,-1.82,,,,False,False
Smith-Cotton,2026-10-13,Hickman,,,,,1.71,3.71,,,,False,False
Smith-Cotton,2026-10-15,Marshall,,,,,1.68,2.55,,,,False,False
Smith-Cotton,2026-10-19,Hillcrest,,,,,4.62,0.5,,,,False,False
Smith-Cotton,2026-10-20,Battle with Columbia Independent,,,,,2.27,2.09,,,,False,False
Smith-Cotton,2026-10-22,Oak Grove,,,,,3.49,1.08,,,,False,False
Smith-Cotton,2026-10-26,St. Michael the Archangel,,,,,1.69,3.02,,,,False,False
Smith-Cotton,2026-10-27,Center,,,,,3.86,1.86,,,,False,False
Smith-Cotton,2026-10-29,Ruskin,,,,,5.87,-0.82,,,,False,False
Smithton,2026-08-27,Fatima,,3,0,W,3.19,0.7,-0.19,0.7,0.5,False,False
Smithton,2026-09-03,Boonville,,0,6,L,-0.03,4.13,0.03,-1.87,-1.84,False,False
Smithton,2026-09-04,Christian Fellowship Sr. with Hallsville,,2,3,L,1.3,2.78,0.7,-0.22,0.48,False,False
Smithton,2026-09-11,La Monte,,2,2,T,1.91,0.66,0.09,-1.34,-1.24,False,False
Smithton,2026-09-15,La Monte,,2,0,W,1.91,0.66,0.09,0.66,0.76,False,False
Smithton,2026-09-16,Knob Noster,,4,0,W,4.41,0.29,-0.41,0.29,-0.11,False,False
Smithton,2026-09-17,Green Ridge with Cole Camp,,5,0,W,2.66,1.18,2.34,1.18,3.52,False,False
Smithton,2026-09-23,Odessa,,2,3,L,1.77,2.32,0.23,-0.68,-0.44,False,False
Smithton,2026-09-24,Eugene,,2,1,W,3.21,1.04,-1.21,0.04,-1.17,False,False
Smithton,2026-09-29,Sacred Heart,,0,1,L,1.81,1.56,-1.81,0.56,-1.26,False,False
Smithton,2026-10-01,Stover,,,,,0.45,4.05,,,,False,False
Smithton,2026-10-02,Ewing Marion Kauffman with University Academy Charter,,,,,1.94,3.23,,,,False,False
Smithton,2026-10-13,Lone Jack,,,,,0.53,3.26,,,,False,False
Smithton,2026-10-15,Moberly,,,,,-0.19,4.09,,,,False,False
Smithton,2026-10-19,Fulton,,,,,1.23,2.24,,,,False,False
Smithton,2026-10-23,Iberia,,,,,6.63,0.41,,,,False,False
Smithton,2026-10-26,St. Paul Lutheran (Concordia),,,,,-0.35,4.64,,,,False,False
Smithton,2026-10-27,Southern Boone,,,,,-0.76,4.92,,,,False,False
Smithton,2026-10-29,Clinton,,,,,-0.63,4.25,,,,False,False
Smithville,2026-08-27,Savannah,,3,0,W,1.95,1.57,1.05,1.57,2.62,False,False
Smithville,2026-09-01,Raytown,,1,2,L,3.82,3.48,-2.82,1.48,-1.34,False,False
Smithville,2026-09-02,Grain Valley,,1,3,L,0.87,2.52,0.13,-0.48,-0.34,False,False
Smithville,2026-09-08,Maryville,,3,2,W,3.34,0.51,-0.34,-1.49,-1.83,False,False
Smithville,2026-09-10,Excelsior Springs,,1,0,W,1.37,2.22,-0.37,2.22,1.85,False,False
Smithville,2026-09-12,Barstow,,2,1,W,0.76,1.65,1.24,0.65,1.89,False,False
Smithville,2026-09-14,Kearney,,3,1,W,2.84,1.82,0.16,0.82,0.98,False,False
Smithville,2026-09-16,Platte County,,0,1,L,1.8,1.6,-1.8,0.6,-1.2,False,False
Smithville,2026-09-17,St. Pius X (Kansas City),,2,7,L,1.9,2.76,0.1,-4.24,-4.14,False,False
Smithville,2026-09-22,Van Horn,,0,7,L,-1.1,4.78,1.1,-2.22,-1.12,False,False
Smithville,2026-09-23,Park Hill,,0,6,L,-0.66,2.77,0.66,-3.23,-2.57,False,False
Smithville,2026-09-24,Staley,,0,3,L,-0.81,2.46,0.81,-0.54,0.27,False,False
Smithville,2026-09-28,Grandview,,2,1,W,1.86,1.19,0.14,0.19,0.32,False,False
Smithville,2026-09-30,Belton,,3,2,W,1.36,2.01,1.64,0.01,1.65,False,False
Smithville,2026-10-01,Central (St. Joseph),,,,,0.34,1.82,,,,False,False
Smithville,2026-10-06,Park Hill South,,,,,-1.56,3.99,,,,False,False
Smithville,2026-10-08,Harrisonville,,,,,1.68,1.36,,,,False,False
Smithville,2026-10-12,East (Kansas City),,,,,2.07,3.02,,,,False,False
Smithville,2026-10-14,Fort Osage,,,,,0.13,2.48,,,,False,False
Smithville,2026-10-19,Ruskin,,,,,4.2,-0.89,,,,False,False
Smithville,2026-10-21,Raytown South,,,,,4.87,-1.58,,,,False,False
Smithville,2026-10-27,Winnetonka,,,,,2.84,0.34,,,,False,False
Southern Boone,2026-08-27,Kirksville,,1,0,W,1.74,1.83,-0.74,1.83,1.09,False,False
Southern Boone,2026-09-01,Osage,,3,2,W,3.98,1.11,-0.98,-0.89,-1.87,False,False
Southern Boone,2026-09-03,Elsberry,,5,0,W,4.71,-1.26,0.29,-1.26,-0.97,False,False
Southern Boone,2026-09-08,Moberly,,5,1,W,2.87,1.46,2.13,0.46,2.6,False,False
Southern Boone,2026-09-10,Eugene,,8,0,W,6.26,-1.59,1.74,-1.59,0.15,False,False
Southern Boone,2026-09-11,Perryville,,1,2,L,2.44,2.65,-1.44,0.65,-0.78,False,False
Southern Boone,2026-09-11,Marshall,,0,4,L,0.87,2.92,-0.87,-1.08,-1.95,False,False
Southern Boone,2026-09-14,Smith-Cotton,,1,4,L,1.92,3.1,-0.92,-0.9,-1.82,False,False
Southern Boone,2026-09-17,Christian Fellowship Sr. with Hallsville,,6,1,W,4.35,0.15,1.65,-0.85,0.8,False,False
Southern Boone,2026-09-21,Boonville,,2,1,W,3.03,1.51,-1.03,0.51,-0.52,False,False
Southern Boone,2026-09-24,Helias Catholic,,1,2,L,-0.34,3.78,1.34,1.78,3.11,False,False
Southern Boone,2026-09-25,Camdenton,,2,3,L,1.82,2.55,0.18,-0.45,-0.26,False,False
Southern Boone,2026-09-29,Mexico,,7,1,W,5.82,-0.8,1.18,-1.8,-0.62,False,False
Southern Boone,2026-09-30,Wright City,,9,1,W,4.15,-0.42,4.85,-1.42,3.43,False,False
Southern Boone,2026-10-05,Canton,,,,,7.63,-0.58,,,,False,False
Southern Boone,2026-10-06,Father Tolton,,,,,0.86,3.8,,,,False,False
Southern Boone,2026-10-08,Jefferson City,,,,,3.06,1.69,,,,False,False
Southern Boone,2026-10-12,Laquey with Richland,,,,,3.27,0.72,,,,False,False
Southern Boone,2026-10-13,Missouri Military Academy,,,,,3.31,1.24,,,,False,False
Southern Boone,2026-10-15,Fulton,,,,,4.29,-0.39,,,,False,False
Southern Boone,2026-10-21,Battle with Columbia Independent,,,,,1.46,2.46,,,,False,False
Southern Boone,2026-10-23,Green Ridge with Cole Camp,,,,,5.71,-1.45,,,,False,False
Southern Boone,2026-10-26,Sacred Heart,,,,,4.87,-1.07,,,,False,False
Southern Boone,2026-10-27,Smithton,,,,,4.92,-0.76,,,,False,False
Springfield Catholic,2026-08-27,Carthage,,1,3,L,1.82,1.44,-0.82,-1.56,-2.38,False,False
Springfield Catholic,2026-08-29,Capital City,,3,1,W,3.65,0.77,-0.65,-0.23,-0.88,False,False
Springfield Catholic,2026-09-01,Republic,,7,0,W,2.77,-0.12,4.23,-0.12,4.11,False,False
Springfield Catholic,2026-09-03,Carl Junction,,6,0,W,4.16,-0.11,1.84,-0.11,1.73,False,False
Springfield Catholic,2026-09-04,Pembroke Hill,,0,4,L,1.11,3.21,-1.11,-0.79,-1.9,False,False
Springfield Catholic,2026-09-08,Nixa,,2,3,L,1.12,3.15,0.88,0.15,1.03,False,False
Springfield Catholic,2026-09-10,Liberty North,,0,4,L,0.45,3.75,-0.45,-0.25,-0.69,False,False
Springfield Catholic,2026-09-11,Kickapoo,,3,0,W,4.03,0.79,-1.03,0.79,-0.25,False,False
Springfield Catholic,2026-09-12,Grain Valley,,4,2,W,3.21,1.41,0.79,-0.59,0.2,False,False
Springfield Catholic,2026-09-14,Monett,,3,1,W,3.44,0.9,-0.44,-0.1,-0.54,False,False
Springfield Catholic,2026-09-15,Glendale,,2,1,W,1.11,3.02,0.89,2.02,2.91,False,False
Springfield Catholic,2026-09-18,Bishop DuBourg,,8,0,W,5.75,-0.69,2.25,-0.69,1.56,False,False
Springfield Catholic,2026-09-19,St. Michael the Archangel,,0,1,L,2.37,1.84,-2.37,0.84,-1.52,False,False
Springfield Catholic,2026-09-24,Rolla,,3,0,W,3.4,-0.29,-0.4,-0.29,-0.69,False,False
Springfield Catholic,2026-09-28,Ozark,,3,2,W,2.73,2.4,0.27,0.4,0.67,False,False
Springfield Catholic,2026-09-29,Trinity Academy,,7,1,W,,,,,,False,False
Springfield Catholic,2026-10-06,Logan-Rogersville,,,,,2.0,2.79,,,,False,False
Springfield Catholic,2026-10-09,Camdenton,,,,,3.3,1.0,,,,False,False
Springfield Catholic,2026-10-13,Branson,,,,,2.98,1.18,,,,False,False
Springfield Catholic,2026-10-16,Chaminade College Prep,,,,,0.13,3.63,,,,False,False
Springfield Catholic,2026-10-17,Principia,,,,,1.98,1.09,,,,False,False
Springfield Catholic,2026-10-19,Joplin,,,,,2.86,0.53,,,,False,False
Springfield Catholic,2026-10-22,West Plains,,,,,4.66,0.78,,,,False,False
Springfield Catholic,2026-10-27,New Covenant Academy,,,,,4.51,-0.81,,,,False,False
Springfield Catholic,2026-10-28,Neosho,,,,,3.27,0.51,,,,False,False
"St James(Lenexa, KS)",2026-10-20,Rockhurst,,,,,,,,,,False,False
"St Thomas Aquinas(Overland Park, KS)",2026-10-03,Rockhurst,,,,,,,,,,False,False
St. Charles,2026-08-27,Northwest (Cedar Hill),,3,4,L,3.13,3.08,-0.13,-0.92,-1.05,False,False
St. Charles,2026-09-01,Holt,,8,0,W,5.92,-0.01,2.08,-0.01,2.07,False,False
St. Charles,2026-09-03,Winfield,,5,0,W,6.52,-0.51,-1.52,-0.51,-2.02,False,False
St. Charles,2026-09-08,St. Charles West,,8,0,W,5.34,-0.75,2.66,-0.75,1.9,False,False
St. Charles,2026-09-10,Orchard Farm,,1,3,L,2.85,1.2,-1.85,-1.8,-3.65,False,False
St. Charles,2026-09-15,Warrenton,,6,2,W,5.26,1.14,0.74,-0.86,-0.12,False,False
St. Charles,2026-09-17,Ft. Zumwalt North,,6,0,W,4.25,0.03,1.75,0.03,1.78,False,False
St. Charles,2026-09-21,North Point,,4,1,W,4.17,2.68,-0.17,1.68,1.51,False,False
St. Charles,2026-09-24,Pattonville,,5,1,W,4.05,2.22,0.95,1.22,2.17,False,False
St. Charles,2026-09-25,Troy Buchanan,,2,1,W,2.72,1.39,-0.72,0.39,-0.32,False,False
St. Charles,2026-09-29,Father Tolton,,3,2,W,3.63,2.32,-0.63,0.32,-0.31,False,False
St. Charles,2026-10-02,Veritas Christian Academy,,5,1,W,3.87,0.96,1.13,-0.04,1.09,False,False
St. Charles,2026-10-06,Pattonville,,,,,4.05,2.22,,,,False,False
St. Charles,2026-10-08,Lutheran St. Charles,,,,,4.3,0.99,,,,False,False
St. Charles,2026-10-13,Clayton,,,,,2.28,2.99,,,,False,False
St. Charles,2026-10-19,Duchesne,,,,,5.93,0.02,,,,False,False
St. Charles,2026-10-20,Parkway North,,,,,4.64,0.84,,,,False,False
St. Charles,2026-10-22,Wright City,,,,,6.91,-1.9,,,,False,False
St. Charles,2026-10-28,Washington,,,,,5.27,0.17,,,,False,False
St. Charles West,2026-08-28,Hancock,,2,1,W,1.68,0.43,0.32,-0.57,-0.25,False,False
St. Charles West,2026-09-01,Warrenton,,1,2,L,0.93,2.9,0.07,0.9,0.98,False,False
St. Charles West,2026-09-03,Orchard Farm,,0,6,L,-1.48,2.96,1.48,-3.04,-1.56,False,False
St. Charles West,2026-09-08,St. Charles,,0,8,L,-0.75,5.34,0.75,-2.66,-1.9,False,False
St. Charles West,2026-09-10,Holt,,2,1,W,1.59,1.76,0.41,0.76,1.17,False,False
St. Charles West,2026-09-11,Whitfield,,1,0,W,0.88,2.63,0.12,2.63,2.75,False,False
St. Charles West,2026-09-15,Winfield,,0,1,L,2.18,1.25,-2.18,0.25,-1.93,False,False
St. Charles West,2026-09-17,Pacific,,1,0,W,1.38,0.7,-0.38,0.7,0.32,False,False
St. Charles West,2026-09-22,Veritas Christian Academy,,0,5,L,-0.46,2.73,0.46,-2.27,-1.82,False,False
St. Charles West,2026-09-24,Troy Buchanan,,0,6,L,-1.62,3.16,1.62,-2.84,-1.23,False,False
St. Charles West,2026-09-25,Pattonville,,0,4,L,-0.28,3.99,0.28,-0.01,0.27,False,False
St. Charles West,2026-09-25,"Pattonville(St. Charles, MO)",,0,4,L,,,,,,False,False
St. Charles West,2026-09-29,Washington,,1,2,L,0.94,1.93,0.06,-0.07,-0.0,False,False
St. Charles West,2026-10-01,Pattonville,,0,5,L,-0.28,3.99,0.28,-1.01,-0.73,False,False
St. Charles West,2026-10-06,Timberland,,,,,-1.45,3.34,,,,False,False
St. Charles West,2026-10-08,Veritas Christian Academy,,,,,-0.46,2.73,,,,False,False
St. Charles West,2026-10-12,Duchesne,,,,,1.6,1.78,,,,False,False
St. Charles West,2026-10-15,Troy Buchanan,,,,,-1.62,3.16,,,,False,False
St. Charles West,2026-10-20,Union,,,,,0.77,1.32,,,,False,False
St. Charles West,2026-10-22,Roosevelt,,,,,2.56,-0.31,,,,False,False
St. Charles West,2026-10-27,Parkway North,,,,,0.31,2.61,,,,False,False
St. Charles West,2026-10-29,Collegiate School of Med-Bio Science with McKinley Classical Leadership,,,,,1.56,1.33,,,,False,False
St. Dominic,2026-09-01,Vianney,,1,0,W,1.65,0.58,-0.65,0.58,-0.07,False,False
St. Dominic,2026-09-09,Lindbergh,,4,3,W,2.24,0.47,1.76,-2.53,-0.78,False,False
St. Dominic,2026-09-10,Priory,,1,2,L,2.39,0.03,-1.39,-1.97,-3.37,False,False
St. Dominic,2026-09-12,Marquette,,1,0,W,1.56,1.3,-0.56,1.3,0.74,False,False
St. Dominic,2026-09-15,SLUH,,3,1,W,0.94,1.66,2.06,0.66,2.72,False,False
St. Dominic,2026-09-17,St. Francis Borgia,,7,0,W,5.47,-2.27,1.53,-2.27,-0.74,False,False
St. Dominic,2026-09-21,"Triad(Triad, IL)",,0,1,L,,,,,,False,False
St. Dominic,2026-09-26,Francis Howell Central,,0,0,T,1.71,1.43,-1.71,1.43,-0.28,False,False
St. Dominic,2026-09-29,De Smet Jesuit,,3,0,W,2.35,0.54,0.65,0.54,1.19,False,False
St. Dominic,2026-10-01,Westminster Christian Academy,,3,2,W,3.65,-0.33,-0.65,-2.33,-2.98,False,False
St. Dominic,2026-10-03,Ladue Horton Watkins,,,,,2.07,1.06,,,,False,False
St. Dominic,2026-10-06,Christian Brothers College,,,,,1.39,0.93,,,,False,False
St. Dominic,2026-10-10,Vianney,,,,,1.65,0.58,,,,False,False
St. Dominic,2026-10-13,Francis Howell,,,,,2.4,0.37,,,,False,False
St. Dominic,2026-10-15,John Burroughs,,,,,2.28,1.09,,,,False,False
St. Dominic,2026-10-19,Kirkwood,,,,,1.19,0.6,,,,False,False
St. Dominic,2026-10-22,Ft. Zumwalt South,,,,,2.55,0.5,,,,False,False
St. Dominic,2026-10-24,Timberland,,,,,2.56,-0.66,,,,False,False
St. Dominic,2026-10-26,Chaminade College Prep,,,,,1.09,1.46,,,,False,False
St. Francis Borgia,2026-08-27,Lafayette (Wildwood),,0,4,L,-0.48,6.05,0.48,2.05,2.53,False,False
St. Francis Borgia,2026-08-31,St. Louis United,,2,4,L,,,,,,False,False
St. Francis Borgia,2026-09-10,Hillsboro,,3,1,W,3.13,1.7,-0.13,0.7,0.57,False,False
St. Francis Borgia,2026-09-15,Union,,2,3,L,1.49,1.76,0.51,-1.24,-0.73,False,False
St. Francis Borgia,2026-09-17,St. Dominic,,0,7,L,-2.27,5.47,2.27,-1.53,0.74,False,False
St. Francis Borgia,2026-09-21,St. Pius X (Festus),,0,1,L,1.04,2.15,-1.04,1.15,0.11,False,False
St. Francis Borgia,2026-09-24,Father Tolton,,0,5,L,0.02,4.53,-0.02,-0.47,-0.49,False,False
St. Francis Borgia,2026-09-29,North Point,,1,6,L,0.56,4.89,0.44,-1.11,-0.67,False,False
St. Francis Borgia,2026-10-01,Gateway Legacy Sr. H.,,2,8,L,,,,,,False,False
St. Francis Borgia,2026-10-03,Helias Catholic,,,,,-1.18,4.51,,,,False,False
St. Francis Borgia,2026-10-06,Washington,,,,,1.66,2.38,,,,False,False
St. Francis Borgia,2026-10-08,Pacific,,,,,2.1,1.15,,,,False,False
St. Francis Borgia,2026-10-12,Seckman,,,,,-0.12,3.95,,,,False,False
St. Francis Borgia,2026-10-19,Eureka,,,,,-0.86,5.66,,,,False,False
St. Francis Borgia,2026-10-22,Rolla,,,,,1.07,2.0,,,,False,False
St. Francis Borgia,2026-10-26,Bishop DuBourg,,,,,3.41,1.6,,,,False,False
St. Francis Borgia,2026-10-28,Lutheran St. Charles,,,,,0.69,3.2,,,,False,False
"St. James(Kansas City, KS)",2026-10-09,Chaminade College Prep,,,,,,,,,,False,False
"St. James(Lenexa, KS)",2026-10-10,Mehlville,,,,,,,,,,False,False
St. Louis United,2026-08-29,Troy Buchanan,,1,4,L,,,,,,False,False
St. Louis United,2026-08-31,St. Francis Borgia,,4,2,W,,,,,,False,False
St. Louis United,2026-09-09,Duchesne,,1,4,L,,,,,,False,False
St. Louis United,2026-09-10,Union,,2,1,W,,,,,,False,False
St. Louis United,2026-09-15,St. Mary's South Side,,0,8,L,,,,,,False,False
St. Louis United,2026-09-16,Wright City,,3,1,W,,,,,,False,False
St. Louis United,2026-09-21,Gateway with Soldan International Studies,,2,0,W,,,,,,False,False
St. Louis United,2026-09-24,Orchard Farm,,0,2,L,,,,,,False,False
St. Louis United,2026-09-28,Gateway Science Charter,,5,2,W,,,,,,False,False
St. Louis United,2026-10-05,Sullivan,,,,,,,,,,False,False
St. Louis United,2026-10-10,Principia,,,,,,,,,,False,False
St. Louis United,2026-10-13,Pacific,,,,,,,,,,False,False
St. Louis United,2026-10-15,Veritas Christian Academy,,,,,,,,,,False,False
St. Louis United,2026-10-19,Warrenton,,,,,,,,,,False,False
St. Louis United,2026-10-27,Brentwood,,,,,,,,,,False,False
St. Louis United,2026-10-29,Bishop DuBourg,,,,,,,,,,False,False
St. Mary's South Side,2026-08-27,Saxony Lutheran with St. Vincent,,2,4,L,2.75,3.67,-0.75,-0.33,-1.07,False,False
St. Mary's South Side,2026-08-29,Helias Catholic,,2,3,L,0.72,3.69,1.28,0.69,1.97,False,False
St. Mary's South Side,2026-09-01,SLUH,,0,7,L,-0.45,5.29,0.45,-1.71,-1.26,False,False
St. Mary's South Side,2026-09-03,Clayton,,1,7,L,0.56,4.38,0.44,-2.62,-2.19,False,False
St. Mary's South Side,2026-09-05,De Smet Jesuit,,1,4,L,0.96,4.18,0.04,0.18,0.21,False,False
St. Mary's South Side,2026-09-08,St. Pius X (Festus),,1,0,W,2.94,1.33,-1.94,1.33,-0.61,False,False
St. Mary's South Side,2026-09-10,MICDS,,0,1,L,1.94,2.85,-1.94,1.85,-0.09,False,False
St. Mary's South Side,2026-09-15,St. Louis United,,8,0,W,,,,,,False,False
St. Mary's South Side,2026-09-16,Gateway with Soldan International Studies,,7,1,W,4.8,-0.3,2.2,-1.3,0.91,False,False
St. Mary's South Side,2026-09-19,Vianney,,2,7,L,0.26,4.21,1.74,-2.79,-1.05,False,False
St. Mary's South Side,2026-09-22,Affton,,7,2,W,4.54,3.2,2.46,1.2,3.65,False,False
St. Mary's South Side,2026-09-24,Lutheran South,,2,3,L,2.91,2.79,-0.91,-0.21,-1.12,False,False
St. Mary's South Side,2026-09-26,Metro,,4,3,W,3.03,2.8,0.97,-0.2,0.77,False,False
St. Mary's South Side,2026-09-29,Veritas Christian Academy,,2,3,L,2.16,2.35,-0.16,-0.65,-0.81,False,False
St. Mary's South Side,2026-10-02,Bishop DuBourg,,5,1,W,5.32,0.78,-0.32,-0.22,-0.54,False,False
St. Mary's South Side,2026-10-03,Webster Groves,,,,,1.25,3.79,,,,False,False
St. Mary's South Side,2026-10-06,Lutheran St. Charles,,,,,2.59,2.38,,,,False,False
St. Mary's South Side,2026-10-13,Ritenour,,,,,4.32,0.33,,,,False,False
St. Mary's South Side,2026-10-17,Troy Buchanan,,,,,1.0,2.78,,,,False,False
St. Mary's South Side,2026-10-19,Whitfield,,,,,3.5,2.25,,,,False,False
St. Mary's South Side,2026-10-22,Collegiate School of Med-Bio Science with McKinley Classical Leadership,,,,,4.18,0.96,,,,False,False
St. Mary's South Side,2026-10-27,Seckman,,,,,1.79,3.13,,,,False,False
St. Michael the Archangel,2026-08-31,Northeast (Kansas City),,0,3,L,1.27,3.81,-1.27,0.81,-0.46,False,False
St. Michael the Archangel,2026-09-09,Park Hill South,,3,1,W,0.4,3.02,2.6,2.02,4.63,False,False
St. Michael the Archangel,2026-09-10,Warrensburg,,7,0,W,6.82,-1.35,0.18,-1.35,-1.17,False,False
St. Michael the Archangel,2026-09-16,"KC East Christian(Overland Park, KS)",,3,1,W,,,,,,False,False
St. Michael the Archangel,2026-09-18,Helias Catholic,,0,3,L,0.77,2.36,-0.77,-0.64,-1.4,False,False
St. Michael the Archangel,2026-09-19,Springfield Catholic,,1,0,W,1.84,2.37,-0.84,2.37,1.52,False,False
St. Michael the Archangel,2026-09-21,"Sumner(Kansas City, KS)",,2,3,L,,,,,,False,False
St. Michael the Archangel,2026-09-24,Lincoln College Prep,,3,7,L,2.43,3.21,0.57,-3.79,-3.22,False,False
St. Michael the Archangel,2026-09-29,Lee's Summit,,0,3,L,-0.37,3.88,0.37,0.88,1.24,False,False
St. Michael the Archangel,2026-10-06,Harrisonville,,,,,3.64,0.39,,,,False,False
St. Michael the Archangel,2026-10-08,Blue Springs,,,,,0.97,3.16,,,,False,False
St. Michael the Archangel,2026-10-10,"St. Thomas Aquinas(Overland Park, KS)",,,,,,,,,,False,False
St. Michael the Archangel,2026-10-13,Pembroke Hill,,,,,0.73,3.35,,,,False,False
St. Michael the Archangel,2026-10-15,Van Horn,,,,,0.86,3.81,,,,False,False
St. Michael the Archangel,2026-10-20,Summit Christian Academy,,,,,2.62,1.05,,,,False,False
St. Michael the Archangel,2026-10-22,Barstow,,,,,2.72,0.68,,,,False,False
St. Michael the Archangel,2026-10-26,Smith-Cotton,,,,,3.02,1.69,,,,False,False
St. Michael the Archangel,2026-10-27,St. Pius X (Kansas City),,,,,3.86,1.79,,,,False,False
St. Paul Lutheran (Concordia),2026-08-28,Christian Fellowship Sr. with Hallsville,,2,1,W,4.07,0.56,-2.07,-0.44,-2.51,False,False
St. Paul Lutheran (Concordia),2026-09-08,Clinton,,2,1,W,2.14,2.03,-0.14,1.03,0.89,False,False
St. Paul Lutheran (Concordia),2026-09-10,Green Ridge with Cole Camp,,6,0,W,5.43,-1.04,0.57,-1.04,-0.47,False,False
St. Paul Lutheran (Concordia),2026-09-14,Faith Christian Academy,,1,2,L,1.58,1.6,-0.58,-0.4,-0.98,False,False
St. Paul Lutheran (Concordia),2026-09-18,La Monte,,4,0,W,4.68,-1.56,-0.68,-1.56,-2.24,False,False
St. Paul Lutheran (Concordia),2026-09-22,Knob Noster,,6,1,W,7.18,-1.93,-1.18,-2.93,-4.11,False,False
St. Paul Lutheran (Concordia),2026-09-23,Pleasant Hill,,2,3,L,1.79,2.32,0.21,-0.68,-0.47,False,False
St. Paul Lutheran (Concordia),2026-09-26,Father Tolton,,0,3,L,0.58,4.21,-0.58,1.21,0.62,False,False
St. Paul Lutheran (Concordia),2026-09-28,Stover,,5,4,W,3.22,1.83,1.78,-2.17,-0.39,False,False
St. Paul Lutheran (Concordia),2026-09-29,Central (Springfield),,2,0,W,1.69,2.41,0.31,2.41,2.72,False,False
St. Paul Lutheran (Concordia),2026-10-01,Chillicothe,,,,,2.37,0.81,,,,False,False
St. Paul Lutheran (Concordia),2026-10-06,Marshall,,,,,0.59,3.33,,,,False,False
St. Paul Lutheran (Concordia),2026-10-08,Lutheran (Kansas City),,,,,3.29,-1.25,,,,False,False
St. Paul Lutheran (Concordia),2026-10-13,Boonville,,,,,2.74,1.91,,,,False,False
St. Paul Lutheran (Concordia),2026-10-14,Oak Grove,,,,,2.4,1.86,,,,False,False
St. Paul Lutheran (Concordia),2026-10-21,Odessa,,,,,4.54,0.1,,,,False,False
St. Paul Lutheran (Concordia),2026-10-22,Center,,,,,2.77,2.63,,,,False,False
St. Paul Lutheran (Concordia),2026-10-26,Smithton,,,,,4.64,-0.35,,,,False,False
St. Paul Lutheran (Concordia),2026-10-27,Clinton,,,,,2.14,2.03,,,,False,False
St. Paul Lutheran (Concordia),2026-10-29,Green Ridge with Cole Camp,,,,,5.43,-1.04,,,,False,False
St. Pius X (Festus),2026-08-28,Bishop DuBourg,,4,3,W,3.38,0.46,0.62,-2.54,-1.93,False,False
St. Pius X (Festus),2026-09-01,Affton,,3,2,W,2.61,2.88,0.39,0.88,1.27,False,False
St. Pius X (Festus),2026-09-03,Fox,,,,,1.95,0.79,,,,False,False
St. Pius X (Festus),2026-09-08,St. Mary's South Side,,0,1,L,1.33,2.94,-1.33,1.94,0.61,False,False
St. Pius X (Festus),2026-09-10,Saxony Lutheran with St. Vincent,,3,2,W,0.82,3.35,2.18,1.35,3.54,False,False
St. Pius X (Festus),2026-09-14,Brentwood,,1,2,L,2.18,0.83,-1.18,-1.17,-2.35,False,False
St. Pius X (Festus),2026-09-15,Roosevelt,,4,1,W,3.25,-1.0,0.75,-2.0,-1.25,False,False
St. Pius X (Festus),2026-09-21,St. Francis Borgia,,1,0,W,2.15,1.04,-1.15,1.04,-0.11,False,False
St. Pius X (Festus),2026-09-24,Union,,2,1,W,1.46,0.63,0.54,-0.37,0.16,False,False
St. Pius X (Festus),2026-09-28,Notre Dame (Cape Girardeau),,0,8,L,-1.41,4.33,1.41,-3.67,-2.26,False,False
St. Pius X (Festus),2026-10-02,Orchard Farm,,,,,-0.8,2.27,,,,False,False
St. Pius X (Festus),2026-10-06,"Gibault Catholic(Waterloo , IL)",,,,,,,,,,False,False
St. Pius X (Festus),2026-10-12,Poplar Bluff,,,,,1.98,3.31,,,,False,False
St. Pius X (Festus),2026-10-15,Fredericktown,,,,,3.28,0.06,,,,False,False
St. Pius X (Festus),2026-10-17,St. Pius X (Kansas City),,,,,1.88,2.79,,,,False,False
St. Pius X (Festus),2026-10-20,Bayless,,,,,0.86,2.28,,,,False,False
St. Pius X (Festus),2026-10-22,Lutheran South,,,,,0.98,2.47,,,,False,False
St. Pius X (Festus),2026-10-26,Valley Park,,,,,1.05,0.25,,,,False,False
St. Pius X (Kansas City),2026-09-01,"St. Thomas Aquinas(Overland Park, KS)",,1,2,L,,,,,,False,False
St. Pius X (Kansas City),2026-09-07,North Kansas City,,1,2,L,2.62,2.98,-1.62,0.98,-0.65,False,False
St. Pius X (Kansas City),2026-09-08,Harrisonville,,4,3,W,3.44,2.27,0.56,-0.73,-0.17,False,False
St. Pius X (Kansas City),2026-09-10,"Bishop Miege(Kansas City, KS)",,0,8,L,,,,,,False,False
St. Pius X (Kansas City),2026-09-16,Barstow,,1,3,L,2.53,2.56,-1.53,-0.44,-1.97,False,False
St. Pius X (Kansas City),2026-09-17,Smithville,,7,2,W,2.76,1.9,4.24,-0.1,4.14,False,False
St. Pius X (Kansas City),2026-09-21,Excelsior Springs,,2,3,L,3.14,3.13,-1.14,0.13,-1.01,False,False
St. Pius X (Kansas City),2026-09-24,Bishop LeBlond,,3,0,W,8.84,0.08,-5.84,0.08,-5.76,False,False
St. Pius X (Kansas City),2026-09-29,Van Horn,,1,6,L,0.66,5.69,0.34,-0.31,0.03,False,False
St. Pius X (Kansas City),2026-09-30,Cameron,,8,0,W,6.29,0.64,1.71,0.64,2.35,False,False
St. Pius X (Kansas City),2026-10-06,Raytown,,,,,5.58,4.39,,,,False,False
St. Pius X (Kansas City),2026-10-07,Willard,,,,,3.41,1.87,,,,False,False
St. Pius X (Kansas City),2026-10-15,Summit Christian Academy,,,,,2.43,2.93,,,,False,False
St. Pius X (Kansas City),2026-10-17,St. Pius X (Festus),,,,,2.79,1.88,,,,False,False
St. Pius X (Kansas City),2026-10-22,Benton,,,,,5.37,2.24,,,,False,False
St. Pius X (Kansas City),2026-10-27,St. Michael the Archangel,,,,,1.79,3.86,,,,False,False
"St. Thomas Aquinas(Overland Park, KS)",2026-09-01,St. Pius X (Kansas City),,2,1,W,,,,,,False,False
"St. Thomas Aquinas(Overland Park, KS)",2026-09-10,Pembroke Hill,,1,2,L,,,,,,False,False
"St. Thomas Aquinas(Overland Park, KS)",2026-10-10,St. Michael the Archangel,,,,,,,,,,False,False
"St. Thomas Aquinas(Overland Park, KS)",2026-10-19,Park Hill South,,,,,,,,,,False,False
Staley,2026-09-01,Central (St. Joseph),,2,0,W,1.81,0.02,0.19,0.02,0.21,False,False
Staley,2026-09-03,Liberty,,0,2,L,0.3,2.6,-0.3,0.6,0.3,False,False
Staley,2026-09-08,Liberty North,,0,3,L,-0.43,3.06,0.43,0.06,0.49,False,False
Staley,2026-09-15,Blue Springs,,0,1,L,0.48,2.32,-0.48,1.32,0.85,False,False
Staley,2026-09-17,Oak Park,,2,0,W,2.36,-0.04,-0.36,-0.04,-0.39,False,False
Staley,2026-09-22,Park Hill,,0,2,L,0.81,0.97,-0.81,-1.03,-1.85,False,False
Staley,2026-09-23,Van Horn,,2,2,T,0.37,2.98,1.63,0.98,2.61,False,False
Staley,2026-09-24,Smithville,,3,0,W,2.46,-0.81,0.54,-0.81,-0.27,False,False
Staley,2026-09-29,Park Hill South,,0,3,L,-0.09,2.19,0.09,-0.81,-0.71,False,False
Staley,2026-10-06,North Kansas City,,,,,2.33,0.27,,,,False,False
Staley,2026-10-07,Platte County,,,,,3.27,-0.2,,,,False,False
Staley,2026-10-08,Kearney,,,,,4.31,0.02,,,,False,False
Staley,2026-10-13,Raymore-Peculiar,,,,,0.74,0.61,,,,False,False
Staley,2026-10-15,Blue Springs South,,,,,0.09,2.92,,,,False,False
Staley,2026-10-20,Lee's Summit West,,,,,-0.11,2.43,,,,False,False
Staley,2026-10-22,Lee's Summit,,,,,-0.86,3.05,,,,False,False
Staley,2026-10-27,Park Hill,,,,,0.81,0.97,,,,False,False
Stover,2026-08-27,Smith-Cotton,,1,2,L,1.05,4.31,-0.05,2.31,2.27,False,False
Stover,2026-09-03,Fatima,,4,2,W,5.37,-0.73,-1.37,-2.73,-4.1,False,False
Stover,2026-09-08,Rock Bridge,,2,0,W,-0.74,5.76,2.74,5.76,8.5,False,False
Stover,2026-09-11,Dixon,,3,2,W,4.47,0.57,-1.47,-1.43,-2.9,False,False
Stover,2026-09-14,Knob Noster,,7,0,W,6.59,-1.13,0.41,-1.13,-0.71,False,False
Stover,2026-09-15,Sacred Heart,,6,0,W,3.99,0.13,2.01,0.13,2.14,False,False
Stover,2026-09-17,Eugene,,3,0,W,5.39,-0.39,-2.39,-0.39,-2.77,False,False
Stover,2026-09-22,La Monte,,4,0,W,4.09,-0.76,-0.09,-0.76,-0.84,False,False
Stover,2026-09-24,Green Ridge with Cole Camp,,2,0,W,4.84,-0.24,-2.84,-0.24,-3.08,False,False
Stover,2026-09-28,St. Paul Lutheran (Concordia),,4,5,L,1.83,3.22,2.17,-1.78,0.39,False,False
Stover,2026-09-29,Christian Fellowship Sr. with Hallsville,,2,0,W,3.48,1.36,-1.48,1.36,-0.12,False,False
Stover,2026-10-01,Smithton,,,,,4.05,0.45,,,,False,False
Stover,2026-10-13,Paseo Academy,,,,,4.28,0.61,,,,False,False
Stover,2026-10-19,Iberia,,,,,8.81,-1.01,,,,False,False
Stover,2026-10-26,Crocker,,,,,3.72,2.42,,,,False,False
Stover,2026-10-29,Lone Jack,,,,,2.71,1.84,,,,False,False
Sullivan,2026-08-29,Perryville,,0,2,L,1.56,3.39,-1.56,1.39,-0.17,False,False
Sullivan,2026-08-29,Kennett,,6,0,W,6.91,-0.13,-0.91,-0.13,-1.03,False,False
Sullivan,2026-08-31,Wright City,,7,1,W,3.27,0.31,3.73,-0.69,3.04,False,False
Sullivan,2026-09-01,Washington,,3,1,W,1.63,2.38,1.37,1.38,2.75,False,False
Sullivan,2026-09-03,Waynesville,,0,1,L,1.44,2.05,-1.44,1.05,-0.39,False,False
Sullivan,2026-09-08,Osage,,4,3,W,3.1,1.84,0.9,-1.16,-0.26,False,False
Sullivan,2026-09-10,North County,,6,1,W,4.63,-0.21,1.37,-1.21,0.16,False,False
Sullivan,2026-09-14,West Plains,,2,3,L,2.3,3.07,-0.3,0.07,-0.23,False,False
Sullivan,2026-09-15,Fatima,,6,0,W,5.37,-1.2,0.63,-1.2,-0.57,False,False
Sullivan,2026-09-17,Union,,0,2,L,1.46,1.77,-1.46,-0.23,-1.7,False,False
Sullivan,2026-09-24,Holt,,4,3,W,2.28,2.2,1.72,-0.8,0.93,False,False
Sullivan,2026-09-28,Crocker,,2,3,L,3.72,1.95,-1.72,-1.05,-2.77,False,False
Sullivan,2026-09-29,Pacific,,2,1,W,2.07,1.15,-0.07,0.15,0.08,False,False
Sullivan,2026-10-01,STEAM Academy,,3,0,W,4.05,0.46,-1.05,0.46,-0.59,False,False
Sullivan,2026-10-05,St. Louis United,,,,,,,,,,False,False
Sullivan,2026-10-06,Pacific,,,,,2.07,1.15,,,,False,False
Sullivan,2026-10-08,Dixon,,,,,4.47,0.09,,,,False,False
Sullivan,2026-10-12,Union,,,,,1.46,1.77,,,,False,False
Sullivan,2026-10-13,Fredericktown,,,,,3.28,1.2,,,,False,False
Sullivan,2026-10-15,Windsor (Imperial),,,,,2.01,1.2,,,,False,False
Sullivan,2026-10-20,Brentwood,,,,,2.18,1.97,,,,False,False
Sullivan,2026-10-22,Valley Park,,,,,1.05,1.39,,,,False,False
Sullivan,2026-10-23,Jefferson City,,,,,2.18,2.42,,,,False,False
Sullivan,2026-10-27,Festus,,,,,2.52,0.46,,,,False,False
Sullivan,2026-10-28,Warrenton,,,,,1.61,3.35,,,,False,False
Summit Christian Academy,2026-09-01,Center,,6,1,W,3.22,1.45,2.78,0.45,3.23,False,False
Summit Christian Academy,2026-09-03,Blue Springs,,0,4,L,0.04,3.79,-0.04,-0.21,-0.24,False,False
Summit Christian Academy,2026-09-08,Odessa,,10,2,W,4.99,-1.08,5.01,-3.08,1.93,False,False
Summit Christian Academy,2026-09-11,Nixa,,0,5,L,-0.2,3.93,0.2,-1.07,-0.87,False,False
Summit Christian Academy,2026-09-12,Republic,,0,1,L,1.45,0.66,-1.45,-0.34,-1.79,False,False
Summit Christian Academy,2026-09-14,Guadalupe Centers Charter,,3,1,W,3.21,0.25,-0.21,-0.75,-0.96,False,False
Summit Christian Academy,2026-09-15,Oak Grove,,4,0,W,2.85,0.68,1.15,0.68,1.83,False,False
Summit Christian Academy,2026-09-17,Van Horn,,0,4,L,-0.07,4.45,0.07,0.45,0.52,False,False
Summit Christian Academy,2026-09-22,Central (St. Joseph),,2,1,W,1.37,1.49,0.63,0.49,1.12,False,False
Summit Christian Academy,2026-09-25,Hickman,,0,6,L,1.07,3.3,-1.07,-2.7,-3.77,False,False
Summit Christian Academy,2026-09-26,Smith-Cotton,,2,1,W,2.09,2.33,-0.09,1.33,1.24,False,False
Summit Christian Academy,2026-09-29,Clinton,,1,0,W,2.59,0.84,-1.59,0.84,-0.75,False,False
Summit Christian Academy,2026-10-01,Truman,,2,1,W,3.94,1.23,-1.94,0.23,-1.72,False,False
Summit Christian Academy,2026-10-06,Barstow,,,,,1.79,1.32,,,,False,False
Summit Christian Academy,2026-10-08,Warrensburg,,,,,5.89,-0.71,,,,False,False
Summit Christian Academy,2026-10-13,Van Horn,,,,,-0.07,4.45,,,,False,False
Summit Christian Academy,2026-10-15,St. Pius X (Kansas City),,,,,2.93,2.43,,,,False,False
Summit Christian Academy,2026-10-20,St. Michael the Archangel,,,,,1.05,2.62,,,,False,False
Summit Christian Academy,2026-10-22,Harrisonville,,,,,2.71,1.03,,,,False,False
Summit Christian Academy,2026-10-26,Oak Grove,,,,,2.85,0.68,,,,False,False
Summit Christian Academy,2026-10-27,Pembroke Hill,,,,,-0.2,3.99,,,,False,False
"Sumner academy(Kansas City , KS)",2026-09-10,Raytown,,8,1,W,,,,,,False,False
"Sumner(Kansas City, KS)",2026-09-21,St. Michael the Archangel,,3,2,W,,,,,,False,False
"Sumner(Kansas City, KS)",2026-10-01,Moberly,,,,,,,,,,False,False
Sunnydale Adventist Acad HS,2026-09-01,Kirksville,,0,2,L,,,,,,False,False
Sunnydale Adventist Acad HS,2026-09-03,Battle with Columbia Independent,,0,6,L,,,,,,False,False
Sunnydale Adventist Acad HS,2026-10-01,La Monte,,,,,,,,,,False,False
Sunnydale Adventist Acad HS,2026-10-08,Father Tolton,,,,,,,,,,False,False
"TBA(Kansas City, KS)",2026-10-22,Northland Christian,,,,,,,,,,False,False
"TBA(Kansas City, MO)",2026-10-13,Northland Christian,,,,,,,,,,False,False
"TBA(Kansas City, MO)",2026-10-20,Northland Christian,,,,,,,,,,False,False
"TBD(TBD, MO)",2026-10-13,Lutheran (Kansas City),,,,,,,,,,False,False
"TBD(TBD, MO)",2026-10-20,Lutheran (Kansas City),,,,,,,,,,False,False
"TBD(TBD, MO)",2026-10-22,Lutheran (Kansas City),,,,,,,,,,False,False
Thomas Jefferson Independent Day,2026-09-08,Monett,,2,1,W,0.75,2.59,1.25,1.59,2.84,False,False
Thomas Jefferson Independent Day,2026-09-14,Aurora,,1,0,W,2.91,-0.12,-1.91,-0.12,-2.03,False,False
Thomas Jefferson Independent Day,2026-09-17,New Covenant Academy,,2,3,L,1.83,0.88,0.17,-2.12,-1.95,False,False
Thomas Jefferson Independent Day,2026-09-22,Trinity Academy,,0,7,L,,,,,,False,False
Thomas Jefferson Independent Day,2026-09-28,Joplin,,0,1,L,0.18,2.21,-0.18,1.21,1.03,False,False
Thomas Jefferson Independent Day,2026-10-01,Carthage,,,,,-0.86,3.13,,,,False,False
Thomas Jefferson Independent Day,2026-10-03,Aurora,,,,,2.91,-0.12,,,,False,False
Thomas Jefferson Independent Day,2026-10-06,Fair Grove,,,,,1.84,3.74,,,,False,False
Thomas Jefferson Independent Day,2026-10-13,New Heights Christian with McAuley Catholic,,,,,1.05,0.69,,,,False,False
Thomas Jefferson Independent Day,2026-10-15,"Fort Scott(Fort Scott, KS)",,,,,,,,,,False,False
Thomas Jefferson Independent Day,2026-10-17,Paseo Academy,,,,,3.96,-0.46,,,,False,False
Thomas Jefferson Independent Day,2026-10-20,Fair Grove,,,,,1.84,3.74,,,,False,False
Thomas Jefferson Independent Day,2026-10-27,McDonald County,,,,,0.88,2.79,,,,False,False
Timberland,2026-08-27,Eureka,,1,0,W,0.75,2.75,0.25,2.75,3.0,False,False
Timberland,2026-09-01,Ft. Zumwalt North,,4,0,W,2.25,-0.67,1.75,-0.67,1.08,False,False
Timberland,2026-09-03,North Point,,2,1,W,2.17,1.98,-0.17,0.98,0.81,False,False
Timberland,2026-09-08,Washington,,2,0,W,3.27,-0.53,-1.27,-0.53,-1.8,False,False
Timberland,2026-09-10,Ft. Zumwalt South,,0,3,L,0.87,2.05,-0.87,-0.95,-1.82,False,False
Timberland,2026-09-15,Ft. Zumwalt East,,2,0,W,1.29,0.2,0.71,0.2,0.91,False,False
Timberland,2026-09-17,Francis Howell,,1,2,L,0.72,1.91,0.28,-0.09,0.19,False,False
Timberland,2026-09-22,Ft. Zumwalt West,,0,3,L,0.47,1.6,-0.47,-1.4,-1.88,False,False
Timberland,2026-09-24,Francis Howell North,,1,2,L,1.37,1.63,-0.37,-0.37,-0.73,False,False
Timberland,2026-09-29,"O'Fallon(O'Fallon, IL)",,5,0,W,,,,,,False,False
Timberland,2026-10-01,Chaminade College Prep,,0,3,L,-0.59,3.0,0.59,0.0,0.59,False,False
Timberland,2026-10-03,"Collinsville(Collinsville, IL)",,,,,,,,,,False,False
Timberland,2026-10-05,Liberty (Wentzville),,,,,1.94,1.69,,,,False,False
Timberland,2026-10-06,St. Charles West,,,,,3.34,-1.45,,,,False,False
Timberland,2026-10-13,Ladue Horton Watkins,,,,,0.38,2.6,,,,False,False
Timberland,2026-10-19,Lafayette (Wildwood),,,,,1.13,3.14,,,,False,False
Timberland,2026-10-20,Parkway West,,,,,-0.17,2.04,,,,False,False
Timberland,2026-10-22,Principia,,,,,1.25,0.47,,,,False,False
Timberland,2026-10-24,St. Dominic,,,,,-0.66,2.56,,,,False,False
Timberland,2026-10-26,Kirkwood,,,,,-0.49,2.14,,,,False,False
"Triad HS(Triad , IL)",2026-10-12,SLUH,,,,,,,,,,False,False
"Triad(Triad, IL)",2026-09-21,St. Dominic,,1,0,W,,,,,,False,False
"Triad(Troy, IL)",2026-09-14,De Smet Jesuit,,0,0,T,,,,,,False,False
"Triad(Troy, IL)",2026-10-10,Ft. Zumwalt South,,,,,,,,,,False,False
Trinity Academy,2026-09-03,New Covenant Academy,,3,1,W,,,,,,False,False
Trinity Academy,2026-09-11,Parkview,,1,0,W,,,,,,False,False
Trinity Academy,2026-09-12,Aurora,,8,0,W,,,,,,False,False
Trinity Academy,2026-09-15,Kickapoo,,0,3,L,,,,,,False,False
Trinity Academy,2026-09-18,Oak Park,,0,3,L,,,,,,False,False
Trinity Academy,2026-09-18,Sikeston,,1,5,L,,,,,,False,False
Trinity Academy,2026-09-19,New Heights Christian with McAuley Catholic,,3,2,W,,,,,,False,False
Trinity Academy,2026-09-22,Thomas Jefferson Independent Day,,7,0,W,,,,,,False,False
Trinity Academy,2026-09-24,Branson,,2,5,L,,,,,,False,False
Trinity Academy,2026-09-29,Springfield Catholic,,1,7,L,,,,,,False,False
Trinity Academy,2026-10-08,Bolivar,,,,,,,,,,False,False
Trinity Academy,2026-10-10,West Plains,,,,,,,,,,False,False
Trinity Academy,2026-10-20,New Heights Christian with McAuley Catholic,,,,,,,,,,False,False
Troy Buchanan,2026-08-27,Lutheran St. Charles,,2,1,W,2.12,0.13,-0.12,-0.87,-0.99,False,False
Troy Buchanan,2026-08-29,St. Louis United,,4,1,W,,,,,,False,False
Troy Buchanan,2026-09-01,Pattonville,,2,1,W,1.86,1.36,0.14,0.36,0.5,False,False
Troy Buchanan,2026-09-03,Ft. Zumwalt West,,0,1,L,0.29,1.43,-0.29,0.43,0.14,False,False
Troy Buchanan,2026-09-08,Francis Howell North,,1,2,L,1.18,1.47,-0.18,-0.53,-0.72,False,False
Troy Buchanan,2026-09-10,Francis Howell,,0,1,L,0.54,1.74,-0.54,0.74,0.2,False,False
Troy Buchanan,2026-09-15,Liberty (Wentzville),,3,0,W,1.76,1.53,1.24,1.53,2.77,False,False
Troy Buchanan,2026-09-18,Francis Howell Central,,0,4,L,-0.16,2.8,0.16,-1.2,-1.04,False,False
Troy Buchanan,2026-09-21,Veritas Christian Academy,,2,1,W,1.69,0.1,0.31,-0.9,-0.59,False,False
Troy Buchanan,2026-09-24,St. Charles West,,6,0,W,3.16,-1.62,2.84,-1.62,1.23,False,False
Troy Buchanan,2026-09-25,St. Charles,,1,2,L,1.39,2.72,-0.39,0.72,0.32,False,False
Troy Buchanan,2026-09-28,Missouri Military Academy,,3,1,W,3.89,-1.1,-0.89,-2.1,-2.99,False,False
Troy Buchanan,2026-10-01,Capital City,,1,0,W,2.74,-0.02,-1.74,-0.02,-1.76,False,False
Troy Buchanan,2026-10-06,Ft. Zumwalt North,,,,,2.06,-0.84,,,,False,False
Troy Buchanan,2026-10-08,Orchard Farm,,,,,0.66,0.33,,,,False,False
Troy Buchanan,2026-10-13,Duchesne,,,,,3.74,-0.85,,,,False,False
Troy Buchanan,2026-10-15,St. Charles West,,,,,3.16,-1.62,,,,False,False
Troy Buchanan,2026-10-17,St. Mary's South Side,,,,,2.78,1.0,,,,False,False
Troy Buchanan,2026-10-20,Washington,,,,,3.08,-0.7,,,,False,False
Troy Buchanan,2026-10-22,North Point,,,,,1.98,1.81,,,,False,False
Troy Buchanan,2026-10-27,Holt,,,,,3.74,-0.87,,,,False,False
Truman,2026-09-01,Pleasant Hill,,2,3,L,1.78,3.39,0.22,0.39,0.61,False,False
Truman,2026-09-03,Park Hill South,,0,8,L,-1.0,5.91,1.0,-2.09,-1.09,False,False
Truman,2026-09-08,Blue Springs South,,1,9,L,-0.81,6.64,1.81,-2.36,-0.55,False,False
Truman,2026-09-09,William Chrisman,,,,,2.44,2.12,,,,False,False
Truman,2026-09-14,Grandview,,1,3,L,2.43,3.11,-1.43,0.11,-1.32,False,False
Truman,2026-09-16,Excelsior Springs,,1,6,L,1.93,4.14,-0.93,-1.86,-2.8,False,False
Truman,2026-09-17,Blue Springs,,0,8,L,-0.43,6.05,0.43,-1.95,-1.53,False,False
Truman,2026-09-21,Ruskin,,9,1,W,4.76,1.03,4.24,0.03,4.26,False,False
Truman,2026-09-23,Raytown South,,7,0,W,5.43,0.34,1.57,0.34,1.91,False,False
Truman,2026-09-28,Belton,,1,3,L,1.92,3.93,-0.92,0.93,0.0,False,False
Truman,2026-10-01,Summit Christian Academy,,1,2,L,1.23,3.94,-0.23,1.94,1.72,False,False
Truman,2026-10-06,Van Horn,,,,,-0.54,6.7,,,,False,False
Truman,2026-10-07,Winnetonka,,,,,3.4,2.26,,,,False,False
Truman,2026-10-12,Grain Valley,,,,,1.43,4.44,,,,False,False
Truman,2026-10-14,Raytown,,,,,4.38,5.4,,,,False,False
Truman,2026-10-19,Platte County,,,,,2.37,3.52,,,,False,False
Truman,2026-10-21,Kearney,,,,,3.41,3.74,,,,False,False
Truman,2026-10-24,Lee's Summit,,,,,-1.76,6.77,,,,False,False
Truman,2026-10-26,Fort Osage,,,,,0.69,4.4,,,,False,False
"Turner(Kansas City, KS)",2026-10-13,Barstow,,,,,,,,,,False,False
"Turner(Turner, KS)",2026-09-10,Guadalupe Centers Charter,,7,0,W,,,,,,False,False
Union,2026-08-27,DeSoto,,2,1,W,2.82,2.1,-0.82,1.1,0.28,False,False
Union,2026-09-01,Windsor (Imperial),,3,2,W,1.63,0.51,1.37,-1.49,-0.11,False,False
Union,2026-09-02,Lutheran St. Charles,,0,4,L,0.28,2.52,-0.28,-1.48,-1.76,False,False
Union,2026-09-08,Veritas Christian Academy,,0,1,L,-0.15,2.49,0.15,1.49,1.64,False,False
Union,2026-09-10,St. Louis United,,1,2,L,,,,,,False,False
Union,2026-09-15,St. Francis Borgia,,3,2,W,1.76,1.49,1.24,-0.51,0.73,False,False
Union,2026-09-17,Sullivan,,2,0,W,1.77,1.46,0.23,1.46,1.7,False,False
Union,2026-09-21,Hillsboro,,2,1,W,2.72,1.01,-0.72,0.01,-0.7,False,False
Union,2026-09-24,St. Pius X (Festus),,1,2,L,0.63,1.46,0.37,-0.54,-0.16,False,False
Union,2026-09-29,Holt,,0,2,L,1.9,1.52,-1.9,-0.48,-2.38,False,False
Union,2026-10-01,Pacific,,2,0,W,1.69,0.46,0.31,0.46,0.77,False,False
Union,2026-10-06,Rolla,,,,,0.66,1.31,,,,False,False
Union,2026-10-07,Winfield,,,,,2.49,1.02,,,,False,False
Union,2026-10-12,Sullivan,,,,,1.77,1.46,,,,False,False
Union,2026-10-14,Wright City,,,,,2.89,-0.38,,,,False,False
Union,2026-10-17,Washington,,,,,1.24,1.7,,,,False,False
Union,2026-10-20,St. Charles West,,,,,1.32,0.77,,,,False,False
Union,2026-10-22,Pacific,,,,,1.69,0.46,,,,False,False
Union,2026-10-26,Warrenton,,,,,1.23,2.67,,,,False,False
"Union Grove HS(Milwaukee, WI)",2026-09-12,SLUH,,0,2,L,,,,,,False,False
University City,2026-08-31,Veritas Christian Academy,,0,7,L,-0.41,4.08,0.41,-2.92,-2.51,False,False
University City,2026-09-01,Collegiate School of Med-Bio Science with McKinley Classical Leadership,,1,2,L,1.61,2.69,-0.61,0.69,0.08,False,False
University City,2026-09-08,Hazelwood West,,1,7,L,,,,,,False,False
University City,2026-09-10,McCluer North,,7,0,W,6.9,-2.49,0.1,-2.49,-2.39,False,False
University City,2026-09-14,Alton,,1,7,L,,,,,,False,False
University City,2026-09-15,Hazelwood East,,8,0,W,,,,,,False,False
University City,2026-09-17,Normandy Collaborative,,8,0,W,,,,,,False,False
University City,2026-09-21,Hazelwood Central,,2,4,L,,,,,,False,False
University City,2026-09-23,STEAM Academy,,4,1,W,3.41,1.37,0.59,0.37,0.96,False,False
University City,2026-09-24,McCluer,,3,0,W,,,,,,False,False
University City,2026-09-28,Whitfield,,1,3,L,0.92,3.98,0.08,0.98,1.06,False,False
University City,2026-10-01,Jennings,,8,0,W,8.74,-3.74,-0.74,-3.74,-4.48,False,False
University City,2026-10-05,Hazelwood West,,,,,,,,,,False,False
University City,2026-10-07,McCluer North,,,,,6.9,-2.49,,,,False,False
University City,2026-10-09,Festus,,,,,1.88,1.37,,,,False,False
University City,2026-10-09,Hazelwood East,,,,,,,,,,False,False
University City,2026-10-12,Normandy Collaborative,,,,,,,,,,False,False
University City,2026-10-14,Hazelwood Central,,,,,,,,,,False,False
University City,2026-10-16,STEAM Academy,,,,,3.41,1.37,,,,False,False
University City,2026-10-19,McCluer,,,,,,,,,,False,False
University City,2026-10-23,Jennings,,,,,8.74,-3.74,,,,False,False
Valley Park,2026-08-27,Gateway Science Charter,,1,3,L,2.1,0.91,-1.1,-2.09,-3.2,False,False
Valley Park,2026-09-03,Veritas Christian Academy,,0,1,L,-0.53,2.07,0.53,1.07,1.6,False,False
Valley Park,2026-09-08,Brentwood,,1,0,W,1.43,0.87,-0.43,0.87,0.45,False,False
Valley Park,2026-09-11,Maplewood-Richmond Hts.,,0,2,L,-0.44,2.76,0.44,0.76,1.2,False,False
Valley Park,2026-09-17,Bayless,,0,1,L,0.1,2.32,-0.1,1.32,1.22,False,False
Valley Park,2026-09-21,Windsor (Imperial),,2,1,W,1.25,0.1,0.75,-0.9,-0.15,False,False
Valley Park,2026-09-22,Crossroads College Preparatory,,4,2,W,4.48,-0.45,-0.48,-2.45,-2.94,False,False
Valley Park,2026-09-24,Brentwood,,1,2,L,1.43,0.87,-0.43,-1.13,-1.55,False,False
Valley Park,2026-09-28,Hancock,,1,0,W,1.61,-0.23,-0.61,-0.23,-0.84,False,False
Valley Park,2026-09-29,Maplewood-Richmond Hts.,,1,2,L,-0.44,2.76,1.44,0.76,2.2,False,False
Valley Park,2026-10-02,Bayless,,1,0,W,0.1,2.32,0.9,2.32,3.22,False,False
Valley Park,2026-10-06,Hancock,,,,,1.61,-0.23,,,,False,False
Valley Park,2026-10-09,Gateway with Soldan International Studies,,,,,2.11,-0.58,,,,False,False
Valley Park,2026-10-13,Metro,,,,,0.33,2.52,,,,False,False
Valley Park,2026-10-15,Collegiate School of Med-Bio Science with McKinley Classical Leadership,,,,,1.49,0.68,,,,False,False
Valley Park,2026-10-16,Duchesne,,,,,1.53,1.13,,,,False,False
Valley Park,2026-10-19,Crossroads College Preparatory,,,,,4.48,-0.45,,,,False,False
Valley Park,2026-10-20,Bishop DuBourg,,,,,2.62,0.5,,,,False,False
Valley Park,2026-10-22,Sullivan,,,,,1.39,1.05,,,,False,False
Valley Park,2026-10-26,St. Pius X (Festus),,,,,0.25,1.05,,,,False,False
Valley Park,2026-10-27,Wright City,,,,,2.51,-0.79,,,,False,False
"Valmeyer(Valmeyer , IL)",2026-09-30,Gateway Science Charter,,0,8,L,,,,,,False,False
"Valmeyer(Valmeyer, IL)",2026-09-14,Hancock,,0,8,L,,,,,,False,False
"Valmeyer(Valmeyer, IL)",2026-09-16,Elsberry,,2,6,L,,,,,,False,False
"Valmeyer(Valmeyer, IL)",2026-09-17,Lutheran North,,1,8,L,,,,,,False,False
Van Horn,2026-08-27,Grain Valley,,6,0,W,4.65,0.42,1.35,0.42,1.77,False,False
Van Horn,2026-09-01,Liberty North,,2,3,L,1.89,2.77,0.11,-0.23,-0.12,False,False
Van Horn,2026-09-03,Lee's Summit,,1,2,L,1.46,2.75,-0.46,0.75,0.29,False,False
Van Horn,2026-09-08,Northeast (Kansas City),,3,2,W,3.1,2.68,-0.1,0.68,0.59,False,False
Van Horn,2026-09-10,Grandview,,8,0,W,5.65,-0.91,2.35,-0.91,1.44,False,False
Van Horn,2026-09-14,Marshall,,3,0,W,3.8,0.38,-0.8,0.38,-0.42,False,False
Van Horn,2026-09-15,William Chrisman,,4,0,W,5.66,-1.89,-1.66,-1.89,-3.55,False,False
Van Horn,2026-09-17,Summit Christian Academy,,4,0,W,4.45,-0.07,-0.45,-0.07,-0.52,False,False
Van Horn,2026-09-22,Smithville,,7,0,W,4.78,-1.1,2.22,-1.1,1.12,False,False
Van Horn,2026-09-23,Staley,,2,2,T,2.98,0.37,-0.98,-1.63,-2.61,False,False
Van Horn,2026-09-24,Park Hill,,2,0,W,3.13,0.67,-1.13,0.67,-0.46,False,False
Van Horn,2026-09-29,St. Pius X (Kansas City),,6,1,W,5.69,0.66,0.31,-0.34,-0.03,False,False
Van Horn,2026-10-01,Barstow,,8,0,W,4.55,-0.45,3.45,-0.45,3.0,False,False
Van Horn,2026-10-06,Truman,,,,,6.7,-0.54,,,,False,False
Van Horn,2026-10-08,East (Kansas City),,,,,5.86,0.92,,,,False,False
Van Horn,2026-10-13,Summit Christian Academy,,,,,4.45,-0.07,,,,False,False
Van Horn,2026-10-15,St. Michael the Archangel,,,,,3.81,0.86,,,,False,False
Van Horn,2026-10-20,Lincoln College Prep,,,,,4.26,2.08,,,,False,False
Van Horn,2026-10-22,Pembroke Hill,,,,,2.55,2.23,,,,False,False
Van Horn,2026-10-27,Raytown,,,,,7.6,1.38,,,,False,False
Veritas Christian Academy,2026-08-29,Principia,,2,1,W,0.64,1.46,1.36,0.46,1.82,False,False
Veritas Christian Academy,2026-08-31,University City,,7,0,W,4.08,-0.41,2.92,-0.41,2.51,False,False
Veritas Christian Academy,2026-09-03,Valley Park,,1,0,W,2.07,-0.53,-1.07,-0.53,-1.6,False,False
Veritas Christian Academy,2026-09-05,Priory,,0,2,L,0.1,2.56,-0.1,0.56,0.46,False,False
Veritas Christian Academy,2026-09-08,Union,,1,0,W,2.49,-0.15,-1.49,-0.15,-1.64,False,False
Veritas Christian Academy,2026-09-10,Lutheran South,,0,2,L,2.01,1.7,-2.01,-0.3,-2.31,False,False
Veritas Christian Academy,2026-09-17,Holt,,2,0,W,3.31,0.29,-1.31,0.29,-1.02,False,False
Veritas Christian Academy,2026-09-21,Troy Buchanan,,1,2,L,0.1,1.69,0.9,-0.31,0.59,False,False
Veritas Christian Academy,2026-09-22,St. Charles West,,5,0,W,2.73,-0.46,2.27,-0.46,1.82,False,False
Veritas Christian Academy,2026-09-25,North Point,,1,2,L,1.55,2.97,-0.55,0.97,0.42,False,False
Veritas Christian Academy,2026-09-29,St. Mary's South Side,,3,2,W,2.35,2.16,0.65,0.16,0.81,False,False
Veritas Christian Academy,2026-10-02,St. Charles,,1,5,L,0.96,3.87,0.04,-1.13,-1.09,False,False
Veritas Christian Academy,2026-10-05,Winfield,,,,,3.9,-0.21,,,,False,False
Veritas Christian Academy,2026-10-07,Wright City,,,,,4.29,-1.61,,,,False,False
Veritas Christian Academy,2026-10-08,St. Charles West,,,,,2.73,-0.46,,,,False,False
Veritas Christian Academy,2026-10-13,Lutheran St. Charles,,,,,1.69,1.28,,,,False,False
Veritas Christian Academy,2026-10-15,St. Louis United,,,,,,,,,,False,False
Veritas Christian Academy,2026-10-16,Bishop DuBourg,,,,,4.41,-0.32,,,,False,False
Veritas Christian Academy,2026-10-19,Elsberry,,,,,4.86,-2.45,,,,False,False
Veritas Christian Academy,2026-10-20,Warrenton,,,,,2.64,1.44,,,,False,False
Veritas Christian Academy,2026-10-22,Washington,,,,,2.65,0.46,,,,False,False
Veritas Christian Academy,2026-10-26,Duchesne,,,,,3.31,0.31,,,,False,False
Veritas Christian Academy,2026-10-28,Whitfield,,,,,2.59,1.16,,,,False,False
Vianney,2026-08-28,Mehlville,,1,0,W,2.39,-0.26,-1.39,-0.26,-1.65,False,False
Vianney,2026-09-01,St. Dominic,,0,1,L,0.58,1.65,-0.58,0.65,0.07,False,False
Vianney,2026-09-03,Webster Groves,,,,,2.2,0.79,,,,False,False
Vianney,2026-09-05,Glendale,,2,2,T,1.63,1.49,0.37,-0.51,-0.14,False,False
Vianney,2026-09-08,Kirkwood,,2,1,W,0.75,1.23,1.25,0.23,1.48,False,False
Vianney,2026-09-10,Oakville,,1,0,W,0.5,1.56,0.5,1.56,2.05,False,False
Vianney,2026-09-15,Lindbergh,,0,2,L,1.81,1.1,-1.81,-0.9,-2.7,False,False
Vianney,2026-09-17,SLUH,,0,3,L,0.5,2.29,-0.5,-0.71,-1.21,False,False
Vianney,2026-09-19,St. Mary's South Side,,7,2,W,4.21,0.26,2.79,-1.74,1.05,False,False
Vianney,2026-09-22,Clayton,,2,1,W,1.51,1.38,0.49,0.38,0.87,False,False
Vianney,2026-09-24,Chaminade College Prep,,0,3,L,0.65,2.09,-0.65,-0.91,-1.56,False,False
Vianney,2026-09-26,Ladue Horton Watkins,,0,1,L,1.63,1.69,-1.63,0.69,-0.94,False,False
Vianney,2026-09-29,Rockwood Summit,,3,1,W,2.4,1.36,0.6,0.36,0.96,False,False
Vianney,2026-10-01,Webster Groves,,4,1,W,2.2,0.79,1.8,-0.21,1.59,False,False
Vianney,2026-10-03,Francis Howell Central,,,,,1.27,2.06,,,,False,False
Vianney,2026-10-06,De Smet Jesuit,,,,,1.92,1.18,,,,False,False
Vianney,2026-10-08,John Burroughs,,,,,1.84,1.73,,,,False,False
Vianney,2026-10-10,St. Dominic,,,,,0.58,1.65,,,,False,False
Vianney,2026-10-15,Christian Brothers College,,,,,0.95,1.57,,,,False,False
Vianney,2026-10-19,Northwest (Cedar Hill),,,,,2.37,1.48,,,,False,False
Vianney,2026-10-27,Marquette,,,,,1.12,1.93,,,,False,False
"Vienna, IL(Vienna, IL)",2026-10-05,Kennett,,,,,,,,,,False,False
"WATERLOO HIGH SCHOOL(WATERLOO, IL)",2026-09-17,Seckman,,,,,,,,,,False,False
Warrensburg,2026-09-01,Maryville,,1,5,L,1.96,4.37,-0.96,-0.63,-1.59,False,False
Warrensburg,2026-09-02,Lone Jack,,1,4,L,1.35,4.05,-0.35,0.05,-0.3,False,False
Warrensburg,2026-09-05,Lutheran (Kansas City),,1,1,T,1.34,1.76,-0.34,0.76,0.42,False,False
Warrensburg,2026-09-10,St. Michael the Archangel,,0,7,L,-1.35,6.82,1.35,-0.18,1.17,False,False
Warrensburg,2026-09-15,Harrisonville,,1,7,L,0.3,5.22,0.7,-1.78,-1.08,False,False
Warrensburg,2026-09-17,Smith-Cotton,,0,8,L,-0.31,6.53,0.31,-1.47,-1.16,False,False
Warrensburg,2026-09-22,Oak Grove,,2,3,L,0.44,4.87,1.56,1.87,3.43,False,False
Warrensburg,2026-09-24,Pleasant Hill,,0,6,L,-0.16,5.33,0.16,-0.67,-0.5,False,False
Warrensburg,2026-09-29,Marshall,,0,7,L,-1.36,6.34,1.36,-0.66,0.7,False,False
Warrensburg,2026-10-06,Odessa,,,,,2.59,3.12,,,,False,False
Warrensburg,2026-10-08,Summit Christian Academy,,,,,-0.71,5.89,,,,False,False
Warrensburg,2026-10-13,Center,,,,,0.82,5.65,,,,False,False
Warrensburg,2026-10-15,Clinton,,,,,0.19,5.04,,,,False,False
Warrensburg,2026-10-20,Cameron,,,,,3.15,3.59,,,,False,False
Warrensburg,2026-10-22,Capital City,,,,,-0.07,5.75,,,,False,False
Warrensburg,2026-10-26,Knob Noster,,,,,5.23,1.09,,,,False,False
Warrenton,2026-09-01,St. Charles West,,2,1,W,2.9,0.93,-0.9,-0.07,-0.98,False,False
Warrenton,2026-09-03,Holt,,6,1,W,3.48,1.67,2.52,0.67,3.19,False,False
Warrenton,2026-09-08,Orchard Farm,,1,2,L,0.41,2.87,0.59,0.87,1.46,False,False
Warrenton,2026-09-15,St. Charles,,2,6,L,1.14,5.26,0.86,-0.74,0.12,False,False
Warrenton,2026-09-21,Liberty Christian Sr.,,,,,,,,,,False,False
Warrenton,2026-09-22,Pacific,,3,1,W,3.28,0.61,-0.28,-0.39,-0.66,False,False
Warrenton,2026-09-24,Duchesne,,0,2,L,3.49,1.69,-3.49,-0.31,-3.8,False,False
Warrenton,2026-09-26,Fulton,,6,0,W,4.62,-0.19,1.38,-0.19,1.19,False,False
Warrenton,2026-09-30,Elsberry,,8,0,W,5.04,-1.06,2.96,-1.06,1.9,False,False
Warrenton,2026-10-01,Father Tolton,,1,4,L,1.19,4.0,-0.19,-0.0,-0.19,False,False
Warrenton,2026-10-02,Father Tolton,,,,,1.19,4.0,,,,False,False
Warrenton,2026-10-06,Missouri Military Academy,,,,,3.63,1.44,,,,False,False
Warrenton,2026-10-12,Wright City,,,,,4.47,-0.22,,,,False,False
Warrenton,2026-10-14,North Point,,,,,1.73,4.36,,,,False,False
Warrenton,2026-10-16,Winfield,,,,,4.08,1.17,,,,False,False
Warrenton,2026-10-19,St. Louis United,,,,,,,,,,False,False
Warrenton,2026-10-20,Veritas Christian Academy,,,,,1.44,2.64,,,,False,False
Warrenton,2026-10-22,Hannibal,,,,,3.65,1.96,,,,False,False
Warrenton,2026-10-26,Union,,,,,2.67,1.23,,,,False,False
Warrenton,2026-10-28,Sullivan,,,,,3.35,1.61,,,,False,False
Warrenton,2026-10-29,Battle with Columbia Independent,,,,,1.79,2.66,,,,False,False
Washington,2026-09-01,Sullivan,,1,3,L,2.38,1.63,-1.38,-1.37,-2.75,False,False
Washington,2026-09-08,Timberland,,0,2,L,-0.53,3.27,0.53,1.27,1.8,False,False
Washington,2026-09-10,North Point,,0,5,L,0.76,4.37,-0.76,-0.63,-1.39,False,False
Washington,2026-09-15,Ft. Zumwalt North,,1,2,L,0.84,1.72,0.16,-0.28,-0.12,False,False
Washington,2026-09-17,Ft. Zumwalt South,,0,6,L,-0.54,4.43,0.54,-1.57,-1.03,False,False
Washington,2026-09-21,Pacific,,2,0,W,2.3,0.63,-0.3,0.63,0.32,False,False
Washington,2026-09-24,Ft. Zumwalt East,,0,2,L,-0.12,2.59,0.12,0.59,0.71,False,False
Washington,2026-09-29,St. Charles West,,2,1,W,1.93,0.94,0.07,-0.06,0.0,False,False
Washington,2026-10-02,Nixa,,6,0,W,-1.02,4.92,7.02,4.92,11.93,False,False
Washington,2026-10-03,Ozark,,,,,0.6,4.17,,,,False,False
Washington,2026-10-06,St. Francis Borgia,,,,,2.38,1.66,,,,False,False
Washington,2026-10-12,Winfield,,,,,3.1,1.18,,,,False,False
Washington,2026-10-15,Orchard Farm,,,,,-0.56,2.89,,,,False,False
Washington,2026-10-17,Union,,,,,1.7,1.24,,,,False,False
Washington,2026-10-19,Holt,,,,,2.51,1.68,,,,False,False
Washington,2026-10-20,Troy Buchanan,,,,,-0.7,3.08,,,,False,False
Washington,2026-10-22,Veritas Christian Academy,,,,,0.46,2.65,,,,False,False
Washington,2026-10-27,Elsberry,,,,,4.06,-1.05,,,,False,False
Washington,2026-10-28,St. Charles,,,,,0.17,5.27,,,,False,False
"Washington(Kansas City, KA)",2026-09-17,Cristo Rey,,7,0,W,,,,,,False,False
"Washington(Kansas City, KS)",2026-10-08,Northeast (Kansas City),,,,,,,,,,False,False
"Washington(Kansas City, KS)",2026-10-19,Central (Kansas City),,,,,,,,,,False,False
Waynesville,2026-08-28,Camdenton,,0,3,L,0.84,2.58,-0.84,-0.42,-1.26,False,False
Waynesville,2026-09-01,Jefferson City,,0,4,L,2.09,1.72,-2.09,-2.28,-4.37,False,False
Waynesville,2026-09-03,Sullivan,,1,0,W,2.05,1.44,-1.05,1.44,0.39,False,False
Waynesville,2026-09-11,Joplin,,4,2,W,0.4,2.11,3.6,0.11,3.71,False,False
Waynesville,2026-09-11,Grain Valley,,1,3,L,0.75,2.99,0.25,-0.01,0.24,False,False
Waynesville,2026-09-12,Joplin,,1,0,W,0.4,2.11,0.6,2.11,2.71,False,False
Waynesville,2026-09-15,Ozark,,0,2,L,0.27,3.98,-0.27,1.98,1.71,False,False
Waynesville,2026-09-22,Rolla,,2,3,L,0.94,1.29,1.06,-1.71,-0.65,False,False
Waynesville,2026-09-24,Republic,,2,0,W,0.31,1.46,1.69,1.46,3.15,False,False
Waynesville,2026-09-29,Webb City,,0,1,L,1.71,0.68,-1.71,-0.32,-2.03,False,False
Waynesville,2026-10-01,Willard,,1,2,L,1.52,1.43,-0.52,-0.57,-1.1,False,False
Waynesville,2026-10-06,Neosho,,,,,0.81,2.09,,,,False,False
Waynesville,2026-10-08,Carthage,,,,,-0.64,3.02,,,,False,False
Waynesville,2026-10-13,Lebanon,,,,,2.15,1.65,,,,False,False
Waynesville,2026-10-15,West Plains,,,,,2.2,2.37,,,,False,False
Waynesville,2026-10-19,Kickapoo,,,,,1.57,2.37,,,,False,False
Waynesville,2026-10-22,Nixa,,,,,-1.35,4.73,,,,False,False
Waynesville,2026-10-27,Glendale,,,,,-1.35,4.6,,,,False,False
Waynesville,2026-10-29,Parkview,,,,,1.74,2.21,,,,False,False
Webb City,2026-08-28,Cassville,,0,2,L,0.62,1.14,-0.62,-0.86,-1.48,False,False
Webb City,2026-08-28,Hillcrest,,2,0,W,2.17,1.27,-0.17,1.27,1.1,False,False
Webb City,2026-08-29,Branson,,0,1,L,-0.15,3.13,0.15,2.13,2.27,False,False
Webb City,2026-09-03,McDonald County,,0,4,L,0.44,3.05,-0.44,-0.95,-1.39,False,False
Webb City,2026-09-08,Logan-Rogersville,,0,8,L,-1.13,4.74,1.13,-3.26,-2.13,False,False
Webb City,2026-09-10,Carl Junction,,0,1,L,1.04,1.84,-1.04,0.84,-0.2,False,False
Webb City,2026-09-15,Fair Grove,,2,8,L,1.4,4.0,0.6,-4.0,-3.4,False,False
Webb City,2026-09-17,Kickapoo,,1,2,L,0.91,2.73,0.09,0.73,0.83,False,False
Webb City,2026-09-22,Lebanon,,2,3,L,1.48,2.01,0.52,-0.99,-0.47,False,False
Webb City,2026-09-24,Glendale,,1,3,L,-2.02,4.97,3.02,1.97,4.99,False,False
Webb City,2026-09-29,Waynesville,,1,0,W,0.68,1.71,0.32,1.71,2.03,False,False
Webb City,2026-10-01,"Pittsburg(Pittsburg, KS)",,1,2,L,,,,,,False,False
Webb City,2026-10-06,Nixa,,,,,-2.01,5.1,,,,False,False
Webb City,2026-10-08,Ozark,,,,,-0.4,4.35,,,,False,False
Webb City,2026-10-13,Joplin,,,,,-0.27,2.47,,,,False,False
Webb City,2026-10-15,Neosho,,,,,0.15,2.46,,,,False,False
Webb City,2026-10-20,Carthage,,,,,-1.31,3.39,,,,False,False
Webb City,2026-10-22,Willard,,,,,0.86,1.79,,,,False,False
Webb City,2026-10-27,Republic,,,,,-0.36,1.82,,,,False,False
Webster Groves,2026-08-27,Francis Howell Central,,1,2,L,0.85,3.05,0.15,1.05,1.21,False,False
Webster Groves,2026-09-01,Ft. Zumwalt South,,0,1,L,1.69,2.13,-1.69,1.13,-0.56,False,False
Webster Groves,2026-09-03,Vianney,,,,,0.79,2.2,,,,False,False
Webster Groves,2026-09-08,SLUH,,0,1,L,0.07,3.28,-0.07,2.28,2.2,False,False
Webster Groves,2026-09-10,Parkway South,,2,1,W,1.68,1.51,0.32,0.51,0.84,False,False
Webster Groves,2026-09-14,Chaminade College Prep,,1,3,L,0.23,3.08,0.77,0.08,0.86,False,False
Webster Groves,2026-09-16,Parkway West,,2,3,L,0.65,2.12,1.35,-0.88,0.46,False,False
Webster Groves,2026-09-19,Ladue Horton Watkins,,2,5,L,1.2,2.68,0.8,-2.32,-1.52,False,False
Webster Groves,2026-09-23,Parkway Central,,2,0,W,2.1,0.41,-0.1,0.41,0.31,False,False
Webster Groves,2026-09-25,Rockwood Summit,,1,2,L,1.98,2.35,-0.98,0.35,-0.63,False,False
Webster Groves,2026-09-30,Eureka,,,,,1.57,2.84,,,,False,False
Webster Groves,2026-10-01,Vianney,,1,4,L,0.79,2.2,0.21,-1.8,-1.59,False,False
Webster Groves,2026-10-03,St. Mary's South Side,,,,,3.79,1.25,,,,False,False
Webster Groves,2026-10-06,Kirkwood,,,,,0.33,2.22,,,,False,False
Webster Groves,2026-10-08,Clayton,,,,,1.09,2.37,,,,False,False
Webster Groves,2026-10-10,Highland,,,,,,,,,,False,False
Webster Groves,2026-10-12,Priory,,,,,1.53,1.65,,,,False,False
Webster Groves,2026-10-15,Lafayette (Wildwood),,,,,1.95,3.22,,,,False,False
Webster Groves,2026-10-21,Mehlville,,,,,1.97,0.73,,,,False,False
Webster Groves,2026-10-23,John Burroughs,,,,,1.42,2.71,,,,False,False
Webster Groves,2026-10-26,Lutheran South,,,,,3.44,0.78,,,,False,False
West Plains,2026-08-29,New Covenant Academy,,2,1,W,3.07,1.63,-1.07,0.63,-0.44,False,False
West Plains,2026-09-01,Greenwood,,4,1,W,2.42,2.22,1.58,1.22,2.81,False,False
West Plains,2026-09-03,Camdenton,,1,6,L,1.86,3.44,-0.86,-2.56,-3.43,False,False
West Plains,2026-09-05,Sikeston,,1,9,L,0.26,5.36,0.74,-3.64,-2.9,False,False
West Plains,2026-09-08,Aurora,,7,0,W,4.16,0.63,2.84,0.63,3.48,False,False
West Plains,2026-09-10,Fair Grove,,2,4,L,3.09,4.49,-1.09,0.49,-0.6,False,False
West Plains,2026-09-11,Monett,,1,4,L,1.99,3.34,-0.99,-0.66,-1.66,False,False
West Plains,2026-09-12,Joplin,,0,3,L,1.42,2.96,-1.42,-0.04,-1.46,False,False
West Plains,2026-09-14,Sullivan,,3,2,W,3.07,2.3,-0.07,0.3,0.23,False,False
West Plains,2026-09-16,Logan-Rogersville,,1,8,L,0.56,5.23,0.44,-2.77,-2.33,False,False
West Plains,2026-09-26,Capital City,,2,3,L,2.21,3.21,-0.21,0.21,0.0,False,False
West Plains,2026-09-28,Central (Springfield),,3,2,W,2.02,2.89,0.98,0.89,1.87,False,False
West Plains,2026-09-30,Bolivar,,3,2,W,2.36,2.66,0.64,0.66,1.3,False,False
West Plains,2026-10-05,Rolla,,,,,1.96,2.15,,,,False,False
West Plains,2026-10-06,Branson,,,,,1.54,3.62,,,,False,False
West Plains,2026-10-10,Trinity Academy,,,,,,,,,,False,False
West Plains,2026-10-13,Marshfield,,,,,3.49,1.09,,,,False,False
West Plains,2026-10-15,Waynesville,,,,,2.37,2.2,,,,False,False
West Plains,2026-10-20,Hillcrest,,,,,3.86,1.76,,,,False,False
West Plains,2026-10-22,Springfield Catholic,,,,,0.78,4.66,,,,False,False
West Plains,2026-10-29,Carl Junction,,,,,2.72,2.33,,,,False,False
Westminster Christian Academy,2026-08-28,Lutheran South,,2,3,L,2.96,1.8,-0.96,-1.2,-2.16,False,False
Westminster Christian Academy,2026-09-01,Principia,,1,2,L,1.58,1.56,-0.58,-0.44,-1.02,False,False
Westminster Christian Academy,2026-09-03,Whitfield,,4,1,W,3.54,1.26,0.46,0.26,0.72,False,False
Westminster Christian Academy,2026-09-08,Pattonville,,1,3,L,2.38,2.62,-1.38,-0.38,-1.76,False,False
Westminster Christian Academy,2026-09-15,Priory,,2,3,L,1.05,2.66,0.95,-0.34,0.62,False,False
Westminster Christian Academy,2026-09-17,Lutheran South,,6,1,W,2.96,1.8,3.04,0.8,3.84,False,False
Westminster Christian Academy,2026-09-22,Orchard Farm,,1,0,W,1.18,1.59,-0.18,1.59,1.41,False,False
Westminster Christian Academy,2026-09-25,Lutheran North,,8,0,W,7.71,-0.93,0.29,-0.93,-0.64,False,False
Westminster Christian Academy,2026-09-29,Principia,,0,2,L,1.58,1.56,-1.58,-0.44,-2.02,False,False
Westminster Christian Academy,2026-10-01,St. Dominic,,2,3,L,-0.33,3.65,2.33,0.65,2.98,False,False
Westminster Christian Academy,2026-10-02,Lutheran St. Charles,,,,,2.63,1.39,,,,False,False
Westminster Christian Academy,2026-10-06,John Burroughs,,,,,0.93,3.73,,,,False,False
Westminster Christian Academy,2026-10-08,MICDS,,,,,1.98,1.85,,,,False,False
Westminster Christian Academy,2026-10-09,Parkway Central,,,,,1.61,1.43,,,,False,False
Westminster Christian Academy,2026-10-13,Lafayette (Wildwood),,,,,1.46,4.24,,,,False,False
Westminster Christian Academy,2026-10-15,Ft. Zumwalt East,,,,,1.62,1.3,,,,False,False
Westminster Christian Academy,2026-10-20,Whitfield,,,,,3.54,1.26,,,,False,False
Westminster Christian Academy,2026-10-22,Bishop DuBourg,,,,,5.36,-0.22,,,,False,False
Westminster Christian Academy,2026-10-29,Ladue Horton Watkins,,,,,0.72,3.69,,,,False,False
Westwood Baptist Sr.,2026-09-03,Kennett,,0,5,L,,,,,,False,False
Westwood Baptist Sr.,2026-09-15,Dexter,,1,8,L,,,,,,False,False
Westwood Baptist Sr.,2026-10-19,Dexter,,,,,,,,,,False,False
Whitfield,2026-08-28,John Burroughs,,0,8,L,-0.11,4.96,0.11,-3.04,-2.92,False,False
Whitfield,2026-09-01,Parkway Central,,0,5,L,0.57,2.66,-0.57,-2.34,-2.91,False,False
Whitfield,2026-09-03,Westminster Christian Academy,,1,4,L,1.26,3.54,-0.26,-0.46,-0.72,False,False
Whitfield,2026-09-11,St. Charles West,,0,1,L,2.63,0.88,-2.63,-0.12,-2.75,False,False
Whitfield,2026-09-14,Lutheran South,,4,3,W,1.91,3.03,2.09,0.03,2.12,False,False
Whitfield,2026-09-16,Collegiate School of Med-Bio Science with McKinley Classical Leadership,,3,1,W,3.18,1.2,-0.18,0.2,0.02,False,False
Whitfield,2026-09-17,Lutheran St. Charles,,1,0,W,1.59,2.62,-0.59,2.62,2.04,False,False
Whitfield,2026-09-22,Duchesne,,7,3,W,3.21,1.65,3.79,-1.35,2.43,False,False
Whitfield,2026-09-24,Priory,,1,2,L,-0.0,3.9,1.0,1.9,2.9,False,False
Whitfield,2026-09-25,Parkway North,,0,1,L,1.92,2.47,-1.92,1.47,-0.45,False,False
Whitfield,2026-09-28,University City,,3,1,W,3.98,0.92,-0.98,-0.08,-1.06,False,False
Whitfield,2026-09-29,John Burroughs,,1,8,L,-0.11,4.96,1.11,-3.04,-1.92,False,False
Whitfield,2026-10-08,Principia,,,,,0.54,2.8,,,,False,False
Whitfield,2026-10-09,Lutheran North,,,,,6.66,0.31,,,,False,False
Whitfield,2026-10-12,Brentwood,,,,,3.11,1.39,,,,False,False
Whitfield,2026-10-19,St. Mary's South Side,,,,,2.25,3.5,,,,False,False
Whitfield,2026-10-20,Westminster Christian Academy,,,,,1.26,3.54,,,,False,False
Whitfield,2026-10-23,MICDS,,,,,0.93,3.09,,,,False,False
Whitfield,2026-10-28,Veritas Christian Academy,,,,,1.16,2.59,,,,False,False
Whitfield,2026-10-29,Bayless,,,,,1.78,2.84,,,,False,False
"Wichita SE(Wichita, KS)",2026-10-10,SLUH,,,,,,,,,,False,False
Willard,2026-08-28,Logan-Rogersville,,0,4,L,-0.38,4.55,0.38,0.55,0.93,False,False
Willard,2026-09-01,Kickapoo,,3,2,W,1.65,2.55,1.35,0.55,1.89,False,False
Willard,2026-09-03,Greenwood,,2,1,W,1.48,1.54,0.52,0.54,1.07,False,False
Willard,2026-09-04,New Covenant Academy,,2,1,W,2.13,0.95,-0.13,-0.05,-0.18,False,False
Willard,2026-09-08,Marshfield,,1,0,W,2.55,0.41,-1.55,0.41,-1.14,False,False
Willard,2026-09-10,Hillcrest,,3,2,W,2.92,1.08,0.08,-0.92,-0.84,False,False
Willard,2026-09-11,Cassville,,1,1,T,1.37,0.96,-0.37,-0.04,-0.41,False,False
Willard,2026-09-12,Central (Springfield),,0,3,L,1.08,2.21,-1.08,-0.79,-1.87,False,False
Willard,2026-09-15,Parkview,,1,2,L,1.82,2.39,-0.82,0.39,-0.43,False,False
Willard,2026-09-18,Bolivar,,1,0,W,1.42,1.98,-0.42,1.98,1.56,False,False
Willard,2026-09-18,New Heights Christian with McAuley Catholic,,2,1,W,1.35,0.76,0.65,-0.24,0.41,False,False
Willard,2026-09-19,Sikeston,,0,6,L,-0.68,4.68,0.68,-1.32,-0.64,False,False
Willard,2026-09-22,Ozark,,0,8,L,0.35,4.16,-0.35,-3.84,-4.19,False,False
Willard,2026-09-24,Nixa,,0,8,L,-1.26,4.91,1.26,-3.09,-1.83,False,False
Willard,2026-09-29,Glendale,,0,6,L,-1.27,4.78,1.27,-1.22,0.05,False,False
Willard,2026-10-01,Waynesville,,2,1,W,1.43,1.52,0.57,0.52,1.1,False,False
Willard,2026-10-06,Oak Park,,,,,0.85,2.41,,,,False,False
Willard,2026-10-07,St. Pius X (Kansas City),,,,,1.87,3.41,,,,False,False
Willard,2026-10-08,Lebanon,,,,,2.23,1.83,,,,False,False
Willard,2026-10-13,Republic,,,,,0.39,1.64,,,,False,False
Willard,2026-10-15,Joplin,,,,,0.48,2.29,,,,False,False
Willard,2026-10-20,Neosho,,,,,0.89,2.27,,,,False,False
Willard,2026-10-22,Webb City,,,,,1.79,0.86,,,,False,False
Willard,2026-10-27,Carthage,,,,,-0.56,3.2,,,,False,False
William Chrisman,2026-08-27,Center,,0,1,L,1.41,2.67,-1.41,1.67,0.26,False,False
William Chrisman,2026-09-01,Oak Grove,,1,2,L,1.03,1.89,-0.03,-0.11,-0.14,False,False
William Chrisman,2026-09-02,Odessa,,3,2,W,3.18,0.14,-0.18,-1.86,-2.04,False,False
William Chrisman,2026-09-09,Truman,,,,,2.12,2.44,,,,False,False
William Chrisman,2026-09-15,Van Horn,,0,4,L,-1.89,5.66,1.89,1.66,3.55,False,False
William Chrisman,2026-09-16,Marshall,,0,1,L,-0.77,3.36,0.77,2.36,3.13,False,False
William Chrisman,2026-09-17,Guadalupe Centers Charter,,1,0,W,1.4,1.47,-0.4,1.47,1.07,False,False
William Chrisman,2026-09-21,Fort Osage,,1,5,L,-0.66,3.37,1.66,-1.63,0.03,False,False
William Chrisman,2026-09-22,Oak Park,,1,2,L,0.1,2.65,0.9,0.65,1.55,False,False
William Chrisman,2026-09-29,Lone Jack,,2,4,L,1.94,1.07,0.06,-2.93,-2.86,False,False
William Chrisman,2026-09-30,Ruskin,,,,,3.41,-0.01,,,,False,False
William Chrisman,2026-10-05,Raytown South,,,,,4.08,-0.69,,,,False,False
William Chrisman,2026-10-07,Grandview,,,,,1.08,2.07,,,,False,False
William Chrisman,2026-10-08,Smith-Cotton,,,,,0.28,3.55,,,,False,False
William Chrisman,2026-10-12,Belton,,,,,0.57,2.89,,,,False,False
William Chrisman,2026-10-14,Platte County,,,,,1.02,2.49,,,,False,False
William Chrisman,2026-10-19,Raytown,,,,,3.03,4.36,,,,False,False
William Chrisman,2026-10-21,Winnetonka,,,,,2.05,1.23,,,,False,False
William Chrisman,2026-10-26,Grain Valley,,,,,0.08,3.41,,,,False,False
Windsor (Imperial),2026-09-01,Union,,2,3,L,0.51,1.63,1.49,-1.37,0.11,False,False
Windsor (Imperial),2026-09-03,Hillsboro,,1,0,W,2.15,1.56,-1.15,1.56,0.41,False,False
Windsor (Imperial),2026-09-08,Perryville,,0,1,L,0.61,3.25,-0.61,2.25,1.64,False,False
Windsor (Imperial),2026-09-10,Festus,,1,0,W,1.58,0.32,-0.58,0.32,-0.25,False,False
Windsor (Imperial),2026-09-15,Fox,,0,1,L,1.0,1.79,-1.0,0.79,-0.21,False,False
Windsor (Imperial),2026-09-21,Valley Park,,1,2,L,0.1,1.25,0.9,-0.75,0.15,False,False
Windsor (Imperial),2026-09-22,Fredericktown,,4,0,W,2.33,1.06,1.67,1.06,2.73,False,False
Windsor (Imperial),2026-09-29,Festus,,1,2,L,1.58,0.32,-0.58,-1.68,-2.25,False,False
Windsor (Imperial),2026-10-01,Hillsboro,,2,3,L,2.15,1.56,-0.15,-1.44,-1.59,False,False
Windsor (Imperial),2026-10-06,Lutheran South,,,,,0.03,3.47,,,,False,False
Windsor (Imperial),2026-10-13,Bishop DuBourg,,,,,2.43,1.46,,,,False,False
Windsor (Imperial),2026-10-15,Sullivan,,,,,1.2,2.01,,,,False,False
Windsor (Imperial),2026-10-19,DeSoto,,,,,2.25,2.65,,,,False,False
Windsor (Imperial),2026-10-20,Central (Cape Girardeau),,,,,0.59,0.75,,,,False,False
Windsor (Imperial),2026-10-26,DeSoto,,,,,2.25,2.65,,,,False,False
Windsor (Imperial),2026-10-28,North County,,,,,3.68,-0.34,,,,False,False
Windsor (Imperial),2026-10-29,Perryville,,,,,0.61,3.25,,,,False,False
Winfield,2026-08-27,Wright City,,3,2,W,2.82,1.03,0.18,-0.97,-0.79,False,False
Winfield,2026-09-01,Orchard Farm,,0,6,L,-1.24,4.13,1.24,-1.87,-0.63,False,False
Winfield,2026-09-03,St. Charles,,0,5,L,-0.51,6.52,0.51,1.52,2.02,False,False
Winfield,2026-09-08,Holt,,2,4,L,1.83,2.93,0.17,-1.07,-0.91,False,False
Winfield,2026-09-10,Canton,,5,0,W,6.31,0.87,-1.31,0.87,-0.43,False,False
Winfield,2026-09-15,St. Charles West,,1,0,W,1.25,2.18,-0.25,2.18,1.93,False,False
Winfield,2026-09-23,Wright City,,1,0,W,2.82,1.03,-1.82,1.03,-0.79,False,False
Winfield,2026-09-24,Mexico,,4,0,W,4.5,0.66,-0.5,0.66,0.16,False,False
Winfield,2026-09-26,Elsberry,,4,0,W,3.38,0.19,0.62,0.19,0.81,False,False
Winfield,2026-09-28,Hazelwood East,,8,0,W,,,,,,False,False
Winfield,2026-09-30,Hazelwood Central,,4,1,W,,,,,,False,False
Winfield,2026-10-02,Collegiate School of Med-Bio Science with McKinley Classical Leadership,,3,4,L,1.8,2.5,1.2,-1.5,-0.3,False,False
Winfield,2026-10-05,Veritas Christian Academy,,,,,-0.21,3.9,,,,False,False
Winfield,2026-10-07,Union,,,,,1.02,2.49,,,,False,False
Winfield,2026-10-12,Washington,,,,,1.18,3.1,,,,False,False
Winfield,2026-10-13,Elsberry,,,,,3.38,0.19,,,,False,False
Winfield,2026-10-16,Warrenton,,,,,1.17,4.08,,,,False,False
Winfield,2026-10-19,Pacific,,,,,1.63,1.87,,,,False,False
Winfield,2026-10-20,Fulton,,,,,2.97,1.07,,,,False,False
Winfield,2026-10-22,Elsberry,,,,,3.38,0.19,,,,False,False
Winfield,2026-10-22,Hazelwood West,,,,,,,,,,False,False
Winfield,2026-10-26,Hannibal,,,,,2.0,3.22,,,,False,False
Winfield,2026-10-28,Duchesne,,,,,1.84,2.95,,,,False,False
Winnetonka,2026-09-01,Fort Osage,,1,3,L,-0.52,4.32,1.52,1.32,2.85,False,False
Winnetonka,2026-09-02,North Kansas City,,0,8,L,0.21,3.91,-0.21,-4.09,-4.3,False,False
Winnetonka,2026-09-09,Fort Osage,,0,3,L,-0.52,4.32,0.52,1.32,1.85,False,False
Winnetonka,2026-09-10,Oak Park,,1,3,L,0.24,3.61,0.76,0.61,1.37,False,False
Winnetonka,2026-09-16,Raytown,,,,,3.17,5.32,,,,False,False
Winnetonka,2026-09-21,Belton,,1,2,L,0.71,3.85,0.29,1.85,2.14,False,False
Winnetonka,2026-09-28,Kearney,,1,4,L,2.19,3.67,-1.19,-0.33,-1.53,False,False
Winnetonka,2026-09-29,Platte County,,,,,1.16,3.44,,,,False,False
Winnetonka,2026-09-30,Platte County,,,,,1.16,3.44,,,,False,False
Winnetonka,2026-10-07,Truman,,,,,2.26,3.4,,,,False,False
Winnetonka,2026-10-12,Grandview,,,,,1.21,3.03,,,,False,False
Winnetonka,2026-10-14,Ruskin,,,,,3.55,0.95,,,,False,False
Winnetonka,2026-10-19,Raytown South,,,,,4.22,0.26,,,,False,False
Winnetonka,2026-10-21,William Chrisman,,,,,1.23,2.05,,,,False,False
Winnetonka,2026-10-22,Central (St. Joseph),,,,,-0.31,3.66,,,,False,False
Winnetonka,2026-10-27,Smithville,,,,,0.34,2.84,,,,False,False
Winnetonka,2026-10-29,North Kansas City,,,,,0.21,3.91,,,,False,False
Wright City,2026-08-27,Winfield,,2,3,L,1.03,2.82,0.97,-0.18,0.79,False,False
Wright City,2026-08-31,Sullivan,,1,7,L,0.31,3.27,0.69,-3.73,-3.04,False,False
Wright City,2026-09-03,Christian Fellowship Sr. with Hallsville,,1,2,L,1.64,2.0,-0.64,0.0,-0.63,False,False
Wright City,2026-09-08,Duchesne,,0,4,L,0.45,3.35,-0.45,-0.65,-1.1,False,False
Wright City,2026-09-09,Pacific,,3,1,W,0.23,2.27,2.77,1.27,4.04,False,False
Wright City,2026-09-14,Liberty Christian Sr.,,8,0,W,,,,,,False,False
Wright City,2026-09-16,St. Louis United,,1,3,L,,,,,,False,False
Wright City,2026-09-17,Fulton,,,,,1.57,1.46,,,,False,False
Wright City,2026-09-22,Holt,,1,2,L,0.44,3.32,0.56,1.32,1.89,False,False
Wright City,2026-09-23,Winfield,,0,1,L,1.03,2.82,-1.03,1.82,0.79,False,False
Wright City,2026-09-24,Elsberry,,1,0,W,1.99,0.59,-0.99,0.59,-0.4,False,False
Wright City,2026-09-26,Mexico,,1,0,W,3.11,1.05,-2.11,1.05,-1.05,False,False
Wright City,2026-09-30,Southern Boone,,1,9,L,-0.42,4.15,1.42,-4.85,-3.43,False,False
Wright City,2026-10-01,North Point,,0,8,L,-1.31,6.01,1.31,-1.99,-0.68,False,False
Wright City,2026-10-06,Hazelwood East,,,,,,,,,,False,False
Wright City,2026-10-07,Veritas Christian Academy,,,,,-1.61,4.29,,,,False,False
Wright City,2026-10-08,Elsberry,,,,,1.99,0.59,,,,False,False
Wright City,2026-10-12,Warrenton,,,,,-0.22,4.47,,,,False,False
Wright City,2026-10-14,Union,,,,,-0.38,2.89,,,,False,False
Wright City,2026-10-19,Hancock,,,,,0.53,2.0,,,,False,False
Wright City,2026-10-20,Mexico,,,,,3.11,1.05,,,,False,False
Wright City,2026-10-22,St. Charles,,,,,-1.9,6.91,,,,False,False
Wright City,2026-10-27,Valley Park,,,,,-0.79,2.51,,,,False,False
Wright City,2026-10-28,Festus,,,,,0.69,1.58,,,,False,False
"gardner - edgerton(gardner, KS)",2026-09-19,Liberty North,,3,2,W,,,,,,False,False
